cst_file	cst_paranum	pts_ref	nikaya	work	number	title
romn/s0101m.mul.xml	1	D i 1,7	DN	D	1	Brahmajāla
romn/s0101m.mul.xml	150	D i 47,3	DN	D	2	Sāmaññaphala
romn/s0101m.mul.xml	254	D i 87,3	DN	D	3	Ambaṭṭha
romn/s0101m.mul.xml	300	D i 111,3	DN	D	4	Soṇadaṇḍa
romn/s0101m.mul.xml	323	D i 127,3	DN	D	5	Kūṭadanta
romn/s0101m.mul.xml	359	D i 150,3	DN	D	6	Mahāli
romn/s0101m.mul.xml	378	D i 159,3	DN	D	7	Jāliya
romn/s0101m.mul.xml	381	D i 161,2	DN	D	8	Kassapasīhanāda
romn/s0101m.mul.xml	406	D i 178,3	DN	D	9	Poṭṭhapāda
romn/s0101m.mul.xml	444	D i 204,3	DN	D	10	Subha
romn/s0101m.mul.xml	481	D i 211,3	DN	D	11	Kevaṭṭa
romn/s0101m.mul.xml	501	D i 224,3	DN	D	12	Lohicca
romn/s0101m.mul.xml	518	D i 235,3	DN	D	13	Tevijja
romn/s0102m.mul.xml	1	D ii 1,5	DN	D	14	Mahāpadāna
romn/s0102m.mul.xml	95	D ii 55,3	DN	D	15	Mahānidāna
romn/s0102m.mul.xml	131	D ii 72	DN	D	16	Mahāparinibbāna
romn/s0102m.mul.xml	241	D ii 169,3	DN	D	17	Mahāsudassana
romn/s0102m.mul.xml	273	D ii 200	DN	D	18	Janavasabha
romn/s0102m.mul.xml	293	D ii 220	DN	D	19	Mahāgovinda
romn/s0102m.mul.xml	331	D ii 253,3	DN	D	20	Mahāsamaya
romn/s0102m.mul.xml	344	D ii 263,3	DN	D	21	Sakkapañha
romn/s0102m.mul.xml	372	D ii 290	DN	D	22	Mahāsatipaṭṭhāna
romn/s0102m.mul.xml	406	D ii 316	DN	D	23	Pāyāsi
romn/s0103m.mul.xml	1	D iii 1,4	DN	D	24	Pāṭika
romn/s0103m.mul.xml	49	D iii 36	DN	D	25	Udumbarika-sīhanāda
romn/s0103m.mul.xml	80	D iii 58,2	DN	D	26	Cakkavatti-sīhanāda
romn/s0103m.mul.xml	111	D iii 80	DN	D	27	Aggañña
romn/s0103m.mul.xml	141	D iii 99	DN	D	28	Sampasādanīya
romn/s0103m.mul.xml	164	D iii 117	DN	D	29	Pāsādika
romn/s0103m.mul.xml	198	D iii 142	DN	D	30	Lakkhaṇa
romn/s0103m.mul.xml	242	D iii 180	DN	D	31	Siṅgālovāda
romn/s0103m.mul.xml	275	D iii 194	DN	D	32	Āṭānāṭiya
romn/s0103m.mul.xml	296	D iii 207	DN	D	33	Saṅgīti
romn/s0103m.mul.xml	350	D iii 272	DN	D	34	Dasuttara
romn/s0201m.mul.xml	1	M i 1,3	MN	M	1	Mūlapariyāya
romn/s0201m.mul.xml	14	M i 6,28	MN	M	2	Sabbāsava
romn/s0201m.mul.xml	29	M i 12,13	MN	M	3	Dhammadāyāda
romn/s0201m.mul.xml	34	M i 16,15	MN	M	4	Bhayabherava
romn/s0201m.mul.xml	57	M i 24,12	MN	M	5	Anaṅgaṇa
romn/s0201m.mul.xml	64	M i 33	MN	M	6	Ākaṅkheyya
romn/s0201m.mul.xml	70	M i 36,12	MN	M	7	Vatthūpama
romn/s0201m.mul.xml	81	M i 40,11	MN	M	8	Sallekha
romn/s0201m.mul.xml	89	M i 46,16	MN	M	9	Sammādiṭṭhi
romn/s0201m.mul.xml	105	M i 55,28	MN	M	10	Satipaṭṭhāna
romn/s0201m.mul.xml	139	M i 63,25	MN	M	11	Cūḷasīhanāda
romn/s0201m.mul.xml	146	M i 68,5	MN	M	12	Mahāsīhanāda
romn/s0201m.mul.xml	163	M i 83,30	MN	M	13	Mahādukkhakkhandha
romn/s0201m.mul.xml	175	M i 91	MN	M	14	Cūḷadukkhakkhandha
romn/s0201m.mul.xml	181	M i 95,7	MN	M	15	Anumāna
romn/s0201m.mul.xml	185	M i 101	MN	M	16	Cetokhīla
romn/s0201m.mul.xml	190	M i 104,18	MN	M	17	Vanapattha
romn/s0201m.mul.xml	199	M i 108,14	MN	M	18	Madhupiṇḍika
romn/s0201m.mul.xml	206	M i 114,21	MN	M	19	Dvedhāvitakka
romn/s0201m.mul.xml	216	M i 118,30	MN	M	20	Vitakkasaṇṭhāna
romn/s0201m.mul.xml	222	M i 122,11	MN	M	21	Kakacūpama
romn/s0201m.mul.xml	234	M i 130	MN	M	22	Alagaddūpama
romn/s0201m.mul.xml	249	M i 142,13	MN	M	23	Vammika
romn/s0201m.mul.xml	252	M i 145,13	MN	M	24	Rathavinīta
romn/s0201m.mul.xml	261	M i 151,8	MN	M	25	Nivāpa
romn/s0201m.mul.xml	272	M i 160,17	MN	M	26	Ariyapariyesana
romn/s0201m.mul.xml	288	M i 175,14	MN	M	27	Cūḷahatthipadopama
romn/s0201m.mul.xml	300	M i 184,22	MN	M	28	Mahāhatthipadopama
romn/s0201m.mul.xml	307	M i 192	MN	M	29	Mahāsāropama
romn/s0201m.mul.xml	312	M i 198	MN	M	30	Cūḷasāropama
romn/s0201m.mul.xml	325	M i 205,16	MN	M	31	Cūḷagosiṅga
romn/s0201m.mul.xml	332	M i 212	MN	M	32	Mahāgosiṅga
romn/s0201m.mul.xml	346	M i 220	MN	M	33	Mahāgopālaka
romn/s0201m.mul.xml	350	M i 225	MN	M	34	Cūḷagopālaka
romn/s0201m.mul.xml	353	M i 227,16	MN	M	35	Cūḷasaccaka
romn/s0201m.mul.xml	364	M i 237,6	MN	M	36	Mahāsaccaka
romn/s0201m.mul.xml	390	M i 251,13	MN	M	37	Cūḷataṇhāsaṅkhaya
romn/s0201m.mul.xml	396	M i 256,11	MN	M	38	Mahātaṇhāsaṅkhaya
romn/s0201m.mul.xml	415	M i 271,7	MN	M	39	Mahā-Assapura
romn/s0201m.mul.xml	435	M i 281	MN	M	40	Cūḷa-Assapura
romn/s0201m.mul.xml	439	M i 285	MN	M	41	Saleyyaka
romn/s0201m.mul.xml	444	M i 290,13	MN	M	42	Verañjaka
romn/s0201m.mul.xml	449	M i 292	MN	M	43	Mahāvedalla
romn/s0201m.mul.xml	460	M i 299	MN	M	44	Cūḷavedalla
romn/s0201m.mul.xml	468	M i 305,7	MN	M	45	Cūḷadhammasamādāna
romn/s0201m.mul.xml	473	M i 309,22	MN	M	46	Mahādhammasamādāna
romn/s0201m.mul.xml	487	M i 317,21	MN	M	47	Vīmaṁsaka
romn/s0201m.mul.xml	491	M i 320,27	MN	M	48	Kosambiya
romn/s0201m.mul.xml	501	M i 326	MN	M	49	Brahmanimantani.
romn/s0201m.mul.xml	506	M i 332	MN	M	50	Maratajjaniya
romn/s0202m.mul.xml	1	M i 339	MN	M	51	Kandaraka
romn/s0202m.mul.xml	17	M i 349,8	MN	M	52	Aṭṭhakanāgara
romn/s0202m.mul.xml	22	M i 353,18	MN	M	53	Sekha
romn/s0202m.mul.xml	31	M i 359,5	MN	M	54	Potaliya
romn/s0202m.mul.xml	51	M i 368,17	MN	M	55	Jīvaka
romn/s0202m.mul.xml	56	M i 371,25	MN	M	56	Upāli
romn/s0202m.mul.xml	78	M i 387,9	MN	M	57	Kukkuravatika
romn/s0202m.mul.xml	83	M i 392,10	MN	M	58	Abhayarājakumāra
romn/s0202m.mul.xml	88	M i 396,24	MN	M	59	Bahuvedanīya
romn/s0202m.mul.xml	92	M i 400,27	MN	M	60	Apaṇṇaka
romn/s0202m.mul.xml	107	M i 414	MN	M	61	Ambalaṭṭhikārāhulovāda
romn/s0202m.mul.xml	113	M i 420,27	MN	M	62	Mahārahulovada
romn/s0202m.mul.xml	122	M i 426,7	MN	M	63	Cūḷamaluṅkya
romn/s0202m.mul.xml	129	M i 432,7	MN	M	64	Mahāmāluṅkya
romn/s0202m.mul.xml	134	M i 437,15	MN	M	65	Bhaddāli
romn/s0202m.mul.xml	148	M i 447,11	MN	M	66	Laṭukikopama
romn/s0202m.mul.xml	157	M i 456,14	MN	M	67	Cātuma
romn/s0202m.mul.xml	166	M i 462,24	MN	M	68	Naḷakapāna
romn/s0202m.mul.xml	173	M i 469	MN	M	69	Gulissāni
romn/s0202m.mul.xml	174	M i 473,6	MN	M	70	Kiṭāgiri
romn/s0202m.mul.xml	185	M i 481,14	MN	M	71	Tevijja-vacchagottann
romn/s0202m.mul.xml	187	M i 483,28	MN	M	72	Aggivacchagotta
romn/s0202m.mul.xml	193	M i 489,8	MN	M	73	Mahāvacchagotta
romn/s0202m.mul.xml	201	M i 497,21	MN	M	74	Dīghanakha
romn/s0202m.mul.xml	207	M i 501,23	MN	M	75	Māgandiya
romn/s0202m.mul.xml	223	M i 513,12	MN	M	76	Sandaka
romn/s0202m.mul.xml	237	M ii 1	MN	M	77	Mahāsakuludāyi
romn/s0202m.mul.xml	260	M ii 22,26	MN	M	78	Samaṇamaṇḍikā
romn/s0202m.mul.xml	269	M ii 29,17	MN	M	79	Cūḷasakuludāyi
romn/s0202m.mul.xml	278	M ii 40	MN	M	80	Vekhanassa
romn/s0202m.mul.xml	282	M ii 45	MN	M	81	Ghaṭikāra
romn/s0202m.mul.xml	293	M ii 54,24	MN	M	82	Raṭṭhapala
romn/s0202m.mul.xml	308	M ii 74,15	MN	M	83	Makhādeva
romn/s0202m.mul.xml	317	M ii 83,16	MN	M	84	Madhura
romn/s0202m.mul.xml	324	M ii 91	MN	M	85	Bodhirajakumāra
romn/s0202m.mul.xml	347	M ii 97,23	MN	M	86	Aṅgulimāla
romn/s0202m.mul.xml	353	M ii 106	MN	M	87	Piyajātika
romn/s0202m.mul.xml	358	M ii 112,10	MN	M	88	Bāhitika
romn/s0202m.mul.xml	364	M ii 118	MN	M	89	Dhammacetiya
romn/s0202m.mul.xml	375	M ii 125,8	MN	M	90	Kaṇṇakatthala
romn/s0202m.mul.xml	383	M ii 133,10	MN	M	91	Brahmāyu
romn/s0202m.mul.xml	396	M ii 146,23	MN	M	92	Sela
romn/s0202m.mul.xml	401	M ii 147	MN	M	93	Assalāyana
romn/s0202m.mul.xml	412	M ii 157,23	MN	M	94	Ghoṭamukha
romn/s0202m.mul.xml	422	M ii 164	MN	M	95	Caṅkī
romn/s0202m.mul.xml	436	M ii 177,16	MN	M	96	Esukāri
romn/s0202m.mul.xml	445	M ii 184,26	MN	M	97	Dhānañjāni
romn/s0202m.mul.xml	454	M ii 196,10	MN	M	98	Vāseṭṭha
romn/s0202m.mul.xml	462	M ii 196,15	MN	M	99	Subha
romn/s0202m.mul.xml	473	M ii 209,20	MN	M	100	Saṅgārava
romn/s0203m.mul.xml	1	M ii 214	MN	M	101	Devadaha
romn/s0203m.mul.xml	21	M ii 228,9	MN	M	102	Pañcattaya
romn/s0203m.mul.xml	34	M ii 238,8	MN	M	103	Kinti
romn/s0203m.mul.xml	41	M ii 243,17	MN	M	104	Sāmagāma
romn/s0203m.mul.xml	55	M ii 252	MN	M	105	Sunakkhatta
romn/s0203m.mul.xml	66	M ii 261,21	MN	M	106	Āneñjasappāya
romn/s0203m.mul.xml	74	M iii 1	MN	M	107	Gaṇakamoggallāna
romn/s0203m.mul.xml	79	M iii 7,13	MN	M	108	Gopakamoggallāna
romn/s0203m.mul.xml	85	M iii 15,18	MN	M	109	Mahāpuṇṇama
romn/s0203m.mul.xml	91	M iii 20,27	MN	M	110	Cūlapuṇṇma
romn/s0203m.mul.xml	93	M iii 25	MN	M	111	Anupada
romn/s0203m.mul.xml	98	M iii 29,20	MN	M	112	Chabbisodhana
romn/s0203m.mul.xml	105	M iii 37,7	MN	M	113	Sappurisa
romn/s0203m.mul.xml	109	M iii 45,10	MN	M	114	Sevitabbasevitabba
romn/s0203m.mul.xml	124	M iii 61,5	MN	M	115	Bahudhātuka
romn/s0203m.mul.xml	133	M iii 68	MN	M	116	Isigili
romn/s0203m.mul.xml	136	M iii 71,9	MN	M	117	Mahācattārīsaka
romn/s0203m.mul.xml	144	M iii 78,21	MN	M	118	Ānāpānasati
romn/s0203m.mul.xml	153	M iii 88,16	MN	M	119	Kāyagatāsati
romn/s0203m.mul.xml	160	M iii 99,15	MN	M	120	Saṅkhārupapatti
romn/s0203m.mul.xml	176	M iii 104	MN	M	121	Cūḷasuññata
romn/s0203m.mul.xml	185	M iii 109,20	MN	M	122	Mahāsuññata
romn/s0203m.mul.xml	197	M iii 118,10	MN	M	123	Acchariya-abbhuta
romn/s0203m.mul.xml	209	M iii 124,26	MN	M	124	Bakkula
romn/s0203m.mul.xml	213	M iii 128,8	MN	M	125	Dantabhūmi
romn/s0203m.mul.xml	223	M iii 138	MN	M	126	Bhūmija
romn/s0203m.mul.xml	229	M iii 144,26	MN	M	127	Anuruddha
romn/s0203m.mul.xml	236	M iii 152,25	MN	M	128	Upakkilesa
romn/s0203m.mul.xml	246	M iii 163	MN	M	129	Bālapaṇḍita
romn/s0203m.mul.xml	261	M iii 178,17	MN	M	130	Devadūta
romn/s0203m.mul.xml	272	M iii 187,15	MN	M	131	Bhaddekaratta
romn/s0203m.mul.xml	276	M iii 189,27	MN	M	132	Ānandabhaddekaratta
romn/s0203m.mul.xml	279	M iii 192	MN	M	133	Mahākaccanabhaddekaratta
romn/s0203m.mul.xml	286	M iii 199,20	MN	M	134	Lomasakaṅgiyabhaddekaratta
romn/s0203m.mul.xml	289	M iii 202,12	MN	M	135	Cūḷakammavibhaṅga
romn/s0203m.mul.xml	298	M iii 207	MN	M	136	Mahākammavibhaṅga
romn/s0203m.mul.xml	304	M iii 215,22	MN	M	137	Saḷāyatanavibhaṅga
romn/s0203m.mul.xml	313	M iii 223	MN	M	138	Uddesavibhaṅga
romn/s0203m.mul.xml	323	M iii 230	MN	M	139	Araṇavibhaṅga
romn/s0203m.mul.xml	342	M iii 237,22	MN	M	140	Dhātuvibhaṅga
romn/s0203m.mul.xml	371	M iii 248	MN	M	141	Saccavibhaṅga
romn/s0203m.mul.xml	376	M iii 253	MN	M	142	Dakkhiṇāvibhaṅga
romn/s0203m.mul.xml	383	M iii 258	MN	M	143	Anāthapiṇḍikovāda
romn/s0203m.mul.xml	389	M iii 263,15	MN	M	144	Channovāda
romn/s0203m.mul.xml	395	M iii 267	MN	M	145	Puṇṇovāda
romn/s0203m.mul.xml	398	M iii 270,10	MN	M	146	Nandakovāda
romn/s0203m.mul.xml	416	M iii 277,24	MN	M	147	Cūḷarāhulovāda
romn/s0203m.mul.xml	420	M iii 280,14	MN	M	148	Chachakka
romn/s0203m.mul.xml	428	M iii 287,9	MN	M	149	Mahāsaḷāyatanika
romn/s0203m.mul.xml	434	M iii 290,26	MN	M	150	Nagaravindeyya
romn/s0203m.mul.xml	438	M iii 293,27	MN	M	151	Piṇḍapātapārisuddha
romn/s0203m.mul.xml	453	M iii 298	MN	M	152	Indriyabhāvana
romn/s0301m.mul.xml	1	S i 1,6	SN	S	1.1	Oghataraṇa
romn/s0301m.mul.xml	2	S i 2,1	SN	S	1.2	Nimokkha
romn/s0301m.mul.xml	3	S i 2,19	SN	S	1.3	Upanīya
romn/s0301m.mul.xml	4	S i 3,1	SN	S	1.4	Accenti
romn/s0301m.mul.xml	5	S i 3,12	SN	S	1.5	Katichinda
romn/s0301m.mul.xml	6	S i 3,19	SN	S	1.6	Jāgara
romn/s0301m.mul.xml	7	S i 4,1	SN	S	1.7	Appaṭividita
romn/s0301m.mul.xml	8	S i 4,8	SN	S	1.8	Susammuṭṭha
romn/s0301m.mul.xml	9	S i 4,15	SN	S	1.9	Mānakāma
romn/s0301m.mul.xml	10	S i 5,1	SN	S	1.10	Arañña
romn/s0301m.mul.xml	11	S i 5,16	SN	S	1.11	Nandana
romn/s0301m.mul.xml	12	S i 6,6	SN	S	1.12	Nandati
romn/s0301m.mul.xml	13	S i 6,14	SN	S	1.13	Natthiputtasama
romn/s0301m.mul.xml	14	S i 6,21	SN	S	1.14	Khattiya
romn/s0301m.mul.xml	15	S i 7,1	SN	S	1.15	Saṇamāna
romn/s0301m.mul.xml	16	S i 7,7	SN	S	1.16	Niddātandī
romn/s0301m.mul.xml	17	S i 7,12	SN	S	1.17	Dukkara
romn/s0301m.mul.xml	18	S i 7,21	SN	S	1.18	Hirī
romn/s0301m.mul.xml	19	S i 8,1	SN	S	1.19	Kuṭikā
romn/s0301m.mul.xml	20	S i 8,14	SN	S	1.20	Samiddhi
romn/s0301m.mul.xml	21	S i 13,5	SN	S	1.21	Satti
romn/s0301m.mul.xml	22	S i 13,10	SN	S	1.22	Phusati
romn/s0301m.mul.xml	23	S i 13,17	SN	S	1.23	Jaṭā
romn/s0301m.mul.xml	24	S i 14,1	SN	S	1.24	Manonivāraṇa
romn/s0301m.mul.xml	25	S i 14,9	SN	S	1.25	Arahanta
romn/s0301m.mul.xml	26	S i 15,5	SN	S	1.26	Pajjota
romn/s0301m.mul.xml	27	S i 15,13	SN	S	1.27	Sara
romn/s0301m.mul.xml	28	S i 15,19	SN	S	1.28	Mahaddhana
romn/s0301m.mul.xml	29	S i 16,1	SN	S	1.29	Catucakka
romn/s0301m.mul.xml	30	S i 16,6	SN	S	1.30	Eṇijaṅgha
romn/s0301m.mul.xml	31	S i 16,19	SN	S	1.31	Sabbhi
romn/s0301m.mul.xml	32	S i 18,4	SN	S	1.32	Macchari
romn/s0301m.mul.xml	33	S i 20,1	SN	S	1.33	Sādhu
romn/s0301m.mul.xml	34	S i 22,8	SN	S	1.34	Nasanti
romn/s0301m.mul.xml	35	S i 23,21	SN	S	1.35	Ujjhānasaññi
romn/s0301m.mul.xml	36	S i 25,7	SN	S	1.36	Saddhā
romn/s0301m.mul.xml	37	S i 26,1	SN	S	1.37	Samaya
romn/s0301m.mul.xml	38	S i 27,12	SN	S	1.38	Sakalika
romn/s0301m.mul.xml	39	S i 29,18	SN	S	1.39	Paṭhamapajjunnadhītu
romn/s0301m.mul.xml	40	S i 30,15	SN	S	1.40	Dutiyapajjunnadhītu
romn/s0301m.mul.xml	41	S i 31,22	SN	S	1.41	Āditta
romn/s0301m.mul.xml	42	S i 32,7	SN	S	1.42	Kiṃdada
romn/s0301m.mul.xml	43	S i 32,15	SN	S	1.43	Anna
romn/s0301m.mul.xml	44	S i 32,23	SN	S	1.44	Ekamūla
romn/s0301m.mul.xml	45	S i 33,1	SN	S	1.45	Anoma
romn/s0301m.mul.xml	46	S i 33,6	SN	S	1.46	Accharā
romn/s0301m.mul.xml	47	S i 33,15	SN	S	1.47	Vanaropa
romn/s0301m.mul.xml	48	S i 33,22	SN	S	1.48	Jetavana
romn/s0301m.mul.xml	49	S i 34,7	SN	S	1.49	Macchari
romn/s0301m.mul.xml	50	S i 35,5	SN	S	1.50	Ghaṭīkāra
romn/s0301m.mul.xml	51	S i 36,19	SN	S	1.51	Jarā
romn/s0301m.mul.xml	52	S i 36,24	SN	S	1.52	Ajarasā
romn/s0301m.mul.xml	53	S i 37,3	SN	S	1.53	Mitta
romn/s0301m.mul.xml	54	S i 37,10	SN	S	1.54	Vatthu
romn/s0301m.mul.xml	55	S i 37,15	SN	S	1.55	Paṭhamajana
romn/s0301m.mul.xml	56	S i 37,20	SN	S	1.56	Dutiyajana
romn/s0301m.mul.xml	57	S i 38,1	SN	S	1.57	Tatiyajana
romn/s0301m.mul.xml	58	S i 38,6	SN	S	1.58	Uppatha
romn/s0301m.mul.xml	59	S i 38,13	SN	S	1.59	Dutiya
romn/s0301m.mul.xml	60	S i 38,18	SN	S	1.60	Kavi
romn/s0301m.mul.xml	61	S i 39,2	SN	S	1.61	Nāma
romn/s0301m.mul.xml	62	S i 39,7	SN	S	1.62	Citta
romn/s0301m.mul.xml	63	S i 39,12	SN	S	1.63	Taṇhā
romn/s0301m.mul.xml	64	S i 39,17	SN	S	1.64	Saṃyojana
romn/s0301m.mul.xml	65	S i 39,22	SN	S	1.65	Bandhana
romn/s0301m.mul.xml	66	S i 40,3	SN	S	1.66	Attahata
romn/s0301m.mul.xml	67	S i 40,8	SN	S	1.67	Uḍḍita
romn/s0301m.mul.xml	68	S i 40,13	SN	S	1.68	Pihita
romn/s0301m.mul.xml	69	S i 40,18	SN	S	1.69	Icchā
romn/s0301m.mul.xml	70	S i 41,1	SN	S	1.70	Loka
romn/s0301m.mul.xml	71	S i 41,15	SN	S	1.71	Chetvā
romn/s0301m.mul.xml	72	S i 41,21	SN	S	1.72	Ratha
romn/s0301m.mul.xml	73	S i 42,3	SN	S	1.73	Vitta
romn/s0301m.mul.xml	74	S i 42,12	SN	S	1.74	Vuṭṭhi
romn/s0301m.mul.xml	75	S i 42,19	SN	S	1.75	Bhītā
romn/s0301m.mul.xml	76	S i 43,4	SN	S	1.76	Najīrati
romn/s0301m.mul.xml	77	S i 43,21	SN	S	1.77	Issariya
romn/s0301m.mul.xml	78	S i 44,1	SN	S	1.78	Kāma
romn/s0301m.mul.xml	79	S i 44,8	SN	S	1.79	Pātheyya
romn/s0301m.mul.xml	80	S i 44,15	SN	S	1.80	Pajjota
romn/s0301m.mul.xml	81	S i 44,24	SN	S	1.81	Araṇa
romn/s0301m.mul.xml	82	S i 46,3	SN	S	2.1	Paṭhamakassapa
romn/s0301m.mul.xml	83	S i 46,19	SN	S	2.2	Dutiyakassapa
romn/s0301m.mul.xml	84	S i 47,1	SN	S	2.3	Māgha
romn/s0301m.mul.xml	85	S i 47,13	SN	S	2.4	Māgadha
romn/s0301m.mul.xml	86	S i 47,23	SN	S	2.5	Dāmali
romn/s0301m.mul.xml	87	S i 48,8	SN	S	2.6	Kāmada
romn/s0301m.mul.xml	88	S i 48,27	SN	S	2.7	Pañcālacaṇḍa
romn/s0301m.mul.xml	89	S i 49,1	SN	S	2.8	Tāyana
romn/s0301m.mul.xml	90	S i 50,15	SN	S	2.9	Candima
romn/s0301m.mul.xml	91	S i 51,1	SN	S	2.10	Sūriya
romn/s0301m.mul.xml	92	S i 51,29	SN	S	2.11	Candimasa
romn/s0301m.mul.xml	93	S i 52,9	SN	S	2.12	Veṇḍu
romn/s0301m.mul.xml	94	S i 52,17	SN	S	2.13	Dīghalaṭṭhi
romn/s0301m.mul.xml	95	S i 52,29	SN	S	2.14	Nandana
romn/s0301m.mul.xml	96	S i 53,13	SN	S	2.15	Candana
romn/s0301m.mul.xml	97	S i 53,22	SN	S	2.16	Vāsudatta
romn/s0301m.mul.xml	98	S i 53,29	SN	S	2.17	Subrahma
romn/s0301m.mul.xml	99	S i 54,7	SN	S	2.18	Kakudha
romn/s0301m.mul.xml	100	S i 54,31	SN	S	2.19	Uttara
romn/s0301m.mul.xml	101	S i 55,9	SN	S	2.20	Anāthapiṇḍika
romn/s0301m.mul.xml	102	S i 56,19	SN	S	2.21	Siva
romn/s0301m.mul.xml	103	S i 57,10	SN	S	2.22	Khema
romn/s0301m.mul.xml	104	S i 57,25	SN	S	2.23	Serī
romn/s0301m.mul.xml	105	S i 60,1	SN	S	2.24	Ghaṭīkāra
romn/s0301m.mul.xml	106	S i 61,1	SN	S	2.25	Jantu
romn/s0301m.mul.xml	107	S i 61,18	SN	S	2.26	Rohitassa
romn/s0301m.mul.xml	108	S i 62,29	SN	S	2.27	Nanda
romn/s0301m.mul.xml	109	S i 63,7	SN	S	2.28	Nandivisāla
romn/s0301m.mul.xml	110	S i 63,14	SN	S	2.29	Susima
romn/s0301m.mul.xml	111	S i 65,27	SN	S	2.30	Nānātitthiyasāvaka
romn/s0301m.mul.xml	112	S i 68,3	SN	S	3.1	Dahara
romn/s0301m.mul.xml	113	S i 70,14	SN	S	3.2	Purisa
romn/s0301m.mul.xml	114	S i 71,1	SN	S	3.3	Jarāmaraṇa
romn/s0301m.mul.xml	115	S i 71,23	SN	S	3.4	Piya
romn/s0301m.mul.xml	116	S i 72,22	SN	S	3.5	Attarakkhita
romn/s0301m.mul.xml	117	S i 73,25	SN	S	3.6	Appaka
romn/s0301m.mul.xml	118	S i 74,13	SN	S	3.7	Aḍḍakaraṇa
romn/s0301m.mul.xml	119	S i 75,1	SN	S	3.8	Mallikā
romn/s0301m.mul.xml	120	S i 75,29	SN	S	3.9	Yañña
romn/s0301m.mul.xml	121	S i 76,30	SN	S	3.10	Bandhana
romn/s0301m.mul.xml	122	S i 77,25	SN	S	3.11	Sattajaṭila
romn/s0301m.mul.xml	123	S i 79,24	SN	S	3.12	Pañcarāja
romn/s0301m.mul.xml	124	S i 81,21	SN	S	3.13	Doṇapāka
romn/s0301m.mul.xml	125	S i 82,24	SN	S	3.14	Paṭhamasaṅgāma
romn/s0301m.mul.xml	126	S i 83,33	SN	S	3.15	Dutiyasaṅgāma
romn/s0301m.mul.xml	127	S i 86,1	SN	S	3.16	Mallikā
romn/s0301m.mul.xml	128	S i 86,17	SN	S	3.17	Appamāda
romn/s0301m.mul.xml	129	S i 87,9	SN	S	3.18	Kalyāṇamitta
romn/s0301m.mul.xml	130	S i 89,25	SN	S	3.19	Paṭhamāputtaka
romn/s0301m.mul.xml	131	S i 91,22	SN	S	3.20	Dutiyāputtaka
romn/s0301m.mul.xml	132	S i 93,19	SN	S	3.21	Puggala
romn/s0301m.mul.xml	133	S i 96,31	SN	S	3.22	Ayyikā
romn/s0301m.mul.xml	134	S i 98,1	SN	S	3.23	Loka
romn/s0301m.mul.xml	135	S i 98,19	SN	S	3.24	Issatta
romn/s0301m.mul.xml	136	S i 100,23	SN	S	3.25	Pabbatūpama
romn/s0301m.mul.xml	137	S i 103,3	SN	S	4.1	Tapokamma
romn/s0301m.mul.xml	138	S i 103,25	SN	S	4.2	Hatthirājavaṇṇa
romn/s0301m.mul.xml	139	S i 104,18	SN	S	4.3	Subha
romn/s0301m.mul.xml	140	S i 105,1	SN	S	4.4	Paṭhamamārapāsa
romn/s0301m.mul.xml	141	S i 105,19	SN	S	4.5	Dutiyamārapāsa
romn/s0301m.mul.xml	142	S i 106,10	SN	S	4.6	Sappa
romn/s0301m.mul.xml	143	S i 107,9	SN	S	4.7	Supati
romn/s0301m.mul.xml	144	S i 107,27	SN	S	4.8	Nandati
romn/s0301m.mul.xml	145	S i 108,9	SN	S	4.9	Paṭhamāayu
romn/s0301m.mul.xml	146	S i 108,26	SN	S	4.10	Dutiyāayu
romn/s0301m.mul.xml	147	S i 109,13	SN	S	4.11	Pāsāṇa
romn/s0301m.mul.xml	148	S i 109,28	SN	S	4.12	Kinnusīha
romn/s0301m.mul.xml	149	S i 110,13	SN	S	4.13	Sakalika
romn/s0301m.mul.xml	150	S i 111,8	SN	S	4.14	Patirūpa
romn/s0301m.mul.xml	151	S i 111,23	SN	S	4.15	Mānasa
romn/s0301m.mul.xml	152	S i 112,1	SN	S	4.16	Patta
romn/s0301m.mul.xml	153	S i 112,31	SN	S	4.17	Chaphassāyatana
romn/s0301m.mul.xml	154	S i 113,30	SN	S	4.18	Piṇḍa
romn/s0301m.mul.xml	155	S i 114,26	SN	S	4.19	Kassaka
romn/s0301m.mul.xml	156	S i 116,14	SN	S	4.20	Rajja
romn/s0301m.mul.xml	157	S i 117,14	SN	S	4.21	Sambahula
romn/s0301m.mul.xml	158	S i 119,1	SN	S	4.22	Samiddhi
romn/s0301m.mul.xml	159	S i 120,18	SN	S	4.23	Godhika
romn/s0301m.mul.xml	160	S i 122,25	SN	S	4.24	Sattavassānubandha
romn/s0301m.mul.xml	161	S i 124,14	SN	S	4.25	Māradhītu
romn/s0301m.mul.xml	162	S i 128,2	SN	S	5.1	Āḷavikā
romn/s0301m.mul.xml	163	S i 129,3	SN	S	5.2	Somā
romn/s0301m.mul.xml	164	S i 129,30	SN	S	5.3	Kisāgotamī
romn/s0301m.mul.xml	165	S i 130,26	SN	S	5.4	Vijayā
romn/s0301m.mul.xml	166	S i 131,17	SN	S	5.5	Uppalavaṇṇā
romn/s0301m.mul.xml	167	S i 132,17	SN	S	5.6	Cālā
romn/s0301m.mul.xml	168	S i 133,5	SN	S	5.7	Upacālā
romn/s0301m.mul.xml	169	S i 133,23	SN	S	5.8	Sīsupacālā
romn/s0301m.mul.xml	170	S i 134,7	SN	S	5.9	Selā
romn/s0301m.mul.xml	171	S i 134,32	SN	S	5.10	Vajirā
romn/s0301m.mul.xml	172	S i 136,3	SN	S	6.1	Brahmāyācana
romn/s0301m.mul.xml	173	S i 138,29	SN	S	6.2	Gārava
romn/s0301m.mul.xml	174	S i 140,17	SN	S	6.3	Brahmadeva
romn/s0301m.mul.xml	175	S i 142,8	SN	S	6.4	Bakabrahma
romn/s0301m.mul.xml	176	S i 144,9	SN	S	6.5	Aññatarabrahma
romn/s0301m.mul.xml	177	S i 146,22	SN	S	6.6	Brahmaloka
romn/s0301m.mul.xml	178	S i 148,14	SN	S	6.7	Kokālika
romn/s0301m.mul.xml	179	S i 148,26	SN	S	6.8	Katamodakatissa
romn/s0301m.mul.xml	180	S i 149,3	SN	S	6.9	Turūbrahma
romn/s0301m.mul.xml	181	S i 149,32	SN	S	6.10	Kokālika
romn/s0301m.mul.xml	182	S i 153,9	SN	S	6.11	Sanaṅkumāra
romn/s0301m.mul.xml	183	S i 153,25	SN	S	6.12	Devadatta
romn/s0301m.mul.xml	184	S i 154,5	SN	S	6.13	Andhakavinda
romn/s0301m.mul.xml	185	S i 155,1	SN	S	6.14	Aruṇavatī
romn/s0301m.mul.xml	186	S i 157,30	SN	S	6.15	Parinibbāna
romn/s0301m.mul.xml	187	S i 160,3	SN	S	7.1	Dhanañjānī
romn/s0301m.mul.xml	188	S i 161,28	SN	S	7.2	Akkosa
romn/s0301m.mul.xml	189	S i 163,16	SN	S	7.3	Asurindaka
romn/s0301m.mul.xml	190	S i 164,5	SN	S	7.4	Bilaṅgika
romn/s0301m.mul.xml	191	S i 164,30	SN	S	7.5	Ahiṃsaka
romn/s0301m.mul.xml	192	S i 165,11	SN	S	7.6	Jaṭā
romn/s0301m.mul.xml	193	S i 165,30	SN	S	7.7	Suddhika
romn/s0301m.mul.xml	194	S i 166,16	SN	S	7.8	Aggika
romn/s0301m.mul.xml	195	S i 167,17	SN	S	7.9	Sundarika
romn/s0301m.mul.xml	196	S i 170,7	SN	S	7.10	Bahudhītara
romn/s0301m.mul.xml	197	S i 172,2	SN	S	7.11	Kasibhāradvāja
romn/s0301m.mul.xml	198	S i 173,25	SN	S	7.12	Udaya
romn/s0301m.mul.xml	199	S i 174,22	SN	S	7.13	Devahita
romn/s0301m.mul.xml	200	S i 175,32	SN	S	7.14	Mahāsāla
romn/s0301m.mul.xml	201	S i 177,16	SN	S	7.15	Mānatthaddha
romn/s0301m.mul.xml	202	S i 179,1	SN	S	7.16	Paccanīka
romn/s0301m.mul.xml	203	S i 179,23	SN	S	7.17	Navakammika
romn/s0301m.mul.xml	204	S i 180,13	SN	S	7.18	Kaṭṭhahāra
romn/s0301m.mul.xml	205	S i 181,22	SN	S	7.19	Mātuposaka
romn/s0301m.mul.xml	206	S i 182,10	SN	S	7.20	Bhikkhaka
romn/s0301m.mul.xml	207	S i 182,26	SN	S	7.21	Saṅgārava
romn/s0301m.mul.xml	208	S i 184,1	SN	S	7.22	Khomadussa
romn/s0301m.mul.xml	209	S i 185,2	SN	S	8.1	Nikkhanta
romn/s0301m.mul.xml	210	S i 186,5	SN	S	8.2	Arati
romn/s0301m.mul.xml	211	S i 187,9	SN	S	8.3	Pesala
romn/s0301m.mul.xml	212	S i 188,5	SN	S	8.4	Ānanda
romn/s0301m.mul.xml	213	S i 188,25	SN	S	8.5	Subhāsita
romn/s0301m.mul.xml	214	S i 189,26	SN	S	8.6	Sāriputta
romn/s0301m.mul.xml	215	S i 190,21	SN	S	8.7	Pavāraṇā
romn/s0301m.mul.xml	216	S i 192,7	SN	S	8.8	Parosahassa
romn/s0301m.mul.xml	217	S i 193,28	SN	S	8.9	Koṇḍañña
romn/s0301m.mul.xml	218	S i 194,24	SN	S	8.10	Moggallāna
romn/s0301m.mul.xml	219	S i 195,14	SN	S	8.11	Gaggarā
romn/s0301m.mul.xml	220	S i 196,5	SN	S	8.12	Vaṅgīsa
romn/s0301m.mul.xml	221	S i 197,2	SN	S	9.1	Viveka
romn/s0301m.mul.xml	222	S i 197,25	SN	S	9.2	Upaṭṭhāna
romn/s0301m.mul.xml	223	S i 198,19	SN	S	9.3	Kassapagotta
romn/s0301m.mul.xml	224	S i 199,5	SN	S	9.4	Sambahula
romn/s0301m.mul.xml	225	S i 199,23	SN	S	9.5	Ānanda
romn/s0301m.mul.xml	226	S i 200,5	SN	S	9.6	Anuruddha
romn/s0301m.mul.xml	227	S i 200,25	SN	S	9.7	Nāgadatta
romn/s0301m.mul.xml	228	S i 201,13	SN	S	9.8	Kulagharaṇī
romn/s0301m.mul.xml	229	S i 201,30	SN	S	9.9	Vajjiputta
romn/s0301m.mul.xml	230	S i 202,18	SN	S	9.10	Sajjhāya
romn/s0301m.mul.xml	231	S i 203,4	SN	S	9.11	Akusalavitakka
romn/s0301m.mul.xml	232	S i 203,21	SN	S	9.12	Majjhanhika
romn/s0301m.mul.xml	233	S i 203,32	SN	S	9.13	Pākatindriya
romn/s0301m.mul.xml	234	S i 204,19	SN	S	9.14	Gandhatthena
romn/s0301m.mul.xml	235	S i 206,2	SN	S	10.1	Indaka
romn/s0301m.mul.xml	236	S i 206,16	SN	S	10.2	Sakkanāma
romn/s0301m.mul.xml	237	S i 207,1	SN	S	10.3	Sūciloma
romn/s0301m.mul.xml	238	S i 208,5	SN	S	10.4	Maṇibhadda
romn/s0301m.mul.xml	239	S i 208,17	SN	S	10.5	Sānu
romn/s0301m.mul.xml	240	S i 209,16	SN	S	10.6	Piyaṅkara
romn/s0301m.mul.xml	241	S i 209,31	SN	S	10.7	Punabbasu
romn/s0301m.mul.xml	242	S i 210,28	SN	S	10.8	Sudatta
romn/s0301m.mul.xml	243	S i 212,19	SN	S	10.9	Paṭhamasukkā
romn/s0301m.mul.xml	244	S i 212,32	SN	S	10.10	Dutiyasukkā
romn/s0301m.mul.xml	245	S i 213,10	SN	S	10.11	Cīrā
romn/s0301m.mul.xml	246	S i 213,22	SN	S	10.12	Āḷavaka
romn/s0301m.mul.xml	247	S i 216,3	SN	S	11.1	Suvīra
romn/s0301m.mul.xml	248	S i 217,21	SN	S	11.2	Susīma
romn/s0301m.mul.xml	249	S i 218,25	SN	S	11.3	Dhajagga
romn/s0301m.mul.xml	250	S i 220,33	SN	S	11.4	Vepacitti
romn/s0301m.mul.xml	251	S i 222,20	SN	S	11.5	Subhāsitajaya
romn/s0301m.mul.xml	252	S i 224,15	SN	S	11.6	Kulāvaka
romn/s0301m.mul.xml	253	S i 225,5	SN	S	11.7	Nadubbhiya
romn/s0301m.mul.xml	254	S i 225,24	SN	S	11.8	Verocanāsurinda
romn/s0301m.mul.xml	255	S i 226,9	SN	S	11.9	Araññāyatanaisi
romn/s0301m.mul.xml	256	S i 227,3	SN	S	11.10	Samuddaka
romn/s0301m.mul.xml	257	S i 228,11	SN	S	11.11	Vatapada
romn/s0301m.mul.xml	258	S i 229,1	SN	S	11.12	Sakkanāma
romn/s0301m.mul.xml	259	S i 230,5	SN	S	11.13	Mahāli
romn/s0301m.mul.xml	260	S i 231,22	SN	S	11.14	Dalidda
romn/s0301m.mul.xml	261	S i 232,29	SN	S	11.15	Rāmaṇeyyaka
romn/s0301m.mul.xml	262	S i 233,5	SN	S	11.16	Yajamāna
romn/s0301m.mul.xml	263	S i 233,23	SN	S	11.17	Buddhavandanā
romn/s0301m.mul.xml	264	S i 234,5	SN	S	11.18	Gahaṭṭhavandanā
romn/s0301m.mul.xml	265	S i 235,1	SN	S	11.19	Satthāravandanā
romn/s0301m.mul.xml	266	S i 235,30	SN	S	11.20	Saṅghavandanā
romn/s0301m.mul.xml	267	S i 237,2	SN	S	11.21	Chetvā
romn/s0301m.mul.xml	268	S i 237,14	SN	S	11.22	Dubbaṇṇiya
romn/s0301m.mul.xml	269	S i 238,25	SN	S	11.23	Sambarimāyā
romn/s0301m.mul.xml	270	S i 239,12	SN	S	11.24	Accaya
romn/s0301m.mul.xml	271	S i 240,4	SN	S	11.25	Akkodha
romn/s0302m.mul.xml	1	S ii 1,9	SN	S	12.1	Paṭiccasamuppāda
romn/s0302m.mul.xml	2	S ii 2,11	SN	S	12.2	Vibhaṅga
romn/s0302m.mul.xml	3	S ii 4,21	SN	S	12.3	Paṭipadā
romn/s0302m.mul.xml	4	S ii 5,6	SN	S	12.4	Vipassī
romn/s0302m.mul.xml	5	S ii 9,15	SN	S	12.5	Sikhī
romn/s0302m.mul.xml	6	S ii 9,18	SN	S	12.6	Vessabhū
romn/s0302m.mul.xml	7	S ii 9,21	SN	S	12.7	Kakusandha
romn/s0302m.mul.xml	8	S ii 9,24	SN	S	12.8	Koṇāgamana
romn/s0302m.mul.xml	9	S ii 9,27	SN	S	12.9	Kassapa
romn/s0302m.mul.xml	10	S ii 10,1	SN	S	12.10	Gotama
romn/s0302m.mul.xml	11	S ii 11,19	SN	S	12.11	Āhāra
romn/s0302m.mul.xml	12	S ii 12,34	SN	S	12.12	Moḷiyaphagguna
romn/s0302m.mul.xml	13	S ii 14,24	SN	S	12.13	Samaṇabrāhmaṇa
romn/s0302m.mul.xml	14	S ii 15,19	SN	S	12.14	Dutiyasamaṇabrāhmaṇa
romn/s0302m.mul.xml	15	S ii 16,33	SN	S	12.15	Kaccānagotta
romn/s0302m.mul.xml	16	S ii 18,1	SN	S	12.16	Dhammakathika
romn/s0302m.mul.xml	17	S ii 18,32	SN	S	12.17	Acelakassapa
romn/s0302m.mul.xml	18	S ii 22,8	SN	S	12.18	Timbaruka
romn/s0302m.mul.xml	19	S ii 23,33	SN	S	12.19	Bālapaṇḍita
romn/s0302m.mul.xml	20	S ii 25,9	SN	S	12.20	Paccaya
romn/s0302m.mul.xml	21	S ii 27,23	SN	S	12.21	Dasabala
romn/s0302m.mul.xml	22	S ii 28,16	SN	S	12.22	Dutiyadasabala
romn/s0302m.mul.xml	23	S ii 29,22	SN	S	12.23	Upanisa
romn/s0302m.mul.xml	24	S ii 32,24	SN	S	12.24	Aññatitthiya
romn/s0302m.mul.xml	25	S ii 37,30	SN	S	12.25	Bhūmija
romn/s0302m.mul.xml	26	S ii 41,6	SN	S	12.26	Upavāṇa
romn/s0302m.mul.xml	27	S ii 42,8	SN	S	12.27	Paccaya
romn/s0302m.mul.xml	28	S ii 43,24	SN	S	12.28	Bhikkhu
romn/s0302m.mul.xml	29	S ii 45,10	SN	S	12.29	Samaṇabrāhmaṇa
romn/s0302m.mul.xml	30	S ii 46,9	SN	S	12.30	Dutiyasamaṇabrāhmaṇa
romn/s0302m.mul.xml	31	S ii 47,8	SN	S	12.31	Bhūta
romn/s0302m.mul.xml	32	S ii 50,11	SN	S	12.32	Kaḷāra
romn/s0302m.mul.xml	33	S ii 56,30	SN	S	12.33	Ñāṇavatthu
romn/s0302m.mul.xml	34	S ii 59,32	SN	S	12.34	Dutiyañāṇavatthu
romn/s0302m.mul.xml	35	S ii 60,28	SN	S	12.35	Avijjāpaccaya
romn/s0302m.mul.xml	36	S ii 63,14	SN	S	12.36	Dutiyāvijjāpaccaya
romn/s0302m.mul.xml	37	S ii 64,32	SN	S	12.37	Natumha
romn/s0302m.mul.xml	38	S ii 65,13	SN	S	12.38	Cetanā
romn/s0302m.mul.xml	39	S ii 66,7	SN	S	12.39	Dutiyacetanā
romn/s0302m.mul.xml	40	S ii 66,32	SN	S	12.40	Tatiyacetanā
romn/s0302m.mul.xml	41	S ii 68,4	SN	S	12.41	Pañcaverabhaya
romn/s0302m.mul.xml	42	S ii 70,28	SN	S	12.42	Dutiyapañcaverabhaya
romn/s0302m.mul.xml	43	S ii 71,33	SN	S	12.43	Dukkha
romn/s0302m.mul.xml	44	S ii 73,5	SN	S	12.44	Loka
romn/s0302m.mul.xml	45	S ii 74,12	SN	S	12.45	Ñātika
romn/s0302m.mul.xml	46	S ii 75,23	SN	S	12.46	Aññatarabrāhmaṇa
romn/s0302m.mul.xml	47	S ii 76,16	SN	S	12.47	Jāṇussoṇi
romn/s0302m.mul.xml	48	S ii 77,3	SN	S	12.48	Lokāyatika
romn/s0302m.mul.xml	49	S ii 77,30	SN	S	12.49	Ariyasāvaka
romn/s0302m.mul.xml	50	S ii 79,5	SN	S	12.50	Dutiyāriyasāvaka
romn/s0302m.mul.xml	51	S ii 80,20	SN	S	12.51	Parivīmaṃsana
romn/s0302m.mul.xml	52	S ii 84,23	SN	S	12.52	Upādāna
romn/s0302m.mul.xml	53	S ii 85,2	SN	S	12.53	Saṃyojana
romn/s0302m.mul.xml	54	S ii 87,1	SN	S	12.54	Dutiyasaṃyojana
romn/s0302m.mul.xml	55	S ii 87,20	SN	S	12.55	Mahārukkha
romn/s0302m.mul.xml	56	S ii 88,22	SN	S	12.56	Dutiyamahārukkha
romn/s0302m.mul.xml	57	S ii 89,14	SN	S	12.57	Taruṇarukkha
romn/s0302m.mul.xml	58	S ii 90,16	SN	S	12.58	Nāmarūpa
romn/s0302m.mul.xml	59	S ii 91,11	SN	S	12.59	Viññāṇa
romn/s0302m.mul.xml	60	S ii 92,1	SN	S	12.60	Nidāna
romn/s0302m.mul.xml	61	S ii 94,2	SN	S	12.61	Assutavā
romn/s0302m.mul.xml	62	S ii 95,27	SN	S	12.62	Dutiyāssutavā
romn/s0302m.mul.xml	63	S ii 97,30	SN	S	12.63	Puttamaṃsūpama
romn/s0302m.mul.xml	64	S ii 101,1	SN	S	12.64	Atthirāga
romn/s0302m.mul.xml	65	S ii 104,5	SN	S	12.65	Nagara
romn/s0302m.mul.xml	66	S ii 107,6	SN	S	12.66	Sammasa
romn/s0302m.mul.xml	67	S ii 112,24	SN	S	12.67	Naḷakalāpī
romn/s0302m.mul.xml	68	S ii 115,17	SN	S	12.68	Kosambi
romn/s0302m.mul.xml	69	S ii 118,19	SN	S	12.69	Upayanti
romn/s0302m.mul.xml	70	S ii 119,16	SN	S	12.70	Susima
romn/s0302m.mul.xml	71	S ii 129,2	SN	S	12.71	Jarāmaraṇa
romn/s0302m.mul.xml	72	S ii 129,22	SN	S	12.72	Jātisuttādidasakaṃ
romn/s0302m.mul.xml	73	S ii 130,18	SN	S	12.82	Satthu
romn/s0302m.mul.xml	74	S ii 133,10	SN	S	13.1	Nakhasikhā
romn/s0302m.mul.xml	75	S ii 134,7	SN	S	13.2	Pokkharaṇī
romn/s0302m.mul.xml	76	S ii 134,30	SN	S	13.3	Sambhejjaudaka
romn/s0302m.mul.xml	77	S ii 135,14	SN	S	13.4	Dutiyasambhejjaudaka
romn/s0302m.mul.xml	78	S ii 135,30	SN	S	13.5	Pathavī
romn/s0302m.mul.xml	79	S ii 136,12	SN	S	13.6	Dutiyapathavī
romn/s0302m.mul.xml	80	S ii 136,27	SN	S	13.7	Samudda
romn/s0302m.mul.xml	81	S ii 137,8	SN	S	13.8	Dutiyasamudda
romn/s0302m.mul.xml	82	S ii 137,24	SN	S	13.9	Pabbata
romn/s0302m.mul.xml	83	S ii 138,6	SN	S	13.10	Dutiyapabbata
romn/s0302m.mul.xml	84	S ii 138,31	SN	S	13.11	Tatiyapabbata
romn/s0302m.mul.xml	85	S ii 140,4	SN	S	14.1	Dhātunānatta
romn/s0302m.mul.xml	86	S ii 140,19	SN	S	14.2	Phassanānatta
romn/s0302m.mul.xml	87	S ii 141,5	SN	S	14.3	Nophassanānatta
romn/s0302m.mul.xml	88	S ii 141,24	SN	S	14.4	Vedanānānatta
romn/s0302m.mul.xml	89	S ii 142,14	SN	S	14.5	Dutiyavedanānānatta
romn/s0302m.mul.xml	90	S ii 143,14	SN	S	14.6	Bāhiradhātunānatta
romn/s0302m.mul.xml	91	S ii 143,23	SN	S	14.7	Saññānānatta
romn/s0302m.mul.xml	92	S ii 144,25	SN	S	14.8	Nopariyesanānānatta
romn/s0302m.mul.xml	93	S ii 146,16	SN	S	14.9	Bāhiraphassanānatta
romn/s0302m.mul.xml	94	S ii 147,28	SN	S	14.10	Dutiyabāhiraphassanānatta
romn/s0302m.mul.xml	95	S ii 149,30	SN	S	14.11	Sattadhātu
romn/s0302m.mul.xml	96	S ii 151,7	SN	S	14.12	Sanidāna
romn/s0302m.mul.xml	97	S ii 153,19	SN	S	14.13	Giñjakāvasatha
romn/s0302m.mul.xml	98	S ii 154,18	SN	S	14.14	Hīnādhimuttika
romn/s0302m.mul.xml	99	S ii 155,7	SN	S	14.15	Caṅkama
romn/s0302m.mul.xml	100	S ii 157,7	SN	S	14.16	Sagāthā
romn/s0302m.mul.xml	101	S ii 159,1	SN	S	14.17	Assaddhasaṃsandana
romn/s0302m.mul.xml	102	S ii 160,29	SN	S	14.18	Assaddhamūlaka
romn/s0302m.mul.xml	103	S ii 162,24	SN	S	14.19	Ahirikamūlaka
romn/s0302m.mul.xml	104	S ii 163,27	SN	S	14.20	Anottappamūlaka
romn/s0302m.mul.xml	105	S ii 164,24	SN	S	14.21	Appasūlaka
romn/s0302m.mul.xml	106	S ii 165,13	SN	S	14.22	Kusītamūlaka
romn/s0302m.mul.xml	107	S ii 166,8	SN	S	14.23	Asamāhita
romn/s0302m.mul.xml	108	S ii 166,19	SN	S	14.24	Dussīla
romn/s0302m.mul.xml	109	S ii 167,3	SN	S	14.25	Pañcasikkhāpada
romn/s0302m.mul.xml	110	S ii 167,19	SN	S	14.26	Sattakammapatha
romn/s0302m.mul.xml	111	S ii 167,34	SN	S	14.27	Dasakammapatha
romn/s0302m.mul.xml	112	S ii 168,18	SN	S	14.28	Aṭṭhaṅgika
romn/s0302m.mul.xml	113	S ii 168,31	SN	S	14.29	Dasaṅga
romn/s0302m.mul.xml	114	S ii 169,18	SN	S	14.30	Catudhātu
romn/s0302m.mul.xml	115	S ii 169,25	SN	S	14.31	Pubbesambodha
romn/s0302m.mul.xml	116	S ii 171,4	SN	S	14.32	Acariṃ
romn/s0302m.mul.xml	117	S ii 172,14	SN	S	14.33	Nocedaṃ
romn/s0302m.mul.xml	118	S ii 173,23	SN	S	14.34	Ekantadukkha
romn/s0302m.mul.xml	119	S ii 174,24	SN	S	14.35	Abhinanda
romn/s0302m.mul.xml	120	S ii 175,10	SN	S	14.36	Uppāda
romn/s0302m.mul.xml	121	S ii 175,28	SN	S	14.37	Samaṇabrāhmaṇa
romn/s0302m.mul.xml	122	S ii 176,14	SN	S	14.38	Dutiyasamaṇabrāhmaṇa
romn/s0302m.mul.xml	123	S ii 176,24	SN	S	14.39	Tatiyasamaṇabrāhmaṇa
romn/s0302m.mul.xml	124	S ii 178,3	SN	S	15.1	Tiṇakaṭṭha
romn/s0302m.mul.xml	125	S ii 179,1	SN	S	15.2	Pathavī
romn/s0302m.mul.xml	126	S ii 179,21	SN	S	15.3	Assu
romn/s0302m.mul.xml	127	S ii 180,27	SN	S	15.4	Khīra
romn/s0302m.mul.xml	128	S ii 181,14	SN	S	15.5	Pabbata
romn/s0302m.mul.xml	129	S ii 182,6	SN	S	15.6	Sāsapa
romn/s0302m.mul.xml	130	S ii 182,28	SN	S	15.7	Sāvaka
romn/s0302m.mul.xml	131	S ii 183,22	SN	S	15.8	Gaṅgā
romn/s0302m.mul.xml	132	S ii 184,24	SN	S	15.9	Daṇḍa
romn/s0302m.mul.xml	133	S ii 185,6	SN	S	15.10	Puggala
romn/s0302m.mul.xml	134	S ii 186,10	SN	S	15.11	Duggata
romn/s0302m.mul.xml	135	S ii 186,22	SN	S	15.12	Sukhita
romn/s0302m.mul.xml	136	S ii 187,6	SN	S	15.13	Tiṃsamatta
romn/s0302m.mul.xml	137	S ii 189,5	SN	S	15.14	Mātu
romn/s0302m.mul.xml	138	S ii 189,12	SN	S	15.15	Pitu
romn/s0302m.mul.xml	139	S ii 189,19	SN	S	15.16	Bhātu
romn/s0302m.mul.xml	140	S ii 189,24	SN	S	15.17	Bhagini
romn/s0302m.mul.xml	141	S ii 189	SN	S	15.18	Putta
romn/s0302m.mul.xml	142	S ii 190,6	SN	S	15.19	Dhītu
romn/s0302m.mul.xml	143	S ii 190,21	SN	S	15.20	Vepullapabbata
romn/s0302m.mul.xml	144	S ii 194,2	SN	S	16.1	Santuṭṭha
romn/s0302m.mul.xml	145	S ii 195,19	SN	S	16.2	Anottappī
romn/s0302m.mul.xml	146	S ii 197,27	SN	S	16.3	Candūpama
romn/s0302m.mul.xml	147	S ii 200,9	SN	S	16.4	Kulūpaka
romn/s0302m.mul.xml	148	S ii 202,6	SN	S	16.5	Jiṇṇa
romn/s0302m.mul.xml	149	S ii 203,27	SN	S	16.6	Ovāda
romn/s0302m.mul.xml	150	S ii 205,27	SN	S	16.7	Dutiyaovāda
romn/s0302m.mul.xml	151	S ii 208,12	SN	S	16.8	Tatiyaovāda
romn/s0302m.mul.xml	152	S ii 210,23	SN	S	16.9	Jhānābhiñña
romn/s0302m.mul.xml	153	S ii 214,25	SN	S	16.10	Upassaya
romn/s0302m.mul.xml	154	S ii 217,23	SN	S	16.11	Cīvara
romn/s0302m.mul.xml	155	S ii 222,15	SN	S	16.12	Paraṃmaraṇa
romn/s0302m.mul.xml	156	S ii 223,24	SN	S	16.13	Saddhammappatirūpaka
romn/s0302m.mul.xml	157	S ii 225,26	SN	S	17.1	Dāruṇa
romn/s0302m.mul.xml	158	S ii 226,8	SN	S	17.2	Baḷisa
romn/s0302m.mul.xml	159	S ii 226,31	SN	S	17.3	Kumma
romn/s0302m.mul.xml	160	S ii 228,3	SN	S	17.4	Dīghalomika
romn/s0302m.mul.xml	161	S ii 228,20	SN	S	17.5	Mīḷhaka
romn/s0302m.mul.xml	162	S ii 229,20	SN	S	17.6	Asani
romn/s0302m.mul.xml	163	S ii 229,31	SN	S	17.7	Diddha
romn/s0302m.mul.xml	164	S ii 230,11	SN	S	17.8	Siṅgāla
romn/s0302m.mul.xml	165	S ii 231,4	SN	S	17.9	Verambha
romn/s0302m.mul.xml	166	S ii 231,28	SN	S	17.10	Sagāthaka
romn/s0302m.mul.xml	167	S ii 233,2	SN	S	17.11	Suvaṇṇapāti
romn/s0302m.mul.xml	168	S ii 233,16	SN	S	17.12	Rūpiyapāti
romn/s0302m.mul.xml	169	S ii 233,29	SN	S	17.13	Suvaṇṇanikkhasuttādiaṭṭhakaṃ
romn/s0302m.mul.xml	170	S ii 234,25	SN	S	17.21	Mātugāma
romn/s0302m.mul.xml	171	S ii 235,7	SN	S	17.22	Kalyāṇī
romn/s0302m.mul.xml	172	S ii 235,16	SN	S	17.23	Ekaputtaka
romn/s0302m.mul.xml	173	S ii 236,6	SN	S	17.24	Ekadhītu
romn/s0302m.mul.xml	174	S ii 236,31	SN	S	17.25	Samaṇabrāhmaṇa
romn/s0302m.mul.xml	175	S ii 237,6	SN	S	17.26	Dutiyasamaṇabrāhmaṇa
romn/s0302m.mul.xml	176	S ii 237,17	SN	S	17.27	Tatiyasamaṇabrāhmaṇa
romn/s0302m.mul.xml	177	S ii 237,26	SN	S	17.28	Chavi
romn/s0302m.mul.xml	178	S ii 238,10	SN	S	17.29	Rajju
romn/s0302m.mul.xml	179	S ii 238,32	SN	S	17.30	Bhikkhu
romn/s0302m.mul.xml	180	S ii 239,26	SN	S	17.31	Bhindi
romn/s0302m.mul.xml	181	S ii 240,6	SN	S	17.32	Kusalamūla
romn/s0302m.mul.xml	182	S ii 240,15	SN	S	17.33	Kusaladhamma
romn/s0302m.mul.xml	183	S ii 240,24	SN	S	17.34	Sukkadhamma
romn/s0302m.mul.xml	184	S ii 241,1	SN	S	17.35	Acirapakkanta
romn/s0302m.mul.xml	185	S ii 242,1	SN	S	17.36	Pañcarathasata
romn/s0302m.mul.xml	186	S ii 242,31	SN	S	17.37	Mātu
romn/s0302m.mul.xml	187	S ii 243,14	SN	S	17.38	Pitusuttādichakkaṃ
romn/s0302m.mul.xml	188	S ii 244,14	SN	S	18.1	Cakkhu
romn/s0302m.mul.xml	189	S ii 245,32	SN	S	18.2	Rūpa
romn/s0302m.mul.xml	190	S ii 246,10	SN	S	18.3	Viññāṇa
romn/s0302m.mul.xml	191	S ii 246,24	SN	S	18.4	Samphassa
romn/s0302m.mul.xml	192	S ii 247,2	SN	S	18.5	Vedanā
romn/s0302m.mul.xml	193	S ii 247,16	SN	S	18.6	Saññā
romn/s0302m.mul.xml	194	S ii 247,29	SN	S	18.7	Sañcetanā
romn/s0302m.mul.xml	195	S ii 248,9	SN	S	18.8	Taṇhā
romn/s0302m.mul.xml	196	S ii 248,21	SN	S	18.9	Dhātu
romn/s0302m.mul.xml	197	S ii 249,4	SN	S	18.10	Khandha
romn/s0302m.mul.xml	198	S ii 249,27	SN	S	18.11	Cakkhu
romn/s0302m.mul.xml	199	S ii 250,15	SN	S	18.12	Rūpādisuttanavakaṃ
romn/s0302m.mul.xml	200	S ii 252,8	SN	S	18.21	Anusaya
romn/s0302m.mul.xml	201	S ii 253,1	SN	S	18.22	Apagata
romn/s0302m.mul.xml	202	S ii 254,10	SN	S	19.1	Aṭṭhi
romn/s0302m.mul.xml	203	S ii 256,5	SN	S	19.2	Pesi
romn/s0302m.mul.xml	204	S ii 256,13	SN	S	19.3	Piṇḍa
romn/s0302m.mul.xml	205	S ii 256,19	SN	S	19.4	Nicchavi
romn/s0302m.mul.xml	206	S ii 257,1	SN	S	19.5	Asiloma
romn/s0302m.mul.xml	207	S ii 257,8	SN	S	19.6	Satti
romn/s0302m.mul.xml	208	S ii 257,15	SN	S	19.7	Usuloma
romn/s0302m.mul.xml	209	S ii 257,22	SN	S	19.8	Sūciloma
romn/s0302m.mul.xml	210	S ii 257,29	SN	S	19.9	Dutiyasūciloma
romn/s0302m.mul.xml	211	S ii 258,10	SN	S	19.10	Kumbhaṇḍa
romn/s0302m.mul.xml	212	S ii 259,2	SN	S	19.11	Sasīsaka
romn/s0302m.mul.xml	213	S ii 259,10	SN	S	19.12	Gūthakhāda
romn/s0302m.mul.xml	214	S ii 259,20	SN	S	19.13	Nicchavitthi
romn/s0302m.mul.xml	215	S ii 260,1	SN	S	19.14	Maṅgulitthi
romn/s0302m.mul.xml	216	S ii 260,10	SN	S	19.15	Okilinī
romn/s0302m.mul.xml	217	S ii 260,17	SN	S	19.16	Asīsaka
romn/s0302m.mul.xml	218	S ii 260,26	SN	S	19.17	Pāpabhikkhu
romn/s0302m.mul.xml	219	S ii 261,5	SN	S	19.18	Pāpabhikkhunī
romn/s0302m.mul.xml	220	S ii 261,10	SN	S	19.19	Pāpasikkhamāna
romn/s0302m.mul.xml	221	S ii 261,15	SN	S	19.20	Pāpasāmaṇera
romn/s0302m.mul.xml	222	S ii 261,19	SN	S	19.21	Pāpasāmaṇerī
romn/s0302m.mul.xml	223	S ii 262,24	SN	S	20.1	Kūṭa
romn/s0302m.mul.xml	224	S ii 263,10	SN	S	20.2	Nakhasikha
romn/s0302m.mul.xml	225	S ii 263,28	SN	S	20.3	Kula
romn/s0302m.mul.xml	226	S ii 264,18	SN	S	20.4	Okkhā
romn/s0302m.mul.xml	227	S ii 265,1	SN	S	20.5	Satti
romn/s0302m.mul.xml	228	S ii 265,25	SN	S	20.6	Dhanuggaha
romn/s0302m.mul.xml	229	S ii 266,25	SN	S	20.7	Āṇi
romn/s0302m.mul.xml	230	S ii 267,26	SN	S	20.8	Kaliṅgara
romn/s0302m.mul.xml	231	S ii 268,20	SN	S	20.9	Nāga
romn/s0302m.mul.xml	232	S ii 270,10	SN	S	20.10	Biḷāra
romn/s0302m.mul.xml	233	S ii 271,23	SN	S	20.11	Siṅgāla
romn/s0302m.mul.xml	234	S ii 272,10	SN	S	20.12	Dutiyasiṅgāla
romn/s0302m.mul.xml	235	S ii 273,2	SN	S	21.1	Kolita
romn/s0302m.mul.xml	236	S ii 274,5	SN	S	21.2	Upatissa
romn/s0302m.mul.xml	237	S ii 275,7	SN	S	21.3	Ghaṭa
romn/s0302m.mul.xml	238	S ii 277,8	SN	S	21.4	Nava
romn/s0302m.mul.xml	239	S ii 278,23	SN	S	21.5	Sujāta
romn/s0302m.mul.xml	240	S ii 279,11	SN	S	21.6	Lakuṇḍakabhaddiya
romn/s0302m.mul.xml	241	S ii 280,1	SN	S	21.7	Visākha
romn/s0302m.mul.xml	242	S ii 281,1	SN	S	21.8	Nanda
romn/s0302m.mul.xml	243	S ii 281,25	SN	S	21.9	Tissa
romn/s0302m.mul.xml	244	S ii 282,23	SN	S	21.10	Theranāmaka
romn/s0302m.mul.xml	245	S ii 284,8	SN	S	21.11	Mahākappina
romn/s0302m.mul.xml	246	S ii 285,1	SN	S	21.12	Sahāyaka
romn/s0303m.mul.xml	1	S iii 1,13	SN	S	22.1	Nakulapitu
romn/s0303m.mul.xml	2	S iii 5,19	SN	S	22.2	Devadaha
romn/s0303m.mul.xml	3	S iii 9,11	SN	S	22.3	Hāliddikāni
romn/s0303m.mul.xml	4	S iii 12,28	SN	S	22.4	Dutiyahāliddikāni
romn/s0303m.mul.xml	5	S iii 13,28	SN	S	22.5	Samādhi
romn/s0303m.mul.xml	6	S iii 15,19	SN	S	22.6	Paṭisallāṇa
romn/s0303m.mul.xml	7	S iii 15,27	SN	S	22.7	Upādāparitassanā
romn/s0303m.mul.xml	8	S iii 18,14	SN	S	22.8	Dutiyaupādāparitassanā
romn/s0303m.mul.xml	9	S iii 19,14	SN	S	22.9	Kālattayānicca
romn/s0303m.mul.xml	10	S iii 19,33	SN	S	22.10	Kālattayadukkha
romn/s0303m.mul.xml	11	S iii 20,13	SN	S	22.11	Kālattayānatta
romn/s0303m.mul.xml	12	S iii 21,5	SN	S	22.12	Anicca
romn/s0303m.mul.xml	13	S iii 21,18	SN	S	22.13	Dukkha
romn/s0303m.mul.xml	14	S iii 21,24	SN	S	22.14	Anatta
romn/s0303m.mul.xml	15	S iii 22,1	SN	S	22.15	Yadanicca
romn/s0303m.mul.xml	16	S iii 22,18	SN	S	22.16	Yaṃdukkha
romn/s0303m.mul.xml	17	S iii 22,31	SN	S	22.17	Yadanattā
romn/s0303m.mul.xml	18	S iii 23,10	SN	S	22.18	Sahetuanicca
romn/s0303m.mul.xml	19	S iii 23,26	SN	S	22.19	Sahetudukkha
romn/s0303m.mul.xml	20	S iii 24,5	SN	S	22.20	Sahetuanatta
romn/s0303m.mul.xml	21	S iii 24,15	SN	S	22.21	Ānanda
romn/s0303m.mul.xml	22	S iii 25,15	SN	S	22.22	Bhāra
romn/s0303m.mul.xml	23	S iii 26,18	SN	S	22.23	Pariñña
romn/s0303m.mul.xml	24	S iii 26,30	SN	S	22.24	Abhijāna
romn/s0303m.mul.xml	25	S iii 27,12	SN	S	22.25	Chandarāga
romn/s0303m.mul.xml	26	S iii 27,28	SN	S	22.26	Assāda
romn/s0303m.mul.xml	27	S iii 29,1	SN	S	22.27	Dutiyāssāda
romn/s0303m.mul.xml	28	S iii 29,32	SN	S	22.28	Tatiyāssāda
romn/s0303m.mul.xml	29	S iii 31,11	SN	S	22.29	Abhinandana
romn/s0303m.mul.xml	30	S iii 31,30	SN	S	22.30	Uppāda
romn/s0303m.mul.xml	31	S iii 32,16	SN	S	22.31	Aghamūla
romn/s0303m.mul.xml	32	S iii 32,28	SN	S	22.32	Pabhaṅgu
romn/s0303m.mul.xml	33	S iii 33,19	SN	S	22.33	Natumhākaṃ
romn/s0303m.mul.xml	34	S iii 34,18	SN	S	22.34	Dutiyanatumhākaṃ
romn/s0303m.mul.xml	35	S iii 34,31	SN	S	22.35	Aññatarabhikkhu
romn/s0303m.mul.xml	36	S iii 36,12	SN	S	22.36	Dutiyāññatarabhikkhu
romn/s0303m.mul.xml	37	S iii 37,25	SN	S	22.37	Ānanda
romn/s0303m.mul.xml	38	S iii 38,20	SN	S	22.38	Dutiyāananda
romn/s0303m.mul.xml	39	S iii 40,22	SN	S	22.39	Anudhamma
romn/s0303m.mul.xml	40	S iii 41,5	SN	S	22.40	Dutiyānudhamma
romn/s0303m.mul.xml	41	S iii 41,10	SN	S	22.41	Tatiyānudhamma
romn/s0303m.mul.xml	42	S iii 41,14	SN	S	22.42	Catutthānudhamma
romn/s0303m.mul.xml	43	S iii 42,6	SN	S	22.43	Attadīpa
romn/s0303m.mul.xml	44	S iii 43,33	SN	S	22.44	Paṭipadā
romn/s0303m.mul.xml	45	S iii 44,33	SN	S	22.45	Anicca
romn/s0303m.mul.xml	46	S iii 45,17	SN	S	22.46	Dutiyānicca
romn/s0303m.mul.xml	47	S iii 46,8	SN	S	22.47	Samanupassanā
romn/s0303m.mul.xml	48	S iii 47,7	SN	S	22.48	Khandha
romn/s0303m.mul.xml	49	S iii 48,5	SN	S	22.49	Soṇa
romn/s0303m.mul.xml	50	S iii 50,11	SN	S	22.50	Dutiyasoṇa
romn/s0303m.mul.xml	51	S iii 51,11	SN	S	22.51	Nandikkhaya
romn/s0303m.mul.xml	52	S iii 51,31	SN	S	22.52	Dutiyanandikkhaya
romn/s0303m.mul.xml	53	S iii 53,8	SN	S	22.53	Upaya
romn/s0303m.mul.xml	54	S iii 54,5	SN	S	22.54	Bīja
romn/s0303m.mul.xml	55	S iii 55,28	SN	S	22.55	Udāna
romn/s0303m.mul.xml	56	S iii 58,29	SN	S	22.56	Upādānaparipavatta
romn/s0303m.mul.xml	57	S iii 61,29	SN	S	22.57	Sattaṭṭhāna
romn/s0303m.mul.xml	58	S iii 65,20	SN	S	22.58	Sammāsambuddha
romn/s0303m.mul.xml	59	S iii 66,23	SN	S	22.59	Anattalakkhaṇa
romn/s0303m.mul.xml	60	S iii 68,30	SN	S	22.60	Mahāli
romn/s0303m.mul.xml	61	S iii 71,3	SN	S	22.61	Āditta
romn/s0303m.mul.xml	62	S iii 71,13	SN	S	22.62	Niruttipatha
romn/s0303m.mul.xml	63	S iii 73,17	SN	S	22.63	Upādiyamāna
romn/s0303m.mul.xml	64	S iii 74,30	SN	S	22.64	Maññamāna
romn/s0303m.mul.xml	65	S iii 75,23	SN	S	22.65	Abhinandamāna
romn/s0303m.mul.xml	66	S iii 76,13	SN	S	22.66	Anicca
romn/s0303m.mul.xml	67	S iii 77,3	SN	S	22.67	Dukkha
romn/s0303m.mul.xml	68	S iii 77,27	SN	S	22.68	Anatta
romn/s0303m.mul.xml	69	S iii 78,17	SN	S	22.69	Anattaniya
romn/s0303m.mul.xml	70	S iii 79,7	SN	S	22.70	Rajanīyasaṇṭhita
romn/s0303m.mul.xml	71	S iii 79,33	SN	S	22.71	Rādha
romn/s0303m.mul.xml	72	S iii 80,23	SN	S	22.72	Surādha
romn/s0303m.mul.xml	73	S iii 81,21	SN	S	22.73	Assāda
romn/s0303m.mul.xml	74	S iii 82,3	SN	S	22.74	Samudaya
romn/s0303m.mul.xml	75	S iii 82,17	SN	S	22.75	Dutiyasamudaya
romn/s0303m.mul.xml	76	S iii 82,25	SN	S	22.76	Arahanta
romn/s0303m.mul.xml	77	S iii 84,5	SN	S	22.77	Dutiyārahanta
romn/s0303m.mul.xml	78	S iii 84,20	SN	S	22.78	Sīha
romn/s0303m.mul.xml	79	S iii 86,9	SN	S	22.79	Khajjanīya
romn/s0303m.mul.xml	80	S iii 91,3	SN	S	22.80	Piṇḍolya
romn/s0303m.mul.xml	81	S iii 94,25	SN	S	22.81	Pālileyya
romn/s0303m.mul.xml	82	S iii 100,1	SN	S	22.82	Puṇṇama
romn/s0303m.mul.xml	83	S iii 105,2	SN	S	22.83	Ānanda
romn/s0303m.mul.xml	84	S iii 106,5	SN	S	22.84	Tissa
romn/s0303m.mul.xml	85	S iii 109,15	SN	S	22.85	Yamaka
romn/s0303m.mul.xml	86	S iii 116,1	SN	S	22.86	Anurādha
romn/s0303m.mul.xml	87	S iii 119,8	SN	S	22.87	Vakkali
romn/s0303m.mul.xml	88	S iii 124,14	SN	S	22.88	Assaji
romn/s0303m.mul.xml	89	S iii 126,29	SN	S	22.89	Khemaka
romn/s0303m.mul.xml	90	S iii 132,13	SN	S	22.90	Channa
romn/s0303m.mul.xml	91	S iii 135,24	SN	S	22.91	Rāhula
romn/s0303m.mul.xml	92	S iii 136,18	SN	S	22.92	Dutiyarāhula
romn/s0303m.mul.xml	93	S iii 137,15	SN	S	22.93	Nadī
romn/s0303m.mul.xml	94	S iii 138,25	SN	S	22.94	Puppha
romn/s0303m.mul.xml	95	S iii 140,21	SN	S	22.95	Pheṇapiṇḍūpama
romn/s0303m.mul.xml	96	S iii 143,11	SN	S	22.96	Gomayapiṇḍa
romn/s0303m.mul.xml	97	S iii 147,3	SN	S	22.97	Nakhasikhā
romn/s0303m.mul.xml	98	S iii 149,5	SN	S	22.98	Suddhika
romn/s0303m.mul.xml	99	S iii 149,23	SN	S	22.99	Gaddulabaddha
romn/s0303m.mul.xml	100	S iii 151,1	SN	S	22.100	Dutiyagaddulabaddha
romn/s0303m.mul.xml	101	S iii 152,24	SN	S	22.101	Vāsijaṭa
romn/s0303m.mul.xml	102	S iii 155,13	SN	S	22.102	Aniccasaññā
romn/s0303m.mul.xml	103	S iii 157,25	SN	S	22.103	Anta
romn/s0303m.mul.xml	104	S iii 158,20	SN	S	22.104	Dukkha
romn/s0303m.mul.xml	105	S iii 159,5	SN	S	22.105	Sakkāya
romn/s0303m.mul.xml	106	S iii 159,24	SN	S	22.106	Pariññeyya
romn/s0303m.mul.xml	107	S iii 160,6	SN	S	22.107	Samaṇa
romn/s0303m.mul.xml	108	S iii 160,16	SN	S	22.108	Dutiyasamaṇa
romn/s0303m.mul.xml	109	S iii 160,25	SN	S	22.109	Sotāpanna
romn/s0303m.mul.xml	110	S iii 161,4	SN	S	22.110	Arahanta
romn/s0303m.mul.xml	111	S iii 161,16	SN	S	22.111	Chandappahāna
romn/s0303m.mul.xml	112	S iii 161,27	SN	S	22.112	Dutiyachandappahāna
romn/s0303m.mul.xml	113	S iii 162,19	SN	S	22.113	Avijjā
romn/s0303m.mul.xml	114	S iii 163,3	SN	S	22.114	Vijjā
romn/s0303m.mul.xml	115	S iii 163,15	SN	S	22.115	Dhammakathika
romn/s0303m.mul.xml	116	S iii 164,3	SN	S	22.116	Dutiyadhammakathika
romn/s0303m.mul.xml	117	S iii 164,26	SN	S	22.117	Bandhana
romn/s0303m.mul.xml	118	S iii 165,26	SN	S	22.118	Paripucchita
romn/s0303m.mul.xml	119	S iii 166,9	SN	S	22.119	Dutiyaparipucchita
romn/s0303m.mul.xml	120	S iii 166,25	SN	S	22.120	Saṃyojaniya
romn/s0303m.mul.xml	121	S iii 167,5	SN	S	22.121	Upādāniya
romn/s0303m.mul.xml	122	S iii 167,17	SN	S	22.122	Sīlavanta
romn/s0303m.mul.xml	123	S iii 169,4	SN	S	22.123	Sutavanta
romn/s0303m.mul.xml	124	S iii 169,6	SN	S	22.124	Kappa
romn/s0303m.mul.xml	125	S iii 170,1	SN	S	22.125	Dutiyakappa
romn/s0303m.mul.xml	126	S iii 170,29	SN	S	22.126	Samudayadhamma
romn/s0303m.mul.xml	127	S iii 172,13	SN	S	22.127	Dutiyasamudayadhamma
romn/s0303m.mul.xml	128	S iii 172,13	SN	S	22.128	Tatiyasamudayadhamma
romn/s0303m.mul.xml	129	S iii 173,18	SN	S	22.129	Assāda
romn/s0303m.mul.xml	130	S iii 173,31	SN	S	22.130	Dutiyāssāda
romn/s0303m.mul.xml	131	S iii 174,9	SN	S	22.131	Samudaya
romn/s0303m.mul.xml	132	S iii 174,21	SN	S	22.132	Dutiyasamudaya
romn/s0303m.mul.xml	133	S iii 175,1	SN	S	22.133	Koṭṭhika
romn/s0303m.mul.xml	134	S iii 175,26	SN	S	22.134	Dutiyakoṭṭhika
romn/s0303m.mul.xml	135	S iii 176,14	SN	S	22.135	Tatiyakoṭṭhika
romn/s0303m.mul.xml	136	S iii 177,15	SN	S	22.136	Kukkuḷa
romn/s0303m.mul.xml	137	S iii 177,25	SN	S	22.137	Anicca
romn/s0303m.mul.xml	138	S iii 178,7	SN	S	22.138	Dutiyānicca
romn/s0303m.mul.xml	139	S iii 178,14	SN	S	22.139	Tatiyānicca
romn/s0303m.mul.xml	140	S iii 178,23	SN	S	22.140	Dukkha
romn/s0303m.mul.xml	141	S iii 178,23	SN	S	22.141	Dutiyadukkha
romn/s0303m.mul.xml	142	S iii 178,23	SN	S	22.142	Tatiyadukkha
romn/s0303m.mul.xml	143	S iii 178,29	SN	S	22.143	Anatta
romn/s0303m.mul.xml	144	S iii 178,29	SN	S	22.144	Dutiyānatta
romn/s0303m.mul.xml	145	S iii 179,10	SN	S	22.145	Tatiyānatta
romn/s0303m.mul.xml	146	S iii 179,10	SN	S	22.146	Nibbidābahula
romn/s0303m.mul.xml	147	S iii 179,27	SN	S	22.147	Aniccānupassī
romn/s0303m.mul.xml	149	S iii 180,2	SN	S	22.149	Anattānupassī
romn/s0303m.mul.xml	150	S iii 180,25	SN	S	22.150	Ajjhatta
romn/s0303m.mul.xml	151	S iii 181,27	SN	S	22.151	Etaṃmama
romn/s0303m.mul.xml	152	S iii 182,17	SN	S	22.152	Soattā
romn/s0303m.mul.xml	153	S iii 183,25	SN	S	22.153	Nocamesiyā
romn/s0303m.mul.xml	154	S iii 184,21	SN	S	22.154	Micchādiṭṭhi
romn/s0303m.mul.xml	155	S iii 185,8	SN	S	22.155	Sakkāyadiṭṭhi
romn/s0303m.mul.xml	156	S iii 185,30	SN	S	22.156	Attānudiṭṭhi
romn/s0303m.mul.xml	157	S iii 186,17	SN	S	22.157	Abhinivesa
romn/s0303m.mul.xml	158	S iii 187,1	SN	S	22.158	Dutiyābhinivesa
romn/s0303m.mul.xml	159	S iii 187,6	SN	S	22.159	Ānanda
romn/s0303m.mul.xml	160	S iii 188,15	SN	S	23.1	Māra
romn/s0303m.mul.xml	161	S iii 189,30	SN	S	23.2	Satta
romn/s0303m.mul.xml	162	S iii 190,26	SN	S	23.3	Bhavanetti
romn/s0303m.mul.xml	163	S iii 191,8	SN	S	23.4	Pariññeyya
romn/s0303m.mul.xml	164	S iii 191,25	SN	S	23.5	Samaṇa
romn/s0303m.mul.xml	165	S iii 192,16	SN	S	23.6	Dutiyasamaṇa
romn/s0303m.mul.xml	166	S iii 192,27	SN	S	23.7	Sotāpanna
romn/s0303m.mul.xml	167	S iii 193,6	SN	S	23.8	Arahanta
romn/s0303m.mul.xml	168	S iii 193,19	SN	S	23.9	Chandarāga
romn/s0303m.mul.xml	169	S iii 194,4	SN	S	23.10	Dutiyachandarāga
romn/s0303m.mul.xml	170	S iii 195,2	SN	S	23.11	Māra
romn/s0303m.mul.xml	171	S iii 195,10	SN	S	23.12	Māradhamma
romn/s0303m.mul.xml	172	S iii 195,20	SN	S	23.13	Anicca
romn/s0303m.mul.xml	173	S iii 195,26	SN	S	23.14	Aniccadhamma
romn/s0303m.mul.xml	174	S iii 196,4	SN	S	23.15	Dukkha
romn/s0303m.mul.xml	175	S iii 196,11	SN	S	23.16	Dukkhadhamma
romn/s0303m.mul.xml	176	S iii 196,20	SN	S	23.17	Anatta
romn/s0303m.mul.xml	177	S iii 196,27	SN	S	23.18	Anattadhamma
romn/s0303m.mul.xml	178	S iii 197,4	SN	S	23.19	Khayadhamma
romn/s0303m.mul.xml	179	S iii 197,12	SN	S	23.20	Vayadhamma
romn/s0303m.mul.xml	180	S iii 197,21	SN	S	23.21	Samudayadhamma
romn/s0303m.mul.xml	181	S iii 197,30	SN	S	23.22	Nirodhadhamma
romn/s0303m.mul.xml	182	S iii 198,19	SN	S	23.23	Mārādisuttaekādasakaṃ
romn/s0303m.mul.xml	184	S iii 198,19	SN	S	23.25	Mārādisuttaekādasakaṃ
romn/s0303m.mul.xml	193	S iii 198,25	SN	S	23.24	Nirodhadhamma
romn/s0303m.mul.xml	205	S iii 201,12	SN	S	23.26	Nirodhadhamma
romn/s0303m.mul.xml	206	S iii 202,3	SN	S	24.1	Vāta
romn/s0303m.mul.xml	207	S iii 203,30	SN	S	24.2	Etaṃmama
romn/s0303m.mul.xml	208	S iii 204,32	SN	S	24.3	Soattā
romn/s0303m.mul.xml	209	S iii 205,30	SN	S	24.4	Nocamesiyā
romn/s0303m.mul.xml	210	S iii 206,26	SN	S	24.5	Natthidinna
romn/s0303m.mul.xml	211	S iii 208,18	SN	S	24.6	Karoto
romn/s0303m.mul.xml	212	S iii 210,1	SN	S	24.7	Hetu
romn/s0303m.mul.xml	213	S iii 211,4	SN	S	24.8	Mahādiṭṭhi
romn/s0303m.mul.xml	214	S iii 213,14	SN	S	24.9	Sassatadiṭṭhi
romn/s0303m.mul.xml	215	S iii 214,10	SN	S	24.10	Asassatadiṭṭhi
romn/s0303m.mul.xml	216	S iii 214,30	SN	S	24.11	Antavā
romn/s0303m.mul.xml	217	S iii 215,1	SN	S	24.12	Anantavā
romn/s0303m.mul.xml	218	S iii 215,7	SN	S	24.13	Taṃjīvaṃtaṃsarīraṃ
romn/s0303m.mul.xml	219	S iii 215,13	SN	S	24.14	Aññaṃjīvaṃaññaṃsarīraṃ
romn/s0303m.mul.xml	220	S iii 215,19	SN	S	24.15	Hotitathāgato
romn/s0303m.mul.xml	221	S iii 215,25	SN	S	24.16	Nahotitathāgato
romn/s0303m.mul.xml	222	S iii 215,31	SN	S	24.17	Hoticanacahotitathāgato
romn/s0303m.mul.xml	223	S iii 216,5	SN	S	24.18	Nevahotinanahotitathāgato
romn/s0303m.mul.xml	224	S iii 217,15	SN	S	24.19	Vāta
romn/s0303m.mul.xml	241	S iii 217,2	SN	S	24.20	Nevahotinanahoti
romn/s0303m.mul.xml	242	S iii 218,25	SN	S	24.21	Rūpīattā
romn/s0303m.mul.xml	243	S iii 219,21	SN	S	24.22	Arūpīattā
romn/s0303m.mul.xml	244	S iii 219,25	SN	S	24.23	Rūpīcārūpīcāttā
romn/s0303m.mul.xml	245	S iii 219,27	SN	S	24.24	Nevarūpīnārūpīattā
romn/s0303m.mul.xml	246	S iii 219,29	SN	S	24.25	Ekantasukhī
romn/s0303m.mul.xml	247	S iii 220,1	SN	S	24.26	Ekantadukkhī
romn/s0303m.mul.xml	248	S iii 220,3	SN	S	24.27	Sukhadukkhī
romn/s0303m.mul.xml	249	S iii 220,5	SN	S	24.28	Adukkhamasukhī
romn/s0303m.mul.xml	250	S iii 221,8	SN	S	24.29	Navāta
romn/s0303m.mul.xml	275	S iii 222,1	SN	S	24.30	Adukkhamasukhī
romn/s0303m.mul.xml	276	S iii 222,31	SN	S	24.31	Navāta
romn/s0303m.mul.xml	301	S iii 223,24	SN	S	24.32	Adukkhamasukhī
romn/s0303m.mul.xml	302	S iii 225,2	SN	S	25.1	Cakkhu
romn/s0303m.mul.xml	303	S iii 225,26	SN	S	25.2	Rūpa
romn/s0303m.mul.xml	304	S iii 226,13	SN	S	25.3	Viññāṇa
romn/s0303m.mul.xml	305	S iii 226,19	SN	S	25.4	Samphassa
romn/s0303m.mul.xml	306	S iii 226,26	SN	S	25.5	Samphassajā
romn/s0303m.mul.xml	307	S iii 227,1	SN	S	25.6	Rūpasaññā
romn/s0303m.mul.xml	308	S iii 227,8	SN	S	25.7	Rūpasañcetanā
romn/s0303m.mul.xml	309	S iii 227,15	SN	S	25.8	Rūpataṇhā
romn/s0303m.mul.xml	310	S iii 227,22	SN	S	25.9	Pathavīdhātu
romn/s0303m.mul.xml	311	S iii 227,28	SN	S	25.10	Khandha
romn/s0303m.mul.xml	312	S iii 228,23	SN	S	26.1	Cakkhu
romn/s0303m.mul.xml	313	S iii 229,11	SN	S	26.2	Rūpa
romn/s0303m.mul.xml	314	S iii 229,27	SN	S	26.3	Viññāṇa
romn/s0303m.mul.xml	315	S iii 230,1	SN	S	26.4	Samphassa
romn/s0303m.mul.xml	316	S iii 230,8	SN	S	26.5	Samphassaja
romn/s0303m.mul.xml	317	S iii 230,16	SN	S	26.6	Saññā
romn/s0303m.mul.xml	318	S iii 230,23	SN	S	26.7	Sañcetanā
romn/s0303m.mul.xml	319	S iii 230,30	SN	S	26.8	Taṇhā
romn/s0303m.mul.xml	320	S iii 231,4	SN	S	26.9	Dhātu
romn/s0303m.mul.xml	321	S iii 231,12	SN	S	26.10	Khandha
romn/s0303m.mul.xml	322	S iii 232,2	SN	S	27.1	Cakkhu
romn/s0303m.mul.xml	323	S iii 232,13	SN	S	27.2	Rūpa
romn/s0303m.mul.xml	324	S iii 232,23	SN	S	27.3	Viññāṇa
romn/s0303m.mul.xml	325	S iii 233,3	SN	S	27.4	Samphassa
romn/s0303m.mul.xml	326	S iii 233,11	SN	S	27.5	Samphassaja
romn/s0303m.mul.xml	327	S iii 233,20	SN	S	27.6	Saññā
romn/s0303m.mul.xml	328	S iii 233,28	SN	S	27.7	Sañcetanā
romn/s0303m.mul.xml	329	S iii 234,5	SN	S	27.8	Taṇhā
romn/s0303m.mul.xml	330	S iii 234,13	SN	S	27.9	Dhātu
romn/s0303m.mul.xml	331	S iii 234,23	SN	S	27.10	Khandha
romn/s0303m.mul.xml	332	S iii 235,7	SN	S	28.1	Vivekaja
romn/s0303m.mul.xml	333	S iii 236,6	SN	S	28.2	Avitakka
romn/s0303m.mul.xml	334	S iii 236,24	SN	S	28.3	Pīti
romn/s0303m.mul.xml	335	S iii 237,3	SN	S	28.4	Upekkhā
romn/s0303m.mul.xml	336	S iii 237,13	SN	S	28.5	Ākāsānañcāyatana
romn/s0303m.mul.xml	337	S iii 237,19	SN	S	28.6	Viññāṇañcāyatana
romn/s0303m.mul.xml	338	S iii 237,24	SN	S	28.7	Ākiñcaññāyatana
romn/s0303m.mul.xml	339	S iii 237,12	SN	S	28.8	Nevasaññānāsaññāyatana
romn/s0303m.mul.xml	340	S iii 238,6	SN	S	28.9	Nirodhasamāpatti
romn/s0303m.mul.xml	341	S iii 238,19	SN	S	28.10	Sūcimukhī
romn/s0303m.mul.xml	342	S iii 240,15	SN	S	29.1	Suddhika
romn/s0303m.mul.xml	343	S iii 240,20	SN	S	29.2	Paṇītatara
romn/s0303m.mul.xml	344	S iii 241,8	SN	S	29.3	Uposatha
romn/s0303m.mul.xml	345	S iii 242,1	SN	S	29.4	Dutiyauposatha
romn/s0303m.mul.xml	346	S iii 242,12	SN	S	29.5	Tatiyauposatha
romn/s0303m.mul.xml	347	S iii 242,22	SN	S	29.6	Catutthauposatha
romn/s0303m.mul.xml	348	S iii 243,10	SN	S	29.7	Suta
romn/s0303m.mul.xml	349	S iii 243,27	SN	S	29.8	Dutiyasuta
romn/s0303m.mul.xml	350	S iii 244,4	SN	S	29.9	Tatiyasuta
romn/s0303m.mul.xml	351	S iii 244,14	SN	S	29.10	Catutthasuta
romn/s0303m.mul.xml	352	S iii 244,30	SN	S	29.11	Aṇḍajadānūpakārasuttadasakaṃ
romn/s0303m.mul.xml	353	S iii 245,17	SN	S	29.12	Jalābujādidānūpakārasuttattiṃsakaṃ
romn/s0303m.mul.xml	392	S iii 246,15	SN	S	30.1	Suddhika
romn/s0303m.mul.xml	393	S iii 247,1	SN	S	30.2	Haranti
romn/s0303m.mul.xml	394	S iii 247,15	SN	S	30.3	Dvayakārī
romn/s0303m.mul.xml	395	S iii 247,34	SN	S	30.4	Dutiyādidvayakārīsuttattikaṃ
romn/s0303m.mul.xml	396	S iii 248,16	SN	S	30.5	Aṇḍajadānūpakārasuttadasakaṃ
romn/s0303m.mul.xml	397	S iii 248,35	SN	S	30.6	Jalābujādidānūpakārasuttatiṃsakaṃ
romn/s0303m.mul.xml	438	S iii 249,26	SN	S	31.1	Suddhika
romn/s0303m.mul.xml	439	S iii 250,14	SN	S	31.2	Sucarita
romn/s0303m.mul.xml	440	S iii 250,31	SN	S	31.3	Mūlagandhadātā
romn/s0303m.mul.xml	441	S iii 251,17	SN	S	31.4	Sāragandhādidātāsuttanavakaṃ
romn/s0303m.mul.xml	443	S iii 253,1	SN	S	31.6	Sāragandhādidānūpakārasuttanavutikaṃ
romn/s0303m.mul.xml	450	S iii 252,12	SN	S	31.5	Mūlagandhadānūpakārasuttadasakaṃ
romn/s0303m.mul.xml	550	S iii 254,2	SN	S	32.1	Suddhika
romn/s0303m.mul.xml	551	S iii 254,11	SN	S	32.2	Sucarita
romn/s0303m.mul.xml	552	S iii 254,27	SN	S	32.3	Sītavalāhakadānūpakārasuttadasakaṃ
romn/s0303m.mul.xml	562	S iii 255,16	SN	S	32.4	Uṇhavalāhakadānūpakārasuttacālīsakaṃ
romn/s0303m.mul.xml	602	S iii 256,1	SN	S	32.5	Sītavalāhaka
romn/s0303m.mul.xml	603	S iii 256,10	SN	S	32.6	Uṇhavalāhaka
romn/s0303m.mul.xml	604	S iii 256,19	SN	S	32.7	Abbhavalāhaka
romn/s0303m.mul.xml	605	S iii 256,28	SN	S	32.8	Vātavalāhaka
romn/s0303m.mul.xml	606	S iii 257,5	SN	S	32.9	Vassavalāhaka
romn/s0303m.mul.xml	607	S iii 257,22	SN	S	33.1	Rūpāññāṇa
romn/s0303m.mul.xml	608	S iii 258,17	SN	S	33.2	Vedanāaññāṇa
romn/s0303m.mul.xml	609	S iii 258,33	SN	S	33.3	Saññāaññāṇa
romn/s0303m.mul.xml	610	S iii 259,14	SN	S	33.4	Saṅkhārāññāṇa
romn/s0303m.mul.xml	611	S iii 259,29	SN	S	33.5	Viññāṇāññāṇa
romn/s0303m.mul.xml	612	S iii 260,9	SN	S	33.6	Rūpādassanādisuttapañcakaṃ
romn/s0303m.mul.xml	613	S iii 260,22	SN	S	33.7	Rūpānabhisamayādisuttapañcakaṃ
romn/s0303m.mul.xml	614	S iii 261,1	SN	S	33.8	Rūpānanubodhādisuttapañcakaṃ
romn/s0303m.mul.xml	615	S iii 261,12	SN	S	33.9	Rūpāppaṭivedhādisuttapañcakaṃ
romn/s0303m.mul.xml	616	S iii 261,17	SN	S	33.10	Rūpāsallakkhaṇādisuttapañcakaṃ
romn/s0303m.mul.xml	617	S iii 261,20	SN	S	33.11	Rūpānupalakkhaṇādisuttapañcakaṃ
romn/s0303m.mul.xml	618	S iii 261,23	SN	S	33.12	Rūpāppaccupalakkhaṇādisuttapañcakaṃ
romn/s0303m.mul.xml	619	S iii 261,26	SN	S	33.13	Rūpāsamapekkhaṇādisuttapañcakaṃ
romn/s0303m.mul.xml	620	S iii 262,1	SN	S	33.14	Rūpāppaccupekkhaṇādisuttapañcakaṃ
romn/s0303m.mul.xml	621	S iii 262,18	SN	S	33.15	Rūpāppaccakkhakammādisuttacatukkaṃ
romn/s0303m.mul.xml	661	S iii 262,25	SN	S	33.16	Viññāṇāppaccakkhakamma
romn/s0303m.mul.xml	662	S iii 263,21	SN	S	34.1	Samādhimūlakasamāpatti
romn/s0303m.mul.xml	663	S iii 264,20	SN	S	34.2	Samādhimūlakaṭhiti
romn/s0303m.mul.xml	664	S iii 265,8	SN	S	34.3	Samādhimūlakavuṭṭhāna
romn/s0303m.mul.xml	665	S iii 265,24	SN	S	34.4	Samādhimūlakakallita
romn/s0303m.mul.xml	666	S iii 266,10	SN	S	34.5	Samādhimūlakāarammaṇa
romn/s0303m.mul.xml	667	S iii 266,26	SN	S	34.6	Samādhimūlakagocara
romn/s0303m.mul.xml	668	S iii 267,10	SN	S	34.7	Samādhimūlakābhinīhāra
romn/s0303m.mul.xml	669	S iii 267,26	SN	S	34.8	Samādhimūlakasakkaccakārī
romn/s0303m.mul.xml	670	S iii 268,9	SN	S	34.9	Samādhimūlakasātaccakārī
romn/s0303m.mul.xml	671	S iii 268,26	SN	S	34.10	Samādhimūlakasappāyakārī
romn/s0303m.mul.xml	672	S iii 269,9	SN	S	34.11	Samāpattimūlakaṭhiti
romn/s0303m.mul.xml	673	S iii 269,25	SN	S	34.12	Samāpattimūlakavuṭṭhāna
romn/s0303m.mul.xml	674	S iii 270,4	SN	S	34.13	Samāpattimūlakakallita
romn/s0303m.mul.xml	675	S iii 270,16	SN	S	34.14	Samāpattimūlakāarammaṇa
romn/s0303m.mul.xml	676	S iii 270,29	SN	S	34.15	Samāpattimūlakagocara
romn/s0303m.mul.xml	677	S iii 271,5	SN	S	34.16	Samāpattimūlakābhinīhāra
romn/s0303m.mul.xml	678	S iii 271,13	SN	S	34.17	Samāpattimūlakasakkacca
romn/s0303m.mul.xml	679	S iii 271,21	SN	S	34.18	Samāpattimūlakasātacca
romn/s0303m.mul.xml	680	S iii 271,29	SN	S	34.19	Samāpattimūlakasappāyakārī
romn/s0303m.mul.xml	681	S iii 272,21	SN	S	34.20	Ṭhitimūlakavuṭṭhānasuttādiaṭṭhakaṃ
romn/s0303m.mul.xml	689	S iii 273,26	SN	S	34.21	Vuṭṭhānamūlakakallitasuttādisattakaṃ
romn/s0303m.mul.xml	696	S iii 275,1	SN	S	34.22	Kallitamūlakāarammaṇasuttādichakkaṃ
romn/s0303m.mul.xml	702	S iii 275,24	SN	S	34.23	Ārammaṇamūlakagocarasuttādipañcakaṃ
romn/s0303m.mul.xml	707	S iii 276,9	SN	S	34.24	Gocaramūlakābhinīhārasuttādicatukkaṃ
romn/s0303m.mul.xml	711	S iii 276,29	SN	S	34.25	Abhinīhāramūlakasakkaccasuttāditikaṃ
romn/s0303m.mul.xml	714	S iii 277,13	SN	S	34.26	Sakkaccamūlakasātaccakārīsuttādidukaṃ
romn/s0303m.mul.xml	716	S iii 277,25	SN	S	34.27	Sātaccamūlakasappāyakārī
romn/s0304m.mul.xml	1	S iv 1,10	SN	S	35.1	Ajjhattānicca
romn/s0304m.mul.xml	2	S iv 2,8	SN	S	35.2	Ajjhattadukkha
romn/s0304m.mul.xml	3	S iv 2,19	SN	S	35.3	Ajjhattānatta
romn/s0304m.mul.xml	4	S iv 2,29	SN	S	35.4	Bāhirānicca
romn/s0304m.mul.xml	5	S iv 3,14	SN	S	35.5	Bāhiradukkha
romn/s0304m.mul.xml	6	S iv 3,24	SN	S	35.6	Bāhirānatta
romn/s0304m.mul.xml	7	S iv 4,1	SN	S	35.7	Ajjhattāniccātītānāgata
romn/s0304m.mul.xml	8	S iv 4,19	SN	S	35.8	Ajjhattadukkhātītānāgata
romn/s0304m.mul.xml	9	S iv 4,31	SN	S	35.9	Ajjhattānattātītānāgata
romn/s0304m.mul.xml	10	S iv 5,11	SN	S	35.10	Bāhirāniccātītānāgata
romn/s0304m.mul.xml	11	S iv 5,23	SN	S	35.11	Bāhiradukkhātītānāgata
romn/s0304m.mul.xml	12	S iv 6,7	SN	S	35.12	Bāhirānattātītānāgata
romn/s0304m.mul.xml	13	S iv 6,26	SN	S	35.13	Paṭhamapubbesambodha
romn/s0304m.mul.xml	14	S iv 8,3	SN	S	35.14	Dutiyapubbesambodha
romn/s0304m.mul.xml	15	S iv 8,27	SN	S	35.15	Paṭhamāssādapariyesana
romn/s0304m.mul.xml	16	S iv 9,32	SN	S	35.16	Dutiyāssādapariyesana
romn/s0304m.mul.xml	17	S iv 10,23	SN	S	35.17	Paṭhamanoceassāda
romn/s0304m.mul.xml	18	S iv 12,5	SN	S	35.18	Dutiyanoceassāda
romn/s0304m.mul.xml	19	S iv 13,11	SN	S	35.19	Paṭhamābhinanda
romn/s0304m.mul.xml	20	S iv 13,26	SN	S	35.20	Dutiyābhinanda
romn/s0304m.mul.xml	21	S iv 14,7	SN	S	35.21	Paṭhamadukkhuppāda
romn/s0304m.mul.xml	22	S iv 14,22	SN	S	35.22	Dutiyadukkhuppāda
romn/s0304m.mul.xml	23	S iv 15,10	SN	S	35.23	Sabba
romn/s0304m.mul.xml	24	S iv 15,22	SN	S	35.24	Pahāna
romn/s0304m.mul.xml	25	S iv 16,15	SN	S	35.25	Abhiññāpariññāpahāna
romn/s0304m.mul.xml	26	S iv 17,8	SN	S	35.26	Paṭhamāparijānana
romn/s0304m.mul.xml	27	S iv 18,25	SN	S	35.27	Dutiyāparijānana
romn/s0304m.mul.xml	28	S iv 19,22	SN	S	35.28	Āditta
romn/s0304m.mul.xml	29	S iv 20,29	SN	S	35.29	Addhabhūta
romn/s0304m.mul.xml	30	S iv 21,31	SN	S	35.30	Samugghātasāruppa
romn/s0304m.mul.xml	31	S iv 23,13	SN	S	35.31	Paṭhamasamugghātasappāya
romn/s0304m.mul.xml	32	S iv 24,23	SN	S	35.32	Dutiyasamugghātasappāya
romn/s0304m.mul.xml	33	S iv 26,26	SN	S	35.33	(SN 35.33–42 ) Jātidhammādisuttadasakaṃ
romn/s0304m.mul.xml	43	S iv 28,17	SN	S	35.34	(SN 35.43–51 ) Aniccādisuttanavakaṃ
romn/s0304m.mul.xml	52	S iv 29,13	SN	S	35.35	(SN 35.52) Upassaṭṭha
romn/s0304m.mul.xml	53	S iv 30,22	SN	S	35.36	(SN 35.53) Avijjāpahāna
romn/s0304m.mul.xml	54	S iv 31,20	SN	S	35.37	(SN 35.54) Saṃyojanapahāna
romn/s0304m.mul.xml	55	S iv 31,31	SN	S	35.38	(SN 35.55) Saṃyojanasamugghāta
romn/s0304m.mul.xml	56	S iv 32,9	SN	S	35.39	(SN 35.56) Āsavapahāna
romn/s0304m.mul.xml	57	S iv 32,9	SN	S	35.40	(SN 35.57) Āsavasamugghāta
romn/s0304m.mul.xml	58	S iv 32,13	SN	S	35.41	(SN 35.58) Anusayapahāna
romn/s0304m.mul.xml	59	S iv 32,13	SN	S	35.42	(SN 35.59) Anusayasamugghāta
romn/s0304m.mul.xml	60	S iv 32,26	SN	S	35.43	(SN 35.60) Sabbupādānapariññā
romn/s0304m.mul.xml	61	S iv 33,18	SN	S	35.44	(SN 35.61) Paṭhamasabbupādānapariyādāna
romn/s0304m.mul.xml	62	S iv 34,6	SN	S	35.45	(SN 35.62) Dutiyasabbupādānapariyādāna
romn/s0304m.mul.xml	63	S iv 35,26	SN	S	35.46	(SN 35.63) Paṭhamamigajāla
romn/s0304m.mul.xml	64	S iv 37,17	SN	S	35.47	(SN 35.64) Dutiyamigajāla
romn/s0304m.mul.xml	65	S iv 38,28	SN	S	35.48	(SN 35.65) Paṭhamasamiddhimārapañhā
romn/s0304m.mul.xml	66	S iv 39,20	SN	S	35.49	(SN 35.66) Samiddhisattapañhā
romn/s0304m.mul.xml	67	S iv 39,23	SN	S	35.50	(SN 35.67) Samiddhidukkhapañhā
romn/s0304m.mul.xml	68	S iv 39,27	SN	S	35.51	(SN 35.68) Samiddhilokapañhā
romn/s0304m.mul.xml	69	S iv 40,11	SN	S	35.52	(SN 35.69) Upasenāasīvisa
romn/s0304m.mul.xml	70	S iv 41,15	SN	S	35.53	(SN 35.70) Upavāṇasandiṭṭhika
romn/s0304m.mul.xml	71	S iv 43,11	SN	S	35.54	(SN 35.71) Paṭhamachaphassāyatana
romn/s0304m.mul.xml	72	S iv 44,1	SN	S	35.55	(SN 35.72) Dutiyachaphassāyatana
romn/s0304m.mul.xml	73	S iv 44,33	SN	S	35.56	(SN 35.73) Tatiyachaphassāyatana
romn/s0304m.mul.xml	74	S iv 46,2	SN	S	35.57	(SN 35.74) Paṭhamagilāna
romn/s0304m.mul.xml	75	S iv 46,3	SN	S	35.58	(SN 35.75) Dutiyagilāna
romn/s0304m.mul.xml	76	S iv 48,15	SN	S	35.59	(SN 35.76) Rādhānicca
romn/s0304m.mul.xml	77	S iv 49,3	SN	S	35.60	(SN 35.77) Rādhadukkha
romn/s0304m.mul.xml	78	S iv 49,13	SN	S	35.61	(SN 35.78) Rādhānatta
romn/s0304m.mul.xml	79	S iv 49,24	SN	S	35.62	(SN 35.79) Paṭhamāvijjāpahāna
romn/s0304m.mul.xml	80	S iv 50,13	SN	S	35.63	(SN 35.80) Dutiyāvijjāpahāna
romn/s0304m.mul.xml	81	S iv 50,27	SN	S	35.64	(SN 35.81) Sambahulabhikkhu
romn/s0304m.mul.xml	82	S iv 52,3	SN	S	35.65	(SN 35.82) Lokapañhā
romn/s0304m.mul.xml	83	S iv 52,16	SN	S	35.66	(SN 35.83) Phaggunapañhā
romn/s0304m.mul.xml	84	S iv 53,10	SN	S	35.67	(SN 35.84) Palokadhamma
romn/s0304m.mul.xml	85	S iv 54,1	SN	S	35.68	(SN 35.85) Suññataloka
romn/s0304m.mul.xml	86	S iv 54,17	SN	S	35.69	(SN 35.86) Saṃkhittadhamma
romn/s0304m.mul.xml	87	S iv 55,28	SN	S	35.70	(SN 35.87) Channa
romn/s0304m.mul.xml	88	S iv 60,6	SN	S	35.71	(SN 35.88) Puṇṇa
romn/s0304m.mul.xml	89	S iv 63,19	SN	S	35.72	(SN 35.89) Bāhiya
romn/s0304m.mul.xml	90	S iv 64,32	SN	S	35.73	(SN 35.90) Paṭhamaejā
romn/s0304m.mul.xml	91	S iv 66,3	SN	S	35.74	(SN 35.91) Dutiyaejā
romn/s0304m.mul.xml	92	S iv 67,10	SN	S	35.75	(SN 35.92) Paṭhamadvaya
romn/s0304m.mul.xml	93	S iv 67,23	SN	S	35.76	(SN 35.93) Dutiyadvaya
romn/s0304m.mul.xml	94	S iv 69	SN	S	35.77	(SN 35.94) Adantāgutta
romn/s0304m.mul.xml	95	S iv 72,1	SN	S	35.78	(SN 35.95) Mālukyaputta
romn/s0304m.mul.xml	96	S iv 76,21	SN	S	35.79	(SN 35.96) Parihānadhamma
romn/s0304m.mul.xml	97	S iv 78,1	SN	S	35.80	(SN 35.97) Pamādavihārī
romn/s0304m.mul.xml	98	S iv 79,14	SN	S	35.81	(SN 35.98) Saṃvara
romn/s0304m.mul.xml	99	S iv 80,11	SN	S	35.82	(SN 35.99) Samādhi
romn/s0304m.mul.xml	100	S iv 80,29	SN	S	35.83	(SN 35.100) Paṭisallāna
romn/s0304m.mul.xml	101	S iv 81,9	SN	S	35.84	(SN 35.101) Paṭhamanatumhākaṃ
romn/s0304m.mul.xml	102	S iv 82,29	SN	S	35.85	(SN 35.102) Dutiyanatumhākaṃ
romn/s0304m.mul.xml	103	S iv 83,1	SN	S	35.86	(SN 35.103) Udaka
romn/s0304m.mul.xml	104	S iv 84,2	SN	S	35.87	(SN 35.104) Yogakkhemi
romn/s0304m.mul.xml	105	S iv 85,19	SN	S	35.88	(SN 35.105) Upādāya
romn/s0304m.mul.xml	106	S iv 86,14	SN	S	35.89	(SN 35.106) Dukkhasamudaya
romn/s0304m.mul.xml	107	S iv 87,9	SN	S	35.90	(SN 35.107) Lokasamudaya
romn/s0304m.mul.xml	108	S iv 88,1	SN	S	35.91	(SN 35.108) Seyyohamasmi
romn/s0304m.mul.xml	109	S iv 89,1	SN	S	35.92	(SN 35.109) Saṃyojaniya
romn/s0304m.mul.xml	110	S iv 89,12	SN	S	35.93	(SN 35.110) Upādāniya
romn/s0304m.mul.xml	111	S iv 89,23	SN	S	35.94	(SN 35.111) Ajjhattikāyatanaparijānana
romn/s0304m.mul.xml	112	S iv 90,1	SN	S	35.95	(SN 35.112) Bāhirāyatanaparijānana
romn/s0304m.mul.xml	113	S iv 90,10	SN	S	35.96	(SN 35.113) Upassuti
romn/s0304m.mul.xml	114	S iv 91,18	SN	S	35.97	(SN 35.114) Paṭhamamārapāsa
romn/s0304m.mul.xml	115	S iv 92,15	SN	S	35.98	(SN 35.115) Dutiyamārapāsa
romn/s0304m.mul.xml	116	S iv 93,5	SN	S	35.99	(SN 35.116) Lokantagamana
romn/s0304m.mul.xml	117	S iv 97,17	SN	S	35.100	(SN 35.117) Kāmaguṇa
romn/s0304m.mul.xml	118	S iv 101,27	SN	S	35.101	(SN 35.118) Sakkapañha
romn/s0304m.mul.xml	119	S iv 103,1	SN	S	35.102	(SN 35.119) Pañcasikha
romn/s0304m.mul.xml	120	S iv 103,16	SN	S	35.103	(SN 35.120) Sāriputtasaddhivihārika
romn/s0304m.mul.xml	121	S iv 105,11	SN	S	35.104	(SN 35.121) Rāhulovāda
romn/s0304m.mul.xml	122	S iv 107,33	SN	S	35.105	(SN 35.122) Saṃyojaniyadhamma
romn/s0304m.mul.xml	123	S iv 108,14	SN	S	35.106	(SN 35.123) Upādāniyadhamma
romn/s0304m.mul.xml	124	S iv 109,2	SN	S	35.107	(SN 35.124) Vesālī
romn/s0304m.mul.xml	125	S iv 109,20	SN	S	35.108	(SN 35.125) Vajjī
romn/s0304m.mul.xml	126	S iv 110,3	SN	S	35.109	(SN 35.126) Nāḷanda
romn/s0304m.mul.xml	127	S iv 110,16	SN	S	35.110	(SN 35.127) Bhāradvāja
romn/s0304m.mul.xml	128	S iv 113,13	SN	S	35.111	(SN 35.128) Soṇa
romn/s0304m.mul.xml	129	S iv 113,26	SN	S	35.112	(SN 35.129) Ghosita
romn/s0304m.mul.xml	130	S iv 115,1	SN	S	35.113	(SN 35.130) Hāliddikāni
romn/s0304m.mul.xml	131	S iv 116,12	SN	S	35.114	(SN 35.131) Nakulapitu
romn/s0304m.mul.xml	132	S iv 116,29	SN	S	35.115	(SN 35.132) Lohicca
romn/s0304m.mul.xml	133	S iv 121,17	SN	S	35.116	(SN 35.133) Verahaccāni
romn/s0304m.mul.xml	134	S iv 124,23	SN	S	35.117	(SN 35.134) Devadaha
romn/s0304m.mul.xml	135	S iv 126,1	SN	S	35.118	(SN 35.135) Khaṇa
romn/s0304m.mul.xml	136	S iv 126,28	SN	S	35.119	(SN 35.136) Paṭhamarūpārāma
romn/s0304m.mul.xml	137	S iv 127,4	SN	S	35.120	(SN 35.137) Dutiyarūpārāma
romn/s0304m.mul.xml	138	S iv 128,25	SN	S	35.121	(SN 35.138) Paṭhamanatumhākaṃ
romn/s0304m.mul.xml	139	S iv 129,15	SN	S	35.122	(SN 35.139) Dutiyanatumhākaṃ
romn/s0304m.mul.xml	140	S iv 129,30	SN	S	35.123	(SN 35.140) Ajjhattāniccahetu
romn/s0304m.mul.xml	141	S iv 130,12	SN	S	35.124	(SN 35.141) Ajjhattadukkhahetu
romn/s0304m.mul.xml	142	S iv 130,23	SN	S	35.125	(SN 35.142) Ajjhattānattahetu
romn/s0304m.mul.xml	143	S iv 131,4	SN	S	35.126	(SN 35.143) Bāhirāniccahetu
romn/s0304m.mul.xml	144	S iv 131,13	SN	S	35.127	(SN 35.144) Bāhiradukkhahetu
romn/s0304m.mul.xml	145	S iv 131,22	SN	S	35.128	(SN 35.145) Bāhirānattahetu
romn/s0304m.mul.xml	146	S iv 132,9	SN	S	35.129	(SN 35.146) Kammanirodha
romn/s0304m.mul.xml	147	S iv 133,19	SN	S	35.130	(SN 35.147) Aniccanibbānasappāya
romn/s0304m.mul.xml	148	S iv 134,10	SN	S	35.131	(SN 35.148) Dukkhanibbānasappāya
romn/s0304m.mul.xml	149	S iv 134,27	SN	S	35.132	(SN 35.149) Anattanibbānasappāya
romn/s0304m.mul.xml	150	S iv 135,10	SN	S	35.133	(SN 35.150) Nibbānasappāyapaṭipadā
romn/s0304m.mul.xml	151	S iv 136,4	SN	S	35.134	(SN 35.151) Antevāsika
romn/s0304m.mul.xml	152	S iv 138,4	SN	S	35.135	(SN 35.152) Kimatthiyabrahmacariya
romn/s0304m.mul.xml	153	S iv 138,29	SN	S	35.136	(SN 35.153) Atthinukhopariyāya
romn/s0304m.mul.xml	154	S iv 140,21	SN	S	35.137	(SN 35.154) Indriyasampanna
romn/s0304m.mul.xml	155	S iv 141,1	SN	S	35.138	(SN 35.155) Dhammakathikapuccha
romn/s0304m.mul.xml	156	S iv 142,3	SN	S	35.139	(SN 35.156) Ajjhattanandikkhaya
romn/s0304m.mul.xml	157	S iv 142,15	SN	S	35.140	(SN 35.157) Bāhiranandikkhaya
romn/s0304m.mul.xml	158	S iv 142,25	SN	S	35.141	(SN 35.158) Ajjhattāniccanandikkhaya
romn/s0304m.mul.xml	159	S iv 143,16	SN	S	35.142	(SN 35.159) Bāhirāniccanandikkhaya
romn/s0304m.mul.xml	160	S iv 144,17	SN	S	35.143	(SN 35.160) Jīvakambavanasamādhi
romn/s0304m.mul.xml	161	S iv 144,17	SN	S	35.144	(SN 35.161) Jīvakambavanapaṭisallāna
romn/s0304m.mul.xml	162	S iv 145,5	SN	S	35.145	(SN 35.162) Koṭṭhikānicca
romn/s0304m.mul.xml	163	S iv 146,1	SN	S	35.146	(SN 35.163) Koṭṭhikadukkha
romn/s0304m.mul.xml	164	S iv 146,20	SN	S	35.147	(SN 35.164) Koṭṭhikānatta
romn/s0304m.mul.xml	165	S iv 147,5	SN	S	35.148	(SN 35.165) Micchādiṭṭhipahāna
romn/s0304m.mul.xml	166	S iv 147,21	SN	S	35.149	(SN 35.166) Sakkāyadiṭṭhipahāna
romn/s0304m.mul.xml	167	S iv 148,1	SN	S	35.150	(SN 35.167) Attānudiṭṭhipahāna
romn/s0304m.mul.xml	168	S iv 148,27	SN	S	35.151	(SN 35.168) Ajjhattāniccachanda
romn/s0304m.mul.xml	169	S iv 149,7	SN	S	35.152	(SN 35.169) Ajjhattāniccarāga
romn/s0304m.mul.xml	170	S iv 149,16	SN	S	35.153	(SN 35.170) Ajjhattāniccachandarāga
romn/s0304m.mul.xml	171	S iv 149,26	SN	S	35.154	(SN 35.171-173) Dukkhachandādi
romn/s0304m.mul.xml	174	S iv 150,3	SN	S	35.155	(SN 35.174-176) Anattachandādi
romn/s0304m.mul.xml	177	S iv 150,14	SN	S	35.156	(SN 35.177-179) Bāhirāniccachandādi
romn/s0304m.mul.xml	180	S iv 150,25	SN	S	35.157	(SN 35.180-182) Bāhiradukkhachandādi
romn/s0304m.mul.xml	183	S iv 151,1	SN	S	35.158	(SN 35.183-185) Bāhirānattachandādi
romn/s0304m.mul.xml	186	S iv 151,11	SN	S	35.159	(SN 35.186) Ajjhattātītānicca
romn/s0304m.mul.xml	187	S iv 151,21	SN	S	35.160	(SN 35.187) Ajjhattānāgatānicca
romn/s0304m.mul.xml	188	S iv 151,27	SN	S	35.161	(SN 35.188) Ajjhattapaccuppannānicca
romn/s0304m.mul.xml	189	S iv 152,1	SN	S	35.162	(SN 35.189-191) Ajjhattātītādidukkha
romn/s0304m.mul.xml	192	S iv 152,7	SN	S	35.163	(SN 35.192-194) Ajjhattātītādianatta
romn/s0304m.mul.xml	195	S iv 152,13	SN	S	35.164	(SN 35.195-197) Bāhirātītādianicca
romn/s0304m.mul.xml	198	S iv 152,18	SN	S	35.165	(SN 35.198-200) Bāhirātītādidukkha
romn/s0304m.mul.xml	201	S iv 152,23	SN	S	35.166	(SN 35.201-203) Bāhirātītādianatta
romn/s0304m.mul.xml	204	S iv 152,28	SN	S	35.167	(SN 35.204) Ajjhattātītayadanicca
romn/s0304m.mul.xml	205	S iv 153,11	SN	S	35.168	(SN 35.205) Ajjhattānāgatayadanicca
romn/s0304m.mul.xml	206	S iv 153,24	SN	S	35.169	(SN 35.206) Ajjhattapaccuppannayadanicca
romn/s0304m.mul.xml	207	S iv 154,1	SN	S	35.170	(SN 35.207-209) Ajjhattātītādiyaṃdukkha
romn/s0304m.mul.xml	210	S iv 154,12	SN	S	35.171	(SN 35.210-212) Ajjhattātītādiyadanatta
romn/s0304m.mul.xml	213	S iv 154,22	SN	S	35.172	(SN 35.213-215) Bāhirātītādiyadanicca
romn/s0304m.mul.xml	216	S iv 155,1	SN	S	35.173	(SN 35.216-218) Bāhirātītādiyaṃdukkha
romn/s0304m.mul.xml	219	S iv 155,13	SN	S	35.174	(SN 35.219-221) Bāhirātītādiyadanatta
romn/s0304m.mul.xml	222	S iv 155,23	SN	S	35.175	(SN 35.222) Ajjhattāyatanānicca
romn/s0304m.mul.xml	223	S iv 155,27	SN	S	35.176	(SN 35.223) Ajjhattāyatanadukkha
romn/s0304m.mul.xml	224	S iv 156,1	SN	S	35.177	(SN 35.224) Ajjhattāyatanānatta
romn/s0304m.mul.xml	225	S iv 156,5	SN	S	35.178	(SN 35.225) Bāhirāyatanānicca
romn/s0304m.mul.xml	226	S iv 156,9	SN	S	35.179	(SN 35.226) Bāhirāyatanadukkha
romn/s0304m.mul.xml	227	S iv 156,12	SN	S	35.180	(SN 35.227) Bāhirāyatanānatta
romn/s0304m.mul.xml	228	S iv 157,2	SN	S	35.181	(SN 35.228) Paṭhamasamudda
romn/s0304m.mul.xml	229	S iv 157,26	SN	S	35.182	(SN 35.229) Dutiyasamudda
romn/s0304m.mul.xml	230	S iv 158,18	SN	S	35.183	(SN 35.230) Bāḷisikopama
romn/s0304m.mul.xml	231	S iv 159,29	SN	S	35.184	(SN 35.231) Khīrarukkhopama
romn/s0304m.mul.xml	232	S iv 162,23	SN	S	35.185	(SN 35.232) Koṭṭhika
romn/s0304m.mul.xml	233	S iv 165,13	SN	S	35.186	(SN 35.233) Kāmabhū
romn/s0304m.mul.xml	234	S iv 166,15	SN	S	35.187	(SN 35.234) Udāyī
romn/s0304m.mul.xml	235	S iv 168,10	SN	S	35.188	(SN 35.235) Ādittapariyāya
romn/s0304m.mul.xml	236	S iv 171,18	SN	S	35.189	(SN 35.236) Paṭhamahatthapādopama
romn/s0304m.mul.xml	237	S iv 172,5	SN	S	35.190	(SN 35.237) Dutiyahatthapādopama
romn/s0304m.mul.xml	238	S iv 172,18	SN	S	35.191	(SN 35.238) Āsīvisopama
romn/s0304m.mul.xml	239	S iv 175,25	SN	S	35.192	(SN 35.239) Rathopama
romn/s0304m.mul.xml	240	S iv 177,26	SN	S	35.193	(SN 35.240) Kummopama
romn/s0304m.mul.xml	241	S iv 179,5	SN	S	35.194	(SN 35.241) Paṭhamadārukkhandhopama
romn/s0304m.mul.xml	242	S iv 181,24	SN	S	35.195	(SN 35.242) Dutiyadārukkhandhopama
romn/s0304m.mul.xml	243	S iv 182,12	SN	S	35.196	(SN 35.243) Avassutapariyāya
romn/s0304m.mul.xml	244	S iv 188,3	SN	S	35.197	(SN 35.244) Dukkhadhamma
romn/s0304m.mul.xml	245	S iv 191,25	SN	S	35.198	(SN 35.245) Kiṃsukopama
romn/s0304m.mul.xml	246	S iv 195,14	SN	S	35.199	(SN 35.246) Vīṇopama
romn/s0304m.mul.xml	247	S iv 198,3	SN	S	35.200	(SN 35.247) Chappāṇakopama
romn/s0304m.mul.xml	248	S iv 201,1	SN	S	35.201	(SN 35.248) Yavakalāpi
romn/s0304m.mul.xml	249	S iv 204,12	SN	S	36.1	Samādhi
romn/s0304m.mul.xml	250	S iv 204,20	SN	S	36.2	Sukha
romn/s0304m.mul.xml	251	S iv 205,7	SN	S	36.3	Pahāna
romn/s0304m.mul.xml	252	S iv 206,6	SN	S	36.4	Pātāla
romn/s0304m.mul.xml	253	S iv 207,4	SN	S	36.5	Daṭṭhabba
romn/s0304m.mul.xml	254	S iv 207,23	SN	S	36.6	Salla
romn/s0304m.mul.xml	255	S iv 210,21	SN	S	36.7	Paṭhamagelañña
romn/s0304m.mul.xml	256	S iv 213,24	SN	S	36.8	Dutiyagelañña
romn/s0304m.mul.xml	257	S iv 214,27	SN	S	36.9	Anicca
romn/s0304m.mul.xml	258	S iv 215,1	SN	S	36.10	Phassamūlaka
romn/s0304m.mul.xml	259	S iv 216,8	SN	S	36.11	Rahogata
romn/s0304m.mul.xml	260	S iv 218,5	SN	S	36.12	Paṭhamāakāsa
romn/s0304m.mul.xml	261	S iv 219,1	SN	S	36.13	Dutiyāakāsa
romn/s0304m.mul.xml	262	S iv 219,8	SN	S	36.14	Agāra
romn/s0304m.mul.xml	263	S iv 219,24	SN	S	36.15	Paṭhamāananda
romn/s0304m.mul.xml	264	S iv 221,3	SN	S	36.16	Dutiyāananda
romn/s0304m.mul.xml	265	S iv 221,22	SN	S	36.17	Paṭhamasambahula
romn/s0304m.mul.xml	266	S iv 222,30	SN	S	36.18	Dutiyasambahula
romn/s0304m.mul.xml	267	S iv 223,11	SN	S	36.19	Pañcakaṅga
romn/s0304m.mul.xml	268	S iv 228,22	SN	S	36.20	Bhikkhu
romn/s0304m.mul.xml	269	S iv 230,2	SN	S	36.21	Sīvaka
romn/s0304m.mul.xml	270	S iv 231,20	SN	S	36.22	Aṭṭhasata
romn/s0304m.mul.xml	271	S iv 232,23	SN	S	36.23	Aññatarabhikkhu
romn/s0304m.mul.xml	272	S iv 233,12	SN	S	36.24	Pubba
romn/s0304m.mul.xml	273	S iv 233,12	SN	S	36.25	Ñāṇa
romn/s0304m.mul.xml	274	S iv 234,10	SN	S	36.26	(SN 36.25]) Sambahulabhikkhu
romn/s0304m.mul.xml	275	S iv 234,24	SN	S	36.27	(SN 36.26-28]) Paṭhamasamaṇabrāhmaṇa
romn/s0304m.mul.xml	276	S iv 235,1	SN	S	36.28	Dutiyasamaṇabrāhmaṇa
romn/s0304m.mul.xml	277	S iv 235,10	SN	S	36.29	Tatiyasamaṇabrāhmaṇa
romn/s0304m.mul.xml	278	S iv 235,17	SN	S	36.30	(SN36.29]) Suddhika
romn/s0304m.mul.xml	279	S iv 235,17	SN	S	36.31	Nirāmisa
romn/s0304m.mul.xml	280	S iv 238,9	SN	S	37.1	Mātugāma
romn/s0304m.mul.xml	281	S iv 238,22	SN	S	37.2	Purisa
romn/s0304m.mul.xml	282	S iv 239,9	SN	S	37.3	Āveṇikadukkha
romn/s0304m.mul.xml	283	S iv 240,1	SN	S	37.4	Tīhidhammehi
romn/s0304m.mul.xml	284	S iv 240,24	SN	S	37.5	Kodhana
romn/s0304m.mul.xml	285	S iv 241,3	SN	S	37.6	Upanāhī
romn/s0304m.mul.xml	286	S iv 241,12	SN	S	37.7	Issukī
romn/s0304m.mul.xml	287	S iv 241,21	SN	S	37.8	Maccharī
romn/s0304m.mul.xml	288	S iv 242,1	SN	S	37.9	Aticārī
romn/s0304m.mul.xml	289	S iv 242,9	SN	S	37.10	Dussīla
romn/s0304m.mul.xml	290	S iv 242,16	SN	S	37.11	Appassuta
romn/s0304m.mul.xml	291	S iv 242,23	SN	S	37.12	Kusīta
romn/s0304m.mul.xml	292	S iv 242,31	SN	S	37.13	Muṭṭhassati
romn/s0304m.mul.xml	293	S iv 243,5	SN	S	37.14	Pañcavera
romn/s0304m.mul.xml	294	S iv 243,25	SN	S	37.15	Akkodhana
romn/s0304m.mul.xml	295	S iv 244,3	SN	S	37.16	Anupanāhī
romn/s0304m.mul.xml	296	S iv 244,12	SN	S	37.17	Anissukī
romn/s0304m.mul.xml	297	S iv 244,18	SN	S	37.18	Amaccharī
romn/s0304m.mul.xml	298	S iv 244,20	SN	S	37.19	Anaticārī
romn/s0304m.mul.xml	299	S iv 244,22	SN	S	37.20	Susīla
romn/s0304m.mul.xml	300	S iv 244,24	SN	S	37.21	Bahussuta
romn/s0304m.mul.xml	301	S iv 244,26	SN	S	37.22	Āraddhavīriya
romn/s0304m.mul.xml	302	S iv 245,1	SN	S	37.23	Upaṭṭhitassati
romn/s0304m.mul.xml	303	S iv 245,7	SN	S	37.24	Pañcasīla
romn/s0304m.mul.xml	304	S iv 246,2	SN	S	37.25	Visārada
romn/s0304m.mul.xml	305	S iv 246,9	SN	S	37.26	Pasayha
romn/s0304m.mul.xml	306	S iv 246,16	SN	S	37.27	Abhibhuyya
romn/s0304m.mul.xml	307	S iv 246,23	SN	S	37.28	Eka
romn/s0304m.mul.xml	308	S iv 247,1	SN	S	37.29	Aṅga
romn/s0304m.mul.xml	309	S iv 247,28	SN	S	37.30	Nāsenti
romn/s0304m.mul.xml	310	S iv 248,20	SN	S	37.31	Hetu
romn/s0304m.mul.xml	311	S iv 249,1	SN	S	37.32	Ṭhāna
romn/s0304m.mul.xml	312	S iv 250,7	SN	S	37.33	Pañcasīlavisārada
romn/s0304m.mul.xml	313	S iv 250,16	SN	S	37.34	Vaḍḍhī
romn/s0304m.mul.xml	314	S iv 251,8	SN	S	38.1	Nibbānapañhā
romn/s0304m.mul.xml	315	S iv 251,2	SN	S	38.2	Arahattapañhā
romn/s0304m.mul.xml	316	S iv 252,30	SN	S	38.3	Dhammavādīpañhā
romn/s0304m.mul.xml	317	S iv 253,25	SN	S	38.4	Kimatthiya
romn/s0304m.mul.xml	318	S iv 254,8	SN	S	38.5	Assāsappatta
romn/s0304m.mul.xml	319	S iv 254,28	SN	S	38.6	Paramassāsappatta
romn/s0304m.mul.xml	320	S iv 255,17	SN	S	38.7	Vedanāpañhā
romn/s0304m.mul.xml	321	S iv 256,1	SN	S	38.8	Āsavapañhā
romn/s0304m.mul.xml	322	S iv 256,19	SN	S	38.9	Avijjāpañhā
romn/s0304m.mul.xml	323	S iv 257,3	SN	S	38.10	Taṇhāpañhā
romn/s0304m.mul.xml	324	S iv 257,21	SN	S	38.11	Oghapañhā
romn/s0304m.mul.xml	325	S iv 258,6	SN	S	38.12	Upādānapañhā
romn/s0304m.mul.xml	326	S iv 258,25	SN	S	38.13	Bhavapañhā
romn/s0304m.mul.xml	327	S iv 259,8	SN	S	38.14	Dukkhapañhā
romn/s0304m.mul.xml	328	S iv 259,27	SN	S	38.15	Sakkāyapañhā
romn/s0304m.mul.xml	329	S iv 260,16	SN	S	38.16	Dukkarapañhā
romn/s0304m.mul.xml	330	S iv 261,9	SN	S	39.1	Sāmaṇḍaka
romn/s0304m.mul.xml	331	S iv 262,12	SN	S	39.2	Dukkara
romn/s0304m.mul.xml	332	S iv 262,29	SN	S	40.1	Paṭhamajhānapañhā
romn/s0304m.mul.xml	333	S iv 263,31	SN	S	40.2	Dutiyajhānapañhā
romn/s0304m.mul.xml	334	S iv 264,24	SN	S	40.3	Tatiyajhānapañhā
romn/s0304m.mul.xml	335	S iv 265,13	SN	S	40.4	Catutthajhānapañhā
romn/s0304m.mul.xml	336	S iv 266,5	SN	S	40.5	Ākāsānañcāyatanapañhā
romn/s0304m.mul.xml	337	S iv 266,30	SN	S	40.6	Viññāṇañcāyatanapañhā
romn/s0304m.mul.xml	338	S iv 267,20	SN	S	40.7	Ākiñcaññāyatanapañhā
romn/s0304m.mul.xml	339	S iv 268,8	SN	S	40.8	Nevasaññānāsaññāyatanapañhā
romn/s0304m.mul.xml	340	S iv 268,32	SN	S	40.9	Animittapañhā
romn/s0304m.mul.xml	341	S iv 269,20	SN	S	40.10	Sakka
romn/s0304m.mul.xml	342	S iv 280,20	SN	S	40.11	Candana
romn/s0304m.mul.xml	343	S iv 281,11	SN	S	41.1	Saṃyojana
romn/s0304m.mul.xml	344	S iv 283,20	SN	S	41.2	Paṭhamaisidatta
romn/s0304m.mul.xml	345	S iv 285,17	SN	S	41.3	Dutiyaisidatta
romn/s0304m.mul.xml	346	S iv 288,29	SN	S	41.4	Mahakapāṭihāriya
romn/s0304m.mul.xml	347	S iv 291,12	SN	S	41.5	Paṭhamakāmabhū
romn/s0304m.mul.xml	348	S iv 293,1	SN	S	41.6	Dutiyakāmabhū
romn/s0304m.mul.xml	349	S iv 295,31	SN	S	41.7	Godatta
romn/s0304m.mul.xml	350	S iv 297,33	SN	S	41.8	Nigaṇṭhanāṭaputta
romn/s0304m.mul.xml	351	S iv 300,7	SN	S	41.9	Acelakassapa
romn/s0304m.mul.xml	352	S iv 302,19	SN	S	41.10	Gilānadassana
romn/s0304m.mul.xml	353	S iv 305,2	SN	S	42.1	Caṇḍa
romn/s0304m.mul.xml	354	S iv 306,10	SN	S	42.2	Tālapuṭa
romn/s0304m.mul.xml	355	S iv 308,16	SN	S	42.3	Yodhājīva
romn/s0304m.mul.xml	356	S iv 309,7	SN	S	42.4	Hatthāroha
romn/s0304m.mul.xml	357	S iv 310,4	SN	S	42.5	Assāroha
romn/s0304m.mul.xml	358	S iv 311,26	SN	S	42.6	Asibandhakaputta
romn/s0304m.mul.xml	359	S iv 314,22	SN	S	42.7	Khettūpama
romn/s0304m.mul.xml	360	S iv 317,18	SN	S	42.8	Saṅkhadhama
romn/s0304m.mul.xml	361	S iv 322,30	SN	S	42.9	Kula
romn/s0304m.mul.xml	362	S iv 325,14	SN	S	42.10	Maṇicūḷaka
romn/s0304m.mul.xml	363	S iv 327,4	SN	S	42.11	Bhadraka
romn/s0304m.mul.xml	364	S iv 330,9	SN	S	42.12	Rāsiya
romn/s0304m.mul.xml	365	S iv 340,16	SN	S	42.13	Pāṭaliya
romn/s0304m.mul.xml	366	S iv 359,8	SN	S	43.1	Kāyagatāsati
romn/s0304m.mul.xml	367	S iv 360,1	SN	S	43.2	Samathavipassanā
romn/s0304m.mul.xml	368	S iv 360,10	SN	S	43.3	Savitakkasavicāra
romn/s0304m.mul.xml	369	S iv 360,15	SN	S	43.4	Suññatasamādhi
romn/s0304m.mul.xml	370	S iv 360,19	SN	S	43.5	Satipaṭṭhāna
romn/s0304m.mul.xml	371	S iv 360,23	SN	S	43.6	Sammappadhāna
romn/s0304m.mul.xml	372	S iv 360,27	SN	S	43.7	Iddhipāda
romn/s0304m.mul.xml	373	S iv 361,1	SN	S	43.8	Indriya
romn/s0304m.mul.xml	374	S iv 361,5	SN	S	43.9	Bala
romn/s0304m.mul.xml	375	S iv 361,9	SN	S	43.10	Bojjhaṅga
romn/s0304m.mul.xml	376	S iv 361,13	SN	S	43.11	Maggaṅga
romn/s0304m.mul.xml	377	S iv 362,2	SN	S	43.12	Asaṅkhata
romn/s0304m.mul.xml	378	S iv 368,22	SN	S	43.13	Anata
romn/s0304m.mul.xml	379	S iv 369,1	SN	S	43.14	Anāsavādi
romn/s0304m.mul.xml	409	S iv 373,1	SN	S	43.15	Parāyana
romn/s0304m.mul.xml	410	S iv 374,2	SN	S	44.1	Khemā
romn/s0304m.mul.xml	411	S iv 380,3	SN	S	44.2	Anurādha
romn/s0304m.mul.xml	412	S iv 384,17	SN	S	44.3	Paṭhamasāriputtakoṭṭhika
romn/s0304m.mul.xml	413	S iv 386,12	SN	S	44.4	Dutiyasāriputtakoṭṭhika
romn/s0304m.mul.xml	414	S iv 387,19	SN	S	44.5	Tatiyasāriputtakoṭṭhika
romn/s0304m.mul.xml	415	S iv 388,12	SN	S	44.6	Catutthasāriputtakoṭṭhika
romn/s0304m.mul.xml	416	S iv 391,11	SN	S	44.7	Moggallāna
romn/s0304m.mul.xml	417	S iv 395,7	SN	S	44.8	Vacchagotta
romn/s0304m.mul.xml	418	S iv 398,1	SN	S	44.9	Kutūhalasālā
romn/s0304m.mul.xml	419	S iv 400,9	SN	S	44.10	Ānanda
romn/s0304m.mul.xml	420	S iv 401,12	SN	S	44.11	Sabhiyakaccāna
romn/s0305m.mul.xml	1	S v 1,9	SN	S	45.1	Avijjā
romn/s0305m.mul.xml	2	S v 2,7	SN	S	45.2	Upaḍḍha
romn/s0305m.mul.xml	3	S v 3,12	SN	S	45.3	Sāriputta
romn/s0305m.mul.xml	4	S v 4,16	SN	S	45.4	Jāṇussoṇibrāhmaṇa
romn/s0305m.mul.xml	5	S v 6,17	SN	S	45.5	Kimatthiya
romn/s0305m.mul.xml	6	S v 7,21	SN	S	45.6	Paṭhamāññatarabhikkhu
romn/s0305m.mul.xml	7	S v 8,3	SN	S	45.7	Dutiyāññatarabhikkhu
romn/s0305m.mul.xml	8	S v 8,21	SN	S	45.8	Vibhaṅga
romn/s0305m.mul.xml	9	S v 10,19	SN	S	45.9	Sūka
romn/s0305m.mul.xml	10	S v 11,16	SN	S	45.10	Nandiya
romn/s0305m.mul.xml	11	S v 12,8	SN	S	45.11	Paṭhamavihāra
romn/s0305m.mul.xml	12	S v 13,8	SN	S	45.12	Dutiyavihāra
romn/s0305m.mul.xml	13	S v 14,5	SN	S	45.13	Sekkha
romn/s0305m.mul.xml	14	S v 14,15	SN	S	45.14	Paṭhamauppāda
romn/s0305m.mul.xml	15	S v 14,24	SN	S	45.15	Dutiyauppāda
romn/s0305m.mul.xml	16	S v 15,4	SN	S	45.16	Paṭhamaparisuddha
romn/s0305m.mul.xml	17	S v 15,14	SN	S	45.17	Dutiyaparisuddha
romn/s0305m.mul.xml	18	S v 15,21	SN	S	45.18	Paṭhamakukkuṭārāma
romn/s0305m.mul.xml	19	S v 16,10	SN	S	45.19	Dutiyakukkuṭārāma
romn/s0305m.mul.xml	20	S v 16,27	SN	S	45.20	Tatiyakukkuṭārāma
romn/s0305m.mul.xml	21	S v 17,21	SN	S	45.21	Micchatta
romn/s0305m.mul.xml	22	S v 18,7	SN	S	45.22	Akusaladhamma
romn/s0305m.mul.xml	23	S v 18,16	SN	S	45.23	Paṭhamapaṭipadā
romn/s0305m.mul.xml	24	S v 18,26	SN	S	45.24	Dutiyapaṭipadā
romn/s0305m.mul.xml	25	S v 19,20	SN	S	45.25	Paṭhamāsappurisa
romn/s0305m.mul.xml	26	S v 20,3	SN	S	45.26	Dutiyāsappurisa
romn/s0305m.mul.xml	27	S v 20,22	SN	S	45.27	Kumbha
romn/s0305m.mul.xml	28	S v 21,8	SN	S	45.28	Samādhi
romn/s0305m.mul.xml	29	S v 21,18	SN	S	45.29	Vedanā
romn/s0305m.mul.xml	30	S v 22,3	SN	S	45.30	Uttiya
romn/s0305m.mul.xml	31	S v 23,2	SN	S	45.31	Paṭhamapaṭipatti
romn/s0305m.mul.xml	32	S v 23,12	SN	S	45.32	Dutiyapaṭipatti
romn/s0305m.mul.xml	33	S v 23,22	SN	S	45.33	Viraddha
romn/s0305m.mul.xml	34	S v 24,8	SN	S	45.34	Pāraṅgama
romn/s0305m.mul.xml	35	S v 25,1	SN	S	45.35	Paṭhamasāmañña
romn/s0305m.mul.xml	36	S v 25,11	SN	S	45.36	Dutiyasāmañña
romn/s0305m.mul.xml	37	S v 25,21	SN	S	45.37	Paṭhamabrahmañña
romn/s0305m.mul.xml	38	S v 26,3	SN	S	45.38	Dutiyabrahmañña
romn/s0305m.mul.xml	39	S v 26,13	SN	S	45.39	Paṭhamabrahmacariya
romn/s0305m.mul.xml	40	S v 26,24	SN	S	45.40	Dutiyabrahmacariya
romn/s0305m.mul.xml	41	S v 27,11	SN	S	45.41	Rāgavirāga
romn/s0305m.mul.xml	42	S v 28,6	SN	S	45.42	(SN 45.42-7) Saṃyojanappahānādisuttachakkaṃ
romn/s0305m.mul.xml	48	S v 29,1	SN	S	45.43	(SN 45.48) Anupādāparinibbāna
romn/s0305m.mul.xml	49	S v 29,27	SN	S	45.44	(SN 45.49) Kalyāṇamitta
romn/s0305m.mul.xml	50	S v 30,15	SN	S	45.45	(SN 45.50-4) Sīlasampadādisuttapañcakaṃ
romn/s0305m.mul.xml	55	S v 31,1	SN	S	45.46	(SN 45.55) Yonisomanasikārasampadā
romn/s0305m.mul.xml	56	S v 31,19	SN	S	45.47	(SN 45.56) Kalyāṇamitta
romn/s0305m.mul.xml	57	S v 31,30	SN	S	45.48	(SN 45.57-61) Sīlasampadādisuttapañcakaṃ
romn/s0305m.mul.xml	62	S v 32,9	SN	S	45.49	(SN 45.62) Yonisomanasikārasampadā
romn/s0305m.mul.xml	63	S v 32,26	SN	S	45.50	(SN 45.63) Kalyāṇamitta
romn/s0305m.mul.xml	64	S v 33,11	SN	S	45.51	(SN 45.64-68) Sīlasampadādisuttapañcakaṃ
romn/s0305m.mul.xml	69	S v 33,23	SN	S	45.52	(SN 45.69) Yonisomanasikārasampadā
romn/s0305m.mul.xml	70	S v 34,9	SN	S	45.53	(SN 45.70) Dutiyakalyāṇamitta
romn/s0305m.mul.xml	71	S v 34,22	SN	S	45.54	(SN 45.71-75) Dutiyasīlasampadādisuttapañcaka
romn/s0305m.mul.xml	76	S v 35,3	SN	S	45.55	(SN 45.76) Yonisomanasikārasampadā
romn/s0305m.mul.xml	77	S v 35,19	SN	S	45.56	(SN 45.77) Kalyāṇamitta
romn/s0305m.mul.xml	78	S v 36,6	SN	S	45.57	(SN 45.78-82) Sīlasampadādisuttapañcakaṃ
romn/s0305m.mul.xml	83	S v 36,18	SN	S	45.58	(SN 45.83) Yonisomanasikārasampadā
romn/s0305m.mul.xml	84	S v 37,2	SN	S	45.59	(SN 45.84) Dutiyakalyāṇamittasutta
romn/s0305m.mul.xml	85	S v 37,13	SN	S	45.60	(SN 45.85-9) Dutiyasīlasampadādisuttapañcaka
romn/s0305m.mul.xml	90	S v 37,24	SN	S	45.61	(SN 45.90) Yonisomanasikārasampadā
romn/s0305m.mul.xml	91	S v 38,13	SN	S	45.62	(SN 45.91) Paṭhamapācīnaninna
romn/s0305m.mul.xml	92	S v 38,27	SN	S	45.63	(SN 45.92-95) Dutiyādipācīnaninnasuttacatukkaṃ
romn/s0305m.mul.xml	96	S v 39,10	SN	S	45.64	(SN 45.96) Chaṭṭhapācīnaninna
romn/s0305m.mul.xml	97	S v 39,15	SN	S	45.65	(SN 45.97) Paṭhamasamuddaninna
romn/s0305m.mul.xml	98	S v 39,20	SN	S	45.66	(SN 45.98-102) Dutiyādisamuddaninnasuttapañcakaṃ
romn/s0305m.mul.xml	103	S v 40,19	SN	S	45.67	(SN 45.103) Paṭhamapācīnaninna
romn/s0305m.mul.xml	104	S v 40,19	SN	S	45.68	(SN 45.104-108) Dutiyādipācīnaninnasuttapañcakaṃ
romn/s0305m.mul.xml	109	S v 40,20	SN	S	45.69	(SN 45.109) Paṭhamasamuddaninna
romn/s0305m.mul.xml	110	S v 40,20	SN	S	45.70	(SN 45.110-114) Dutiyādisamuddaninnasuttapañcakaṃ
romn/s0305m.mul.xml	115	S v 40,5	SN	S	45.71	(SN 45.115) Paṭhamapācīnaninna
romn/s0305m.mul.xml	116	S v 40,6	SN	S	45.72	(SN 45.116-1290) Dutiyādipācīnaninnasuttapañcakaṃ
romn/s0305m.mul.xml	121	S v 40,10	SN	S	45.73	(SN 45.121) Paṭhamasamuddaninna
romn/s0305m.mul.xml	122	S v 41,3	SN	S	45.74	(SN 45.122-126) Dutiyādisamuddaninnasuttapañcakaṃ
romn/s0305m.mul.xml	127	S v 41,8	SN	S	45.75	(SN 45.127) Paṭhamapācīnaninna
romn/s0305m.mul.xml	128	S v 41,8	SN	S	45.76	(SN 45.128-132) Dutiyādipācīnaninnasuttapañcakaṃ
romn/s0305m.mul.xml	133	S v 41,9	SN	S	45.77	(SN 45.133) Paṭhamasamuddaninna
romn/s0305m.mul.xml	134	S v 41,9	SN	S	45.78	(SN 45.134-138) Dutiyādisamuddaninnasuttapañcakaṃ
romn/s0305m.mul.xml	139	S v 41,20	SN	S	45.79	(SN 45.139) Tathāgata
romn/s0305m.mul.xml	140	S v 43,11	SN	S	45.80	(SN 45.140) Pada
romn/s0305m.mul.xml	141	S v 43,22	SN	S	45.81	(SN 45.141-145) Kūṭādisuttapañcakaṃ
romn/s0305m.mul.xml	146	S v 44,16	SN	S	45.82	(SN 45.146-148) Candimādisuttatatiyakaṃ
romn/s0305m.mul.xml	149	S v 45,29	SN	S	45.83	(SN 45.149) Bala
romn/s0305m.mul.xml	150	S v 46,14	SN	S	45.84	(SN 45.150) Bīja
romn/s0305m.mul.xml	151	S v 47,5	SN	S	45.85	(SN 45.151) Nāga
romn/s0305m.mul.xml	152	S v 47,27	SN	S	45.86	(SN 45.152) Rukkha
romn/s0305m.mul.xml	153	S v 48,13	SN	S	45.87	(SN 45.153) Kumbha
romn/s0305m.mul.xml	154	S v 48,26	SN	S	45.88	(SN 45.154) Sūka
romn/s0305m.mul.xml	155	S v 49,14	SN	S	45.89	(SN 45.155) Ākāsa
romn/s0305m.mul.xml	156	S v 50,5	SN	S	45.90	(SN 45.156) Paṭhamamegha
romn/s0305m.mul.xml	157	S v 50,21	SN	S	45.91	(SN 45.157) Dutiyamegha
romn/s0305m.mul.xml	158	S v 51,5	SN	S	45.92	(SN 45.158) Nāvā
romn/s0305m.mul.xml	159	S v 51,23	SN	S	45.93	(SN 45.159) Āgantuka
romn/s0305m.mul.xml	160	S v 53,3	SN	S	45.94	(SN 45.160) Nadī
romn/s0305m.mul.xml	161	S v 54,14	SN	S	45.95	(SN 45.161) Esanā
romn/s0305m.mul.xml	162	S v 56,1	SN	S	45.96	(SN 45.162) Vidhā
romn/s0305m.mul.xml	163	S v 56,14	SN	S	45.97	(SN 45.163) Āsava
romn/s0305m.mul.xml	164	S v 56,20	SN	S	45.98	(SN 45.164) Bhava
romn/s0305m.mul.xml	165	S v 56,26	SN	S	45.99	(SN 45.165) Dukkhatā
romn/s0305m.mul.xml	166	S v 57,1	SN	S	45.100	(SN 45.166) Khila
romn/s0305m.mul.xml	167	S v 57,7	SN	S	45.101	(SN 45.167) Mala
romn/s0305m.mul.xml	168	S v 57,13	SN	S	45.102	(SN 45.168) Nīgha
romn/s0305m.mul.xml	169	S v 57,20	SN	S	45.103	(SN 45.169) Vedanā
romn/s0305m.mul.xml	170	S v 58,13	SN	S	45.104	(SN 45.170) Taṇhā
romn/s0305m.mul.xml	171	S v 58,13	SN	S	45.105	(SN 45.171) Tasinā
romn/s0305m.mul.xml	172	S v 58,14	SN	S	45.106	(SN 45.172) Ogha
romn/s0305m.mul.xml	173	S v 59,10	SN	S	45.107	(SN 45.173) Yoga
romn/s0305m.mul.xml	174	S v 59,16	SN	S	45.108	(SN 45.174) Upādāna
romn/s0305m.mul.xml	175	S v 59,23	SN	S	45.109	(SN 45.175) Gantha
romn/s0305m.mul.xml	176	S v 60,5	SN	S	45.110	(SN 45.176) Anusaya
romn/s0305m.mul.xml	177	S v 60,12	SN	S	45.111	(SN 45.177) Kāmaguṇa
romn/s0305m.mul.xml	178	S v 60,22	SN	S	45.112	(SN 45.178) Nīvaraṇa
romn/s0305m.mul.xml	179	S v 60,30	SN	S	45.113	(SN 45.179) Upādānakkhandha
romn/s0305m.mul.xml	180	S v 61,6	SN	S	45.114	(SN 45.180) Orambhāgiya
romn/s0305m.mul.xml	181	S v 61,14	SN	S	45.115	(SN 45.181) Uddhambhāgiya
romn/s0305m.mul.xml	182	S v 63,4	SN	S	46.1	Himavanta
romn/s0305m.mul.xml	183	S v 64,10	SN	S	46.2	Kāya
romn/s0305m.mul.xml	184	S v 67,12	SN	S	46.3	Sīla
romn/s0305m.mul.xml	185	S v 70,28	SN	S	46.4	Vattha
romn/s0305m.mul.xml	186	S v 72,11	SN	S	46.5	Bhikkhu
romn/s0305m.mul.xml	187	S v 73,1	SN	S	46.6	Kuṇḍaliya
romn/s0305m.mul.xml	188	S v 75,28	SN	S	46.7	Kūṭāgāra
romn/s0305m.mul.xml	189	S v 76,10	SN	S	46.8	Upavāna
romn/s0305m.mul.xml	190	S v 77,7	SN	S	46.9	Paṭhamauppanna
romn/s0305m.mul.xml	191	S v 77,15	SN	S	46.10	Dutiyauppanna
romn/s0305m.mul.xml	192	S v 78,2	SN	S	46.11	Pāṇa
romn/s0305m.mul.xml	193	S v 78,17	SN	S	46.12	Paṭhamasūriyūpama
romn/s0305m.mul.xml	194	S v 79,3	SN	S	46.13	Dutiyasūriyūpama
romn/s0305m.mul.xml	195	S v 79,18	SN	S	46.14	Paṭhamagilāna
romn/s0305m.mul.xml	196	S v 80,19	SN	S	46.15	Dutiyagilāna
romn/s0305m.mul.xml	197	S v 81,1	SN	S	46.16	Tatiyagilāna
romn/s0305m.mul.xml	198	S v 81,26	SN	S	46.17	Pāraṅgama
romn/s0305m.mul.xml	199	S v 82,3	SN	S	46.18	Viraddha
romn/s0305m.mul.xml	200	S v 82,15	SN	S	46.19	Ariya
romn/s0305m.mul.xml	201	S v 83,8	SN	S	46.20	Nibbidā
romn/s0305m.mul.xml	202	S v 83,8	SN	S	46.21	Bodhāya
romn/s0305m.mul.xml	203	S v 83,21	SN	S	46.22	Bojjhaṅgadesanā
romn/s0305m.mul.xml	204	S v 84,1	SN	S	46.23	Ṭhāniya
romn/s0305m.mul.xml	205	S v 84,28	SN	S	46.24	Ayonisomanasikāra
romn/s0305m.mul.xml	206	S v 85,30	SN	S	46.25	Aparihāniya
romn/s0305m.mul.xml	207	S v 86,5	SN	S	46.26	Taṇhakkhaya
romn/s0305m.mul.xml	208	S v 87,5	SN	S	46.27	Taṇhānirodha
romn/s0305m.mul.xml	209	S v 87,20	SN	S	46.28	Nibbedhabhāgiya
romn/s0305m.mul.xml	210	S v 88,15	SN	S	46.29	Ekadhamma
romn/s0305m.mul.xml	211	S v 89,8	SN	S	46.30	Udāyi
romn/s0305m.mul.xml	212	S v 91,2	SN	S	46.31	Paṭhamakusala
romn/s0305m.mul.xml	213	S v 91,16	SN	S	46.32	Dutiyakusala
romn/s0305m.mul.xml	214	S v 92,1	SN	S	46.33	Upakkilesa
romn/s0305m.mul.xml	215	S v 93,5	SN	S	46.34	Anupakkilesa
romn/s0305m.mul.xml	216	S v 93,17	SN	S	46.35	Ayonisomanasikāra
romn/s0305m.mul.xml	217	S v 94,4	SN	S	46.36	(SN 46.35) Yonisomanasikāra
romn/s0305m.mul.xml	218	S v 94,10	SN	S	46.37	(SN 46.36) Buddhi
romn/s0305m.mul.xml	219	S v 94,16	SN	S	46.38	Āvaraṇanīvaraṇa
romn/s0305m.mul.xml	220	S v 96,6	SN	S	46.39	Rukkha
romn/s0305m.mul.xml	221	S v 97,13	SN	S	46.40	Nīvaraṇa
romn/s0305m.mul.xml	222	S v 98,11	SN	S	46.41	Vidhā
romn/s0305m.mul.xml	223	S v 99,1	SN	S	46.42	Cakkavatti
romn/s0305m.mul.xml	224	S v 99,16	SN	S	46.43	Māra
romn/s0305m.mul.xml	225	S v 99,23	SN	S	46.44	Duppañña
romn/s0305m.mul.xml	226	S v 100,5	SN	S	46.45	Paññavanta
romn/s0305m.mul.xml	227	S v 100,15	SN	S	46.46	Dalidda
romn/s0305m.mul.xml	228	S v 100,23	SN	S	46.47	Adalidda
romn/s0305m.mul.xml	229	S v 101,1	SN	S	46.48	Ādicca
romn/s0305m.mul.xml	230	S v 101,16	SN	S	46.49	Ajjhattikaṅga
romn/s0305m.mul.xml	231	S v 102,1	SN	S	46.50	Bāhiraṅga
romn/s0305m.mul.xml	232	S v 102,22	SN	S	46.51	Āhāra
romn/s0305m.mul.xml	233	S v 108,1	SN	S	46.52	Pariyāya
romn/s0305m.mul.xml	234	S v 112,1	SN	S	46.53	Aggi
romn/s0305m.mul.xml	235	S v 115,8	SN	S	46.54	Mettāsahagata
romn/s0305m.mul.xml	236	S v 121,6	SN	S	46.55	Saṅgārava
romn/s0305m.mul.xml	237	S v 126,19	SN	S	46.56	Abhaya
romn/s0305m.mul.xml	238	S v 129,2	SN	S	46.57	Aṭṭhikamahapphala
romn/s0305m.mul.xml	239	S v 131,14	SN	S	46.63	(SN 46.58) Puḷavaka
romn/s0305m.mul.xml	240	S v 131,18	SN	S	46.64	(SN 46.59) Vinīlaka
romn/s0305m.mul.xml	241	S v 131,22	SN	S	46.65	(SN 46.60) Vicchiddaka
romn/s0305m.mul.xml	242	S v 132	SN	S	46.66	(SN 46.61) Uddhumātaka
romn/s0305m.mul.xml	243	S v 132,10	SN	S	46.67	(SN 46.62) Mettā
romn/s0305m.mul.xml	244	S v 132,12	SN	S	46.68	(SN 46.63) Karuṇā
romn/s0305m.mul.xml	245	S v 132,14	SN	S	46.69	(SN 46.64) Muditā
romn/s0305m.mul.xml	246	S v 132,16	SN	S	46.70	(SN 46.65) Upekkhā
romn/s0305m.mul.xml	247	S v 132,18	SN	S	46.71	(SN 46.66) Ānāpāna
romn/s0305m.mul.xml	248	S v 132,20	SN	S	46.72	(SN 46.67) Asubha
romn/s0305m.mul.xml	249	S v 132,12	SN	S	46.73	(SN 46.68) Maraṇa
romn/s0305m.mul.xml	250	S v 132,14	SN	S	46.74	(SN 46.69) Āhārepaṭikūla
romn/s0305m.mul.xml	251	S v 132,16	SN	S	46.75	(SN 46.70) Anabhirati
romn/s0305m.mul.xml	252	S v 133,7	SN	S	46.76	(SN 46.71) Anicca
romn/s0305m.mul.xml	253	S v 133,3	SN	S	46.77	(SN 46.72) Dukkha
romn/s0305m.mul.xml	254	S v 133,1	SN	S	46.78	(SN 46.73) Anatta
romn/s0305m.mul.xml	255	S v 133,3	SN	S	46.79	(SN 46.74) Pahāna
romn/s0305m.mul.xml	256	S v 133,5	SN	S	46.80	(SN 46.75) Virāga
romn/s0305m.mul.xml	257	S v 133,7	SN	S	46.81	(SN 46.76) Nirodha
romn/s0305m.mul.xml	258	S v 134,28	SN	S	46.82	(SN 46.77-88) Gaṅgānadīādi
romn/s0305m.mul.xml	270	S v 135,8	SN	S	46.83	(SN 46.89-98) Tathāgatādi
romn/s0305m.mul.xml	280	S v 135,21	SN	S	46.84	(SN 46.99-110) Balādi
romn/s0305m.mul.xml	292	S v 136,20	SN	S	46.85	(SN 46.111-120) Esanādi
romn/s0305m.mul.xml	302	S v 136,20	SN	S	46.86	(SN 46.121-129) Oghādi
romn/s0305m.mul.xml	311	S v 136,24	SN	S	46.87	(SN 46.130) Uddhambhāgiya
romn/s0305m.mul.xml	312	S v 137,19	SN	S	46.88	(SN 46.131-142) Punagaṅgānadīādi
romn/s0305m.mul.xml	324	S v 138,17	SN	S	46.89	(SN 46.143-152) Tathāgatādi
romn/s0305m.mul.xml	334	S v 138,17	SN	S	46.90	(SN 46.153-164) Punabalādi
romn/s0305m.mul.xml	346	S v 138,7	SN	S	46.91	(SN 46.165-174) Punaesanādi
romn/s0305m.mul.xml	357	S v 138,8	SN	S	46.92	(SN 46.175-184) Punaoghādi
romn/s0305m.mul.xml	367	S v 141,4	SN	S	47.1	Ambapāli
romn/s0305m.mul.xml	368	S v 142,1	SN	S	47.2	Sati
romn/s0305m.mul.xml	369	S v 142,23	SN	S	47.3	Bhikkhu
romn/s0305m.mul.xml	370	S v 144,11	SN	S	47.4	Sāla
romn/s0305m.mul.xml	371	S v 145,24	SN	S	47.5	Akusalarāsi
romn/s0305m.mul.xml	372	S v 146,17	SN	S	47.6	Sakuṇagghi
romn/s0305m.mul.xml	373	S v 148,8	SN	S	47.7	Makkaṭa
romn/s0305m.mul.xml	374	S v 149,25	SN	S	47.8	Sūda
romn/s0305m.mul.xml	375	S v 152,11	SN	S	47.9	Gilāna
romn/s0305m.mul.xml	376	S v 154,19	SN	S	47.10	Bhikkhunupassaya
romn/s0305m.mul.xml	377	S v 158,8	SN	S	47.11	Mahāpurisa
romn/s0305m.mul.xml	378	S v 159,1	SN	S	47.12	Nālanda
romn/s0305m.mul.xml	379	S v 161,18	SN	S	47.13	Cunda
romn/s0305m.mul.xml	380	S v 163,24	SN	S	47.14	Ukkacela
romn/s0305m.mul.xml	381	S v 165,4	SN	S	47.15	Bāhiya
romn/s0305m.mul.xml	382	S v 166,12	SN	S	47.16	Uttiya
romn/s0305m.mul.xml	383	S v 166,19	SN	S	47.17	Ariya
romn/s0305m.mul.xml	384	S v 167,4	SN	S	47.18	Brahma
romn/s0305m.mul.xml	385	S v 168,16	SN	S	47.19	Sedaka
romn/s0305m.mul.xml	386	S v 169,25	SN	S	47.20	Janapadakalyāṇī
romn/s0305m.mul.xml	387	S v 171,6	SN	S	47.21	Sīla
romn/s0305m.mul.xml	388	S v 172,4	SN	S	47.22	Ciraṭṭhiti
romn/s0305m.mul.xml	389	S v 173,1	SN	S	47.23	Parihāna
romn/s0305m.mul.xml	390	S v 173,25	SN	S	47.24	Suddha
romn/s0305m.mul.xml	391	S v 174,4	SN	S	47.25	Aññatarabrāhmaṇa
romn/s0305m.mul.xml	392	S v 174,24	SN	S	47.26	Padesa
romn/s0305m.mul.xml	393	S v 175,14	SN	S	47.27	Samatta
romn/s0305m.mul.xml	394	S v 175,27	SN	S	47.28	Loka
romn/s0305m.mul.xml	395	S v 176,11	SN	S	47.29	Sirivaḍḍha
romn/s0305m.mul.xml	396	S v 178,1	SN	S	47.30	Mānadinna
romn/s0305m.mul.xml	397	S v 178,25	SN	S	47.31	Ananussuta
romn/s0305m.mul.xml	398	S v 179,13	SN	S	47.32	Virāga
romn/s0305m.mul.xml	399	S v 179,26	SN	S	47.33	Viraddha
romn/s0305m.mul.xml	400	S v 180,12	SN	S	47.34	Bhāvita
romn/s0305m.mul.xml	401	S v 180,21	SN	S	47.35	Sati
romn/s0305m.mul.xml	402	S v 181,8	SN	S	47.36	Aññā
romn/s0305m.mul.xml	403	S v 181,19	SN	S	47.37	Chanda
romn/s0305m.mul.xml	404	S v 182,7	SN	S	47.38	Pariññāta
romn/s0305m.mul.xml	405	S v 182,21	SN	S	47.39	Bhāvanā
romn/s0305m.mul.xml	406	S v 183,5	SN	S	47.40	Vibhaṅga
romn/s0305m.mul.xml	407	S v 184,6	SN	S	47.41	Amata
romn/s0305m.mul.xml	408	S v 184,16	SN	S	47.42	Samudaya
romn/s0305m.mul.xml	409	S v 185,1	SN	S	47.43	Magga
romn/s0305m.mul.xml	410	S v 186,15	SN	S	47.44	Sati
romn/s0305m.mul.xml	411	S v 186,26	SN	S	47.45	Kusalarāsi
romn/s0305m.mul.xml	412	S v 187,7	SN	S	47.46	Pātimokkhasaṃvara
romn/s0305m.mul.xml	413	S v 188,3	SN	S	47.47	Duccarita
romn/s0305m.mul.xml	414	S v 189,1	SN	S	47.48	Mitta
romn/s0305m.mul.xml	415	S v 189,15	SN	S	47.49	Vedanā
romn/s0305m.mul.xml	416	S v 189,27	SN	S	47.50	Āsava
romn/s0305m.mul.xml	417	S v 190,16	SN	S	47.51	(SN 47.51-62) Gaṅgānadīādisuttadvādasakaṃ
romn/s0305m.mul.xml	429	S v 190,3	SN	S	47.52	(SN 47.63-72) Tathāgatādisuttadasakaṃ
romn/s0305m.mul.xml	439	S v 191,10	SN	S	47.53	(SN 47.73-84) Balādisuttadvādasakaṃ
romn/s0305m.mul.xml	451	S v 191,10	SN	S	47.54	(SN 47.85-94) Esanādisuttadasakaṃ
romn/s0305m.mul.xml	461	S v 191,10	SN	S	47.55	(SN 47.95-104) Uddhambhāgiyādisuttadasakaṃ
romn/s0305m.mul.xml	471	S v 193,4	SN	S	48.1	Suddhika
romn/s0305m.mul.xml	472	S v 193,9	SN	S	48.2	Paṭhamasotāpanna
romn/s0305m.mul.xml	473	S v 193,17	SN	S	48.3	Dutiyasotāpanna
romn/s0305m.mul.xml	474	S v 194,4	SN	S	48.4	Paṭhamārahanta
romn/s0305m.mul.xml	475	S v 194,13	SN	S	48.5	Dutiyārahanta
romn/s0305m.mul.xml	476	S v 194,21	SN	S	48.6	Paṭhamasamaṇabrāhmaṇa
romn/s0305m.mul.xml	477	S v 195,12	SN	S	48.7	Dutiyasamaṇabrāhmaṇa
romn/s0305m.mul.xml	478	S v 196,8	SN	S	48.8	Daṭṭhabba
romn/s0305m.mul.xml	479	S v 196,23	SN	S	48.9	Paṭhamavibhaṅga
romn/s0305m.mul.xml	480	S v 197,23	SN	S	48.10	Dutiyavibhaṅga
romn/s0305m.mul.xml	481	S v 199,17	SN	S	48.11	Paṭilābha
romn/s0305m.mul.xml	482	S v 200,14	SN	S	48.12	Paṭhamasaṃkhitta
romn/s0305m.mul.xml	483	S v 200,23	SN	S	48.13	Dutiyasaṃkhitta
romn/s0305m.mul.xml	484	S v 201,1	SN	S	48.14	Tatiyasaṃkhitta
romn/s0305m.mul.xml	485	S v 201,10	SN	S	48.15	Paṭhamavitthāra
romn/s0305m.mul.xml	486	S v 201,22	SN	S	48.16	Dutiyavitthāra
romn/s0305m.mul.xml	487	S v 202,1	SN	S	48.17	Tatiyavitthāra
romn/s0305m.mul.xml	488	S v 202,11	SN	S	48.18	Paṭipanna
romn/s0305m.mul.xml	489	S v 202,26	SN	S	48.19	Sampanna
romn/s0305m.mul.xml	490	S v 203,6	SN	S	48.20	Āsavakkhaya
romn/s0305m.mul.xml	491	S v 203,21	SN	S	48.21	Punabbhava
romn/s0305m.mul.xml	492	S v 204,13	SN	S	48.22	Jīvitindriya
romn/s0305m.mul.xml	493	S v 204,17	SN	S	48.23	Aññindriya
romn/s0305m.mul.xml	494	S v 204,22	SN	S	48.24	Ekabījī
romn/s0305m.mul.xml	495	S v 205,7	SN	S	48.25	Suddhaka
romn/s0305m.mul.xml	496	S v 205,12	SN	S	48.26	Sotāpanna
romn/s0305m.mul.xml	497	S v 205,20	SN	S	48.27	Arahanta
romn/s0305m.mul.xml	498	S v 205,29	SN	S	48.28	Sambuddha
romn/s0305m.mul.xml	499	S v 206,8	SN	S	48.29	Paṭhamasamaṇabrāhmaṇa
romn/s0305m.mul.xml	500	S v 206,19	SN	S	48.30	Dutiyasamaṇabrāhmaṇa
romn/s0305m.mul.xml	501	S v 207,12	SN	S	48.31	Suddhika
romn/s0305m.mul.xml	502	S v 207,17	SN	S	48.32	Sotāpanna
romn/s0305m.mul.xml	503	S v 208,1	SN	S	48.33	Arahanta
romn/s0305m.mul.xml	504	S v 208,11	SN	S	48.34	Paṭhamasamaṇabrāhmaṇa
romn/s0305m.mul.xml	505	S v 208,20	SN	S	48.35	Dutiyasamaṇabrāhmaṇa
romn/s0305m.mul.xml	506	S v 209,5	SN	S	48.36	Paṭhamavibhaṅga
romn/s0305m.mul.xml	507	S v 209,28	SN	S	48.37	Dutiyavibhaṅga
romn/s0305m.mul.xml	508	S v 210,16	SN	S	48.38	Tatiyavibhaṅga
romn/s0305m.mul.xml	509	S v 211,16	SN	S	48.39	Kaṭṭhopama
romn/s0305m.mul.xml	510	S v 213,9	SN	S	48.40	Uppaṭipāṭika
romn/s0305m.mul.xml	511	S v 216,10	SN	S	48.41	Jarādhamma
romn/s0305m.mul.xml	512	S v 217,17	SN	S	48.42	Uṇṇābhabrāhmaṇa
romn/s0305m.mul.xml	513	S v 219,8	SN	S	48.43	Sāketa
romn/s0305m.mul.xml	514	S v 220,20	SN	S	48.44	Pubbakoṭṭhaka
romn/s0305m.mul.xml	515	S v 222,4	SN	S	48.45	Paṭhamapubbārāma
romn/s0305m.mul.xml	516	S v 222,24	SN	S	48.46	Dutiyapubbārāma
romn/s0305m.mul.xml	517	S v 223,10	SN	S	48.47	Tatiyapubbārāma
romn/s0305m.mul.xml	518	S v 223,25	SN	S	48.48	Catutthapubbārāma
romn/s0305m.mul.xml	519	S v 224,7	SN	S	48.49	Piṇḍolabhāradvāja
romn/s0305m.mul.xml	520	S v 225,4	SN	S	48.50	Āpaṇa
romn/s0305m.mul.xml	521	S v 227,11	SN	S	48.51	Sāla
romn/s0305m.mul.xml	522	S v 228,6	SN	S	48.52	Mallika
romn/s0305m.mul.xml	523	S v 229,6	SN	S	48.53	Sekha
romn/s0305m.mul.xml	524	S v 231,1	SN	S	48.54	Pada
romn/s0305m.mul.xml	525	S v 231,18	SN	S	48.55	Sāra
romn/s0305m.mul.xml	526	S v 232,1	SN	S	48.56	Patiṭṭhita
romn/s0305m.mul.xml	527	S v 232,13	SN	S	48.57	Sahampatibrahma
romn/s0305m.mul.xml	528	S v 233,23	SN	S	48.58	Sūkarakhata
romn/s0305m.mul.xml	529	S v 235,4	SN	S	48.59	Paṭhamauppāda
romn/s0305m.mul.xml	530	S v 235,14	SN	S	48.60	Dutiyauppāda
romn/s0305m.mul.xml	531	S v 236,2	SN	S	48.61	Saṃyojana
romn/s0305m.mul.xml	532	S v 236,6	SN	S	48.62	Anusaya
romn/s0305m.mul.xml	533	S v 236,8	SN	S	48.63	Pariññā
romn/s0305m.mul.xml	534	S v 236,10	SN	S	48.64	Āsavakkhaya
romn/s0305m.mul.xml	535	S v 236,17	SN	S	48.65	Paṭhamaphala
romn/s0305m.mul.xml	536	S v 237,1	SN	S	48.66	Dutiyaphala
romn/s0305m.mul.xml	537	S v 237,19	SN	S	48.67	Paṭhamarukkha
romn/s0305m.mul.xml	538	S v 238,1	SN	S	48.68	Dutiyarukkha
romn/s0305m.mul.xml	539	S v 238,14	SN	S	48.69	Tatiyarukkha
romn/s0305m.mul.xml	540	S v 238,25	SN	S	48.70	Catuttharukkha
romn/s0305m.mul.xml	541	S v 239,15	SN	S	48.71	(SN 48.71-82) Pācīnādisuttadvādasakaṃ
romn/s0305m.mul.xml	543	S v 241,2	SN	S	48.72	(SN 48.73) Oghādisuttadasakaṃ
romn/s0305m.mul.xml	544	S v 241,3	SN	S	48.73	(SN 48.74) Pācīnādisuttadvādasakaṃ
romn/s0305m.mul.xml	545	S v 242,1	SN	S	48.74	(SN 48.75) Oghādisuttadasakaṃ
romn/s0305m.mul.xml	651	S v 244,4	SN	S	49.1	(SN 49.1-12) Pācīnādisuttadvādasakaṃ
romn/s0305m.mul.xml	663	S v 244,10	SN	S	49.2	(SN 49.13-22)
romn/s0305m.mul.xml	673	S v 246,2	SN	S	49.3	(SN 49.23-34) Balakaraṇīyādisuttadvādasakaṃ
romn/s0305m.mul.xml	685	S v 246,28	SN	S	49.4	(SN 49.35-44) Esanādisuttadasakaṃ
romn/s0305m.mul.xml	695	S v 247,16	SN	S	49.5	(SN 49.45-54) Oghādisuttadasakaṃ
romn/s0305m.mul.xml	705	S v 249,4	SN	S	50.1	(SN 50.1-12) Balādisuttadvādasakaṃ
romn/s0305m.mul.xml	717	S v 250,7	SN	S	50.2	(SN 50.13-22)
romn/s0305m.mul.xml	749	S v 251,3	SN	S	50.3	(SN 50.23-34) Oghādisuttadasakaṃ
romn/s0305m.mul.xml	759	S v 251,4	SN	S	50.4	(SN 50.35-44) Pācīnādisuttadvādasakaṃ
romn/s0305m.mul.xml	792	S v 252,9	SN	S	50.5	(SN 50.45-54) Esanādisuttadvādasakaṃ
romn/s0305m.mul.xml	803	S v 253,2	SN	S	50.6	(SN 50.55-66) Oghādisuttadasakaṃ
romn/s0305m.mul.xml	813	S v 254,4	SN	S	51.1	Apāra
romn/s0305m.mul.xml	814	S v 254,14	SN	S	51.2	Viraddha
romn/s0305m.mul.xml	815	S v 255,6	SN	S	51.3	Ariya
romn/s0305m.mul.xml	816	S v 255,17	SN	S	51.4	Nibbidā
romn/s0305m.mul.xml	817	S v 255,28	SN	S	51.5	Iddhipadesa
romn/s0305m.mul.xml	818	S v 256,15	SN	S	51.6	Samatta
romn/s0305m.mul.xml	819	S v 257,1	SN	S	51.7	Bhikkhu
romn/s0305m.mul.xml	820	S v 257,24	SN	S	51.8	Buddha
romn/s0305m.mul.xml	821	S v 258,1	SN	S	51.9	Ñāṇa
romn/s0305m.mul.xml	822	S v 258,29	SN	S	51.10	Cetiya
romn/s0305m.mul.xml	823	S v 263,12	SN	S	51.11	Pubba
romn/s0305m.mul.xml	824	S v 267,1	SN	S	51.12	Mahapphala
romn/s0305m.mul.xml	825	S v 268,5	SN	S	51.13	Chandasamādhi
romn/s0305m.mul.xml	826	S v 269,22	SN	S	51.14	Moggallāna
romn/s0305m.mul.xml	827	S v 271,27	SN	S	51.15	Uṇṇābhabrāhmaṇa
romn/s0305m.mul.xml	828	S v 273,24	SN	S	51.16	Paṭhamasamaṇabrāhmaṇa
romn/s0305m.mul.xml	829	S v 274,10	SN	S	51.17	Dutiyasamaṇabrāhmaṇa
romn/s0305m.mul.xml	830	S v 275,24	SN	S	51.18	Bhikkhu
romn/s0305m.mul.xml	831	S v 275,15	SN	S	51.19	Iddhādidesanā
romn/s0305m.mul.xml	832	S v 276,24	SN	S	51.20	Vibhaṅga
romn/s0305m.mul.xml	833	S v 281,11	SN	S	51.21	Magga
romn/s0305m.mul.xml	834	S v 282,11	SN	S	51.22	Ayoguḷa
romn/s0305m.mul.xml	835	S v 284,11	SN	S	51.23	Bhikkhu
romn/s0305m.mul.xml	836	S v 284,22	SN	S	51.24	Suddhika
romn/s0305m.mul.xml	837	S v 285,1	SN	S	51.25	Paṭhamaphala
romn/s0305m.mul.xml	838	S v 285,8	SN	S	51.26	Dutiyaphala
romn/s0305m.mul.xml	839	S v 285,24	SN	S	51.27	Paṭhamāananda
romn/s0305m.mul.xml	840	S v 286,19	SN	S	51.28	Dutiyāananda
romn/s0305m.mul.xml	841	S v 287,1	SN	S	51.29	Paṭhamabhikkhu
romn/s0305m.mul.xml	842	S v 287,10	SN	S	51.30	Dutiyabhikkhu
romn/s0305m.mul.xml	843	S v 288,5	SN	S	51.31	Moggallāna
romn/s0305m.mul.xml	844	S v 289,6	SN	S	51.32	Tathāgata
romn/s0305m.mul.xml	845	S v 290,15	SN	S	51.33	Gaṅgānadīādisuttadvādasakaṃ
romn/s0305m.mul.xml	846	S v 292,5	SN	S	51.34	Oghādisuttadasakaṃ
romn/s0305m.mul.xml	899	S v 294,4	SN	S	52.1	Paṭhamarahogata
romn/s0305m.mul.xml	900	S v 296,23	SN	S	52.2	Dutiyarahogata
romn/s0305m.mul.xml	901	S v 297,24	SN	S	52.3	Sutanu
romn/s0305m.mul.xml	902	S v 298,17	SN	S	52.4	Paṭhamakaṇḍakī
romn/s0305m.mul.xml	903	S v 299,5	SN	S	52.5	Dutiyakaṇḍakī
romn/s0305m.mul.xml	904	S v 299,17	SN	S	52.6	Tatiyakaṇḍakī
romn/s0305m.mul.xml	905	S v 300,1	SN	S	52.7	Taṇhakkhaya
romn/s0305m.mul.xml	906	S v 300,11	SN	S	52.8	Salaḷāgāra
romn/s0305m.mul.xml	907	S v 301,17	SN	S	52.9	Ambapālivana
romn/s0305m.mul.xml	908	S v 302,11	SN	S	52.10	Bāḷhagilāna
romn/s0305m.mul.xml	909	S v 303,4	SN	S	52.11	Kappasahassa
romn/s0305m.mul.xml	910	S v 303,21	SN	S	52.12	Iddhividha
romn/s0305m.mul.xml	911	S v 304,1	SN	S	52.13	Dibbasota
romn/s0305m.mul.xml	912	S v 304,6	SN	S	52.14	Cetopariya
romn/s0305m.mul.xml	913	S v 304,11	SN	S	52.15	Ṭhāna
romn/s0305m.mul.xml	914	S v 304,15	SN	S	52.16	Kammasamādāna
romn/s0305m.mul.xml	915	S v 304,19	SN	S	52.17	Sabbatthagāmini
romn/s0305m.mul.xml	916	S v 304,22	SN	S	52.18	Nānādhātu
romn/s0305m.mul.xml	917	S v 305,1	SN	S	52.19	Nānādhimutti
romn/s0305m.mul.xml	918	S v 305,4	SN	S	52.20	Indriyaparopariyatta
romn/s0305m.mul.xml	919	S v 305,8	SN	S	52.21	Jhānādi
romn/s0305m.mul.xml	920	S v 305,12	SN	S	52.22	Pubbenivāsa
romn/s0305m.mul.xml	921	S v 305,17	SN	S	52.23	Dibbacakkhu
romn/s0305m.mul.xml	922	S v 305,21	SN	S	52.24	Āsavakkhaya
romn/s0305m.mul.xml	923	S v 307,4	SN	S	53.1	Jhānādisuttadvādasakaṃ
romn/s0305m.mul.xml	924	S v 309,11	SN	S	53.2	Oghādi
romn/s0305m.mul.xml	977	S v 311,4	SN	S	54.1	Ekadhamma
romn/s0305m.mul.xml	978	S v 312,23	SN	S	54.2	Bojjhaṅga
romn/s0305m.mul.xml	979	S v 313,5	SN	S	54.3	Suddhika
romn/s0305m.mul.xml	980	S v 313,19	SN	S	54.4	Paṭhamaphala
romn/s0305m.mul.xml	981	S v 314,5	SN	S	54.5	Dutiyaphala
romn/s0305m.mul.xml	982	S v 314,26	SN	S	54.6	Ariṭṭha
romn/s0305m.mul.xml	983	S v 315,21	SN	S	54.7	Mahākappina
romn/s0305m.mul.xml	984	S v 316,25	SN	S	54.8	Padīpopama
romn/s0305m.mul.xml	985	S v 320,7	SN	S	54.9	Vesālī
romn/s0305m.mul.xml	986	S v 322,14	SN	S	54.10	Kimila
romn/s0305m.mul.xml	987	S v 325,18	SN	S	54.11	Icchānaṅgala
romn/s0305m.mul.xml	988	S v 327,1	SN	S	54.12	Kaṅkheyya
romn/s0305m.mul.xml	989	S v 328,23	SN	S	54.13	Paṭhamāananda
romn/s0305m.mul.xml	990	S v 333,24	SN	S	54.14	Dutiyāananda
romn/s0305m.mul.xml	991	S v 334,21	SN	S	54.15	Paṭhamabhikkhu
romn/s0305m.mul.xml	992	S v 334,15	SN	S	54.16	Dutiyabhikkhu
romn/s0305m.mul.xml	993	S v 340,12	SN	S	54.17	Saṃyojanappahāna
romn/s0305m.mul.xml	994	S v 340,15	SN	S	54.18	Anusayasamugghāta
romn/s0305m.mul.xml	995	S v 340,17	SN	S	54.19	Addhānapariññā
romn/s0305m.mul.xml	996	S v 340,19	SN	S	54.20	Āsavakkhaya
romn/s0305m.mul.xml	997	S v 342,4	SN	S	55.1	Cakkavattirāja
romn/s0305m.mul.xml	998	S v 343,24	SN	S	55.2	Brahmacariyogadha
romn/s0305m.mul.xml	999	S v 344,8	SN	S	55.3	Dīghāvūpāsaka
romn/s0305m.mul.xml	1000	S v 346,20	SN	S	55.4	Paṭhamasāriputta
romn/s0305m.mul.xml	1001	S v 347,12	SN	S	55.5	Dutiyasāriputta
romn/s0305m.mul.xml	1002	S v 348,9	SN	S	55.6	Thapati
romn/s0305m.mul.xml	1003	S v 352,13	SN	S	55.7	Veḷudvāreyya
romn/s0305m.mul.xml	1004	S v 356,19	SN	S	55.8	Paṭhamagiñjakāvasatha
romn/s0305m.mul.xml	1005	S v 358,1	SN	S	55.9	Dutiyagiñjakāvasatha
romn/s0305m.mul.xml	1006	S v 358,17	SN	S	55.10	Tatiyagiñjakāvasatha
romn/s0305m.mul.xml	1007	S v 360,18	SN	S	55.11	Sahassabhikkhunisaṅgha
romn/s0305m.mul.xml	1008	S v 361,7	SN	S	55.12	Brāhmaṇa
romn/s0305m.mul.xml	1009	S v 362,8	SN	S	55.13	Ānandatthera
romn/s0305m.mul.xml	1010	S v 364,5	SN	S	55.14	Duggatibhaya
romn/s0305m.mul.xml	1011	S v 364,16	SN	S	55.15	Duggativinipātabhaya
romn/s0305m.mul.xml	1012	S v 364,22	SN	S	55.16	Paṭhamamittāmacca
romn/s0305m.mul.xml	1013	S v 365,10	SN	S	55.17	Dutiyamittāmacca
romn/s0305m.mul.xml	1014	S v 366,10	SN	S	55.18	Paṭhamadevacārika
romn/s0305m.mul.xml	1015	S v 367,16	SN	S	55.19	Dutiyadevacārika
romn/s0305m.mul.xml	1016	S v 367,23	SN	S	55.20	Tatiyadevacārika
romn/s0305m.mul.xml	1017	S v 369,2	SN	S	55.21	Paṭhamamahānāma
romn/s0305m.mul.xml	1018	S v 371,3	SN	S	55.22	Dutiyamahānāma
romn/s0305m.mul.xml	1019	S v 371,24	SN	S	55.23	Godhasakka
romn/s0305m.mul.xml	1020	S v 375,1	SN	S	55.24	Paṭhamasaraṇānisakka
romn/s0305m.mul.xml	1021	S v 378,1	SN	S	55.25	Dutiyasaraṇānisakka
romn/s0305m.mul.xml	1022	S v 380,17	SN	S	55.26	Paṭhamānāthapiṇḍika
romn/s0305m.mul.xml	1023	S v 385,12	SN	S	55.27	Dutiyānāthapiṇḍika
romn/s0305m.mul.xml	1024	S v 387,15	SN	S	55.28	Paṭhamabhayaverūpasanta
romn/s0305m.mul.xml	1025	S v 389,10	SN	S	55.29	Dutiyabhayaverūpasanta
romn/s0305m.mul.xml	1026	S v 389,23	SN	S	55.30	Nandakalicchavi
romn/s0305m.mul.xml	1027	S v 391,2	SN	S	55.31	Paṭhamapuññābhisanda
romn/s0305m.mul.xml	1028	S v 391,25	SN	S	55.32	Dutiyapuññābhisanda
romn/s0305m.mul.xml	1029	S v 392,11	SN	S	55.33	Tatiyapuññābhisanda
romn/s0305m.mul.xml	1030	S v 392,22	SN	S	55.34	Paṭhamadevapada
romn/s0305m.mul.xml	1031	S v 393,9	SN	S	55.35	Dutiyadevapada
romn/s0305m.mul.xml	1032	S v 394,6	SN	S	55.36	Devasabhāga
romn/s0305m.mul.xml	1033	S v 395,1	SN	S	55.37	Mahānāma
romn/s0305m.mul.xml	1034	S v 396,1	SN	S	55.38	Vassa
romn/s0305m.mul.xml	1035	S v 396,14	SN	S	55.39	Kāḷigodha
romn/s0305m.mul.xml	1036	S v 397,15	SN	S	55.40	Nandiyasakka
romn/s0305m.mul.xml	1037	S v 399,16	SN	S	55.41	Paṭhamābhisanda
romn/s0305m.mul.xml	1038	S v 401,1	SN	S	55.42	Dutiyābhisanda
romn/s0305m.mul.xml	1039	S v 401,24	SN	S	55.43	Tatiyābhisanda
romn/s0305m.mul.xml	1040	S v 402,12	SN	S	55.44	Paṭhamamahaddhana
romn/s0305m.mul.xml	1041	S v 402,24	SN	S	55.45	Dutiyamahaddhana
romn/s0305m.mul.xml	1042	S v 403,1	SN	S	55.46	Suddhaka
romn/s0305m.mul.xml	1043	S v 403,12	SN	S	55.47	Nandiya
romn/s0305m.mul.xml	1044	S v 403,21	SN	S	55.48	Bhaddiya
romn/s0305m.mul.xml	1045	S v 404,1	SN	S	55.49	Mahānāma
romn/s0305m.mul.xml	1046	S v 404,7	SN	S	55.50	Aṅga
romn/s0305m.mul.xml	1047	S v 404,20	SN	S	55.51	Sagāthaka
romn/s0305m.mul.xml	1048	S v 405,15	SN	S	55.52	Vassaṃvuttha
romn/s0305m.mul.xml	1049	S v 406,31	SN	S	55.53	Dhammadinna
romn/s0305m.mul.xml	1050	S v 408,6	SN	S	55.54	Gilāna
romn/s0305m.mul.xml	1051	S v 410,25	SN	S	55.55	Sotāpattiphala
romn/s0305m.mul.xml	1052	S v 410,14	SN	S	55.56	Sakadāgāmiphala
romn/s0305m.mul.xml	1053	S v 411,8	SN	S	55.57	Anāgāmiphala
romn/s0305m.mul.xml	1054	S v 411,10	SN	S	55.58	Arahattaphala
romn/s0305m.mul.xml	1055	S v 411,12	SN	S	55.59	Paññāpaṭilābha
romn/s0305m.mul.xml	1056	S v 411,14	SN	S	55.60	Paññāvuddhi
romn/s0305m.mul.xml	1057	S v 411,16	SN	S	55.61	Paññāvepulla
romn/s0305m.mul.xml	1058	S v 411,9	SN	S	55.62	Mahāpaññā
romn/s0305m.mul.xml	1059	S v 412,4	SN	S	55.63	Puthupaññā
romn/s0305m.mul.xml	1060	S v 412,6	SN	S	55.64	Vipulapaññā
romn/s0305m.mul.xml	1061	S v 412,8	SN	S	55.65	Gambhīrapaññā
romn/s0305m.mul.xml	1062	S v 412,10	SN	S	55.66	Appamattapaññā
romn/s0305m.mul.xml	1063	S v 412,12	SN	S	55.67	Bhūripaññā
romn/s0305m.mul.xml	1064	S v 412,14	SN	S	55.68	Paññābāhulla
romn/s0305m.mul.xml	1065	S v 412,16	SN	S	55.69	Sīghapaññā
romn/s0305m.mul.xml	1066	S v 412,18	SN	S	55.70	Lahupaññā
romn/s0305m.mul.xml	1067	S v 412,20	SN	S	55.71	Hāsapaññā
romn/s0305m.mul.xml	1068	S v 413,1	SN	S	55.72	Javanapaññā
romn/s0305m.mul.xml	1069	S v 413,3	SN	S	55.73	Tikkhapaññā
romn/s0305m.mul.xml	1070	S v 413,5	SN	S	55.74	Nibbedhikapaññā
romn/s0305m.mul.xml	1071	S v 414,4	SN	S	56.1	Samādhi
romn/s0305m.mul.xml	1072	S v 414,18	SN	S	56.2	Paṭisallāna
romn/s0305m.mul.xml	1073	S v 415,5	SN	S	56.3	Paṭhamakulaputta
romn/s0305m.mul.xml	1074	S v 415,26	SN	S	56.4	Dutiyakulaputta
romn/s0305m.mul.xml	1075	S v 416,15	SN	S	56.5	Paṭhamasamaṇabrāhmaṇa
romn/s0305m.mul.xml	1076	S v 417,4	SN	S	56.6	Dutiyasamaṇabrāhmaṇa
romn/s0305m.mul.xml	1077	S v 417,25	SN	S	56.7	Vitakka
romn/s0305m.mul.xml	1078	S v 418,14	SN	S	56.8	Cinta
romn/s0305m.mul.xml	1079	S v 419,4	SN	S	56.9	Viggāhikakathā
romn/s0305m.mul.xml	1080	S v 419,22	SN	S	56.10	Tiracchānakathā
romn/s0305m.mul.xml	1081	S v 420,24	SN	S	56.11	Dhammacakkappavattana
romn/s0305m.mul.xml	1082	S v 424,12	SN	S	56.12	Tathāgata
romn/s0305m.mul.xml	1083	S v 425,13	SN	S	56.13	Khandha
romn/s0305m.mul.xml	1084	S v 426,4	SN	S	56.14	Ajjhattikāyatana
romn/s0305m.mul.xml	1085	S v 426,29	SN	S	56.15	Paṭhamadhāraṇa
romn/s0305m.mul.xml	1086	S v 427,23	SN	S	56.16	Dutiyadhāraṇa
romn/s0305m.mul.xml	1087	S v 429,11	SN	S	56.17	Avijjā
romn/s0305m.mul.xml	1088	S v 429,23	SN	S	56.18	Vijjā
romn/s0305m.mul.xml	1089	S v 430,8	SN	S	56.19	Saṅkāsana
romn/s0305m.mul.xml	1090	S v 430,21	SN	S	56.20	Tatha
romn/s0305m.mul.xml	1091	S v 431,15	SN	S	56.21	Paṭhamakoṭigāma
romn/s0305m.mul.xml	1092	S v 431,3	SN	S	56.22	Dutiyakoṭigāma
romn/s0305m.mul.xml	1093	S v 433,15	SN	S	56.23	Sammāsambuddha
romn/s0305m.mul.xml	1094	S v 433,27	SN	S	56.24	Arahanta
romn/s0305m.mul.xml	1095	S v 434,19	SN	S	56.25	Āsavakkhaya
romn/s0305m.mul.xml	1096	S v 435,4	SN	S	56.26	Mitta
romn/s0305m.mul.xml	1097	S v 435,14	SN	S	56.27	Tatha
romn/s0305m.mul.xml	1098	S v 435,23	SN	S	56.28	Loka
romn/s0305m.mul.xml	1099	S v 436,1	SN	S	56.29	Pariññeyya
romn/s0305m.mul.xml	1100	S v 436,18	SN	S	56.30	Gavampati
romn/s0305m.mul.xml	1101	S v 437,19	SN	S	56.31	Sīsapāvana
romn/s0305m.mul.xml	1102	S v 438,22	SN	S	56.32	Khadirapatta
romn/s0305m.mul.xml	1103	S v 439,21	SN	S	56.33	Daṇḍa
romn/s0305m.mul.xml	1104	S v 440,4	SN	S	56.34	Cela
romn/s0305m.mul.xml	1105	S v 440,21	SN	S	56.35	Sattisata
romn/s0305m.mul.xml	1106	S v 441,15	SN	S	56.36	Pāṇa
romn/s0305m.mul.xml	1107	S v 442,9	SN	S	56.37	Paṭhamasūriya
romn/s0305m.mul.xml	1108	S v 442,22	SN	S	56.38	Dutiyasūriya
romn/s0305m.mul.xml	1109	S v 443,21	SN	S	56.39	Indakhīla
romn/s0305m.mul.xml	1110	S v 445,6	SN	S	56.40	Vādatthika
romn/s0305m.mul.xml	1111	S v 446,24	SN	S	56.41	Lokacintā
romn/s0305m.mul.xml	1112	S v 448,24	SN	S	56.42	Papāta
romn/s0305m.mul.xml	1113	S v 450,30	SN	S	56.43	Mahāpariḷāha
romn/s0305m.mul.xml	1114	S v 452,6	SN	S	56.44	Kūṭāgāra
romn/s0305m.mul.xml	1115	S v 453,4	SN	S	56.45	Vāla
romn/s0305m.mul.xml	1116	S v 454,16	SN	S	56.46	Andhakāra
romn/s0305m.mul.xml	1117	S v 455,23	SN	S	56.47	Paṭhamachiggaḷayuga
romn/s0305m.mul.xml	1118	S v 456,17	SN	S	56.48	Dutiyachiggaḷayuga
romn/s0305m.mul.xml	1119	S v 457,17	SN	S	56.49	Paṭhamasinerupabbatarāja
romn/s0305m.mul.xml	1120	S v 458,13	SN	S	56.50	Dutiyasinerupabbatarāja
romn/s0305m.mul.xml	1121	S v 459,14	SN	S	56.51	Nakhasikha
romn/s0305m.mul.xml	1122	S v 460,9	SN	S	56.52	Pokkharaṇī
romn/s0305m.mul.xml	1123	S v 460,24	SN	S	56.53	Paṭhamasaṃbhejja
romn/s0305m.mul.xml	1124	S v 461,11	SN	S	56.54	Dutiyasaṃbhejja
romn/s0305m.mul.xml	1125	S v 462,1	SN	S	56.55	Paṭhamamahāpathavī
romn/s0305m.mul.xml	1126	S v 462,14	SN	S	56.56	Dutiyamahāpathavī
romn/s0305m.mul.xml	1127	S v 463,1	SN	S	56.57	Paṭhamamahāsamudda
romn/s0305m.mul.xml	1128	S v 463,14	SN	S	56.58	Dutiyamahāsamudda
romn/s0305m.mul.xml	1129	S v 464,1	SN	S	56.59	Paṭhamapabbatūpama
romn/s0305m.mul.xml	1130	S v 464,15	SN	S	56.60	Dutiyapabbatūpama
romn/s0305m.mul.xml	1131	S v 465,18	SN	S	56.61	Aññatra
romn/s0305m.mul.xml	1132	S v 466,15	SN	S	56.62	Paccanta
romn/s0305m.mul.xml	1133	S v 467,1	SN	S	56.63	Paññā
romn/s0305m.mul.xml	1134	S v 467,5	SN	S	56.64	Surāmeraya
romn/s0305m.mul.xml	1135	S v 467,10	SN	S	56.65	Odaka
romn/s0305m.mul.xml	1136	S v 467,14	SN	S	56.66	Matteyya
romn/s0305m.mul.xml	1137	S v 467,17	SN	S	56.67	Petteyya
romn/s0305m.mul.xml	1138	S v 468,1	SN	S	56.68	Sāmañña
romn/s0305m.mul.xml	1139	S v 468,4	SN	S	56.69	Brahmañña
romn/s0305m.mul.xml	1140	S v 468,8	SN	S	56.70	Pacāyika
romn/s0305m.mul.xml	1141	S v 468,18	SN	S	56.71	Pāṇātipāta
romn/s0305m.mul.xml	1142	S v 469,1	SN	S	56.72	Adinnādāna
romn/s0305m.mul.xml	1143	S v 469,5	SN	S	56.73	Kāmesumicchācāra
romn/s0305m.mul.xml	1144	S v 469,9	SN	S	56.74	Musāvāda
romn/s0305m.mul.xml	1145	S v 469,13	SN	S	56.75	Pesuñña
romn/s0305m.mul.xml	1146	S v 469,17	SN	S	56.76	Pharusavācā
romn/s0305m.mul.xml	1147	S v 469,21	SN	S	56.77	Samphappalāpa
romn/s0305m.mul.xml	1148	S v 470,1	SN	S	56.78	Bījagāma
romn/s0305m.mul.xml	1149	S v 470,6	SN	S	56.79	Vikālabhojana
romn/s0305m.mul.xml	1150	S v 470,10	SN	S	56.80	Gandhavilepana
romn/s0305m.mul.xml	1151	S v 470,21	SN	S	56.81	Naccagīta
romn/s0305m.mul.xml	1152	S v 471,3	SN	S	56.82	Uccāsayana
romn/s0305m.mul.xml	1153	S v 471,7	SN	S	56.83	Jātarūparajata
romn/s0305m.mul.xml	1154	S v 471,11	SN	S	56.84	Āmakadhañña
romn/s0305m.mul.xml	1155	S v 471,15	SN	S	56.85	Āmakamaṃsa
romn/s0305m.mul.xml	1156	S v 471,19	SN	S	56.86	Kumārika
romn/s0305m.mul.xml	1157	S v 472,1	SN	S	56.87	Dāsidāsa
romn/s0305m.mul.xml	1158	S v 472,5	SN	S	56.88	Ajeḷaka
romn/s0305m.mul.xml	1159	S v 472,9	SN	S	56.89	Kukkuṭasūkara
romn/s0305m.mul.xml	1160	S v 472,13	SN	S	56.90	Hatthigavassa
romn/s0305m.mul.xml	1161	S v 473,2	SN	S	56.91	Khettavatthu
romn/s0305m.mul.xml	1162	S v 473,6	SN	S	56.92	Kayavikkaya
romn/s0305m.mul.xml	1163	S v 473,10	SN	S	56.93	Dūteyya
romn/s0305m.mul.xml	1164	S v 473,14	SN	S	56.94	Tulākūṭa
romn/s0305m.mul.xml	1165	S v 473,19	SN	S	56.95	Ukkoṭana
romn/s0305m.mul.xml	1166	S v 473,24	SN	S	56.96	Chedanādi
romn/s0305m.mul.xml	1167	S v 474,11	SN	S	56.97	Manussacutiniraya
romn/s0305m.mul.xml	1168	S v 474,25	SN	S	56.98	Manussacutitiracchāna
romn/s0305m.mul.xml	1169	S v 475,1	SN	S	56.99	Manussacutipettivisaya
romn/s0305m.mul.xml	1170	S v 475,5	SN	S	56.100	Manussacutidevanirayādi
romn/s0305m.mul.xml	1171	S v 475,5	SN	S	56.101	Devacutinirayādi
romn/s0305m.mul.xml	1172	S v 475,5	SN	S	56.102	Devamanussanirayādi
romn/s0305m.mul.xml	1173	S v 475,11	SN	S	56.103	Nirayamanussanirayādi
romn/s0305m.mul.xml	1174	S v 476,1	SN	S	56.104	Nirayadevanirayādi
romn/s0305m.mul.xml	1175	S v 476,1	SN	S	56.105	Tiracchānamanussanirayādi
romn/s0305m.mul.xml	1176	S v 476,1	SN	S	56.106	Tiracchānadevanirayādi
romn/s0305m.mul.xml	1177	S v 476,7	SN	S	56.107	Pettimanussanirayādi
romn/s0305m.mul.xml	1178	S v 476,7	SN	S	56.108	Pettidevanirayādi
romn/s0305m.mul.xml	1179	S v 477,1	SN	S	56.109	Pettidevapettivisaya
romn/s0401m.mul.xml	1	A i 1,5	AN	A	1.1	Cittapariyādāna [Rūpādi] 1
romn/s0401m.mul.xml	2	A i 1,19	AN	A	1.2	Cittapariyādāna [Rūpādi 2]
romn/s0401m.mul.xml	3	A i 2	AN	A	1.3	Cittapariyādāna [Rūpādi 3]
romn/s0401m.mul.xml	4	A i 2,5	AN	A	1.4	Cittapariyādāna [Rūpādi 4]
romn/s0401m.mul.xml	5	A i 2,10	AN	A	1.5	Cittapariyādāna [Rūpādi 5]
romn/s0401m.mul.xml	6	A i 2,15	AN	A	1.6	Cittapariyādāna [Rūpādi 6]
romn/s0401m.mul.xml	7	A i 2,24	AN	A	1.7	Cittapariyādāna [Rūpādi 7]
romn/s0401m.mul.xml	8	A i 2,28	AN	A	1.8	Cittapariyādāna [Rūpādi 8]
romn/s0401m.mul.xml	9	A i 2	AN	A	1.9	Cittapariyādāna [Rūpādi 9]
romn/s0401m.mul.xml	10	A i 2	AN	A	1.10	Cittapariyādāna [Rūpādi 10]
romn/s0401m.mul.xml	11	A i 3,2	AN	A	1.11	Nīvaraṇappahāṇa 1
romn/s0401m.mul.xml	12	A i 3,16	AN	A	1.12	Nīvaraṇappahāṇa 2
romn/s0401m.mul.xml	13	A i 3,24	AN	A	1.13	Nīvaraṇappahāṇa 3
romn/s0401m.mul.xml	14	A i 3,2	AN	A	1.14	Nīvaraṇappahāṇa 4
romn/s0401m.mul.xml	15	A i 4	AN	A	1.15	Nīvaraṇappahāṇa 5
romn/s0401m.mul.xml	16	A i 4,8	AN	A	1.16	Nīvaraṇappahāṇa 6
romn/s0401m.mul.xml	17	A i 4,22	AN	A	1.17	Nīvaraṇappahāṇa 7
romn/s0401m.mul.xml	18	A i 4,28	AN	A	1.18	Nīvaraṇappahāṇa 8
romn/s0401m.mul.xml	19	A i 4,35	AN	A	1.19	Nīvaraṇappahāṇa 9
romn/s0401m.mul.xml	20	A i 4	AN	A	1.20	Nīvaraṇappahāṇa 10
romn/s0401m.mul.xml	21	A i 5,8	AN	A	1.21	Akammanīya 1
romn/s0401m.mul.xml	22	A i 5,16	AN	A	1.22	Akammanīya 2
romn/s0401m.mul.xml	23	A i 5,21	AN	A	1.23	Akammanīya 3
romn/s0401m.mul.xml	24	A i 5,25	AN	A	1.24	Akammanīya 4
romn/s0401m.mul.xml	25	A i 5,30	AN	A	1.25	Akammanīya 5
romn/s0401m.mul.xml	26	A i 5	AN	A	1.26	Akammanīya 6
romn/s0401m.mul.xml	27	A i 6,4	AN	A	1.27	Akammanīya 7
romn/s0401m.mul.xml	28	A i 6,9	AN	A	1.28	Akammanīya 8
romn/s0401m.mul.xml	29	A i 6,13	AN	A	1.29	Akammanīya 9
romn/s0401m.mul.xml	30	A i 6,18	AN	A	1.30	Akammanīya 10
romn/s0401m.mul.xml	31	A i 6,25	AN	A	1.31	Adanta 1
romn/s0401m.mul.xml	32	A i 6,33	AN	A	1.32	Adanta 2
romn/s0401m.mul.xml	33	A i 6	AN	A	1.33	Adanta 3
romn/s0401m.mul.xml	34	A i 7,4	AN	A	1.34	Adanta 4
romn/s0401m.mul.xml	35	A i 7,8	AN	A	1.35	Adanta 5
romn/s0401m.mul.xml	36	A i 7,13	AN	A	1.36	Adanta 6
romn/s0401m.mul.xml	37	A i 7,17	AN	A	1.37	Adanta 7
romn/s0401m.mul.xml	38	A i 7,22	AN	A	1.38	Adanta 8
romn/s0401m.mul.xml	39	A i 7,26	AN	A	1.39	Adanta 9
romn/s0401m.mul.xml	40	A i 7,31	AN	A	1.40	Adanta 10
romn/s0401m.mul.xml	41	A i 8,2	AN	A	1.41	Sūka [Paṇihita-accha] 1
romn/s0401m.mul.xml	42	A i 8,11	AN	A	1.42	Sūka [Paṇihita-accha] 2
romn/s0401m.mul.xml	43	A i 8,20	AN	A	1.43	Sūka [Paṇihita-accha] 3
romn/s0401m.mul.xml	44	A i 8,28	AN	A	1.44	Sūka [Paṇihita-accha] 4
romn/s0401m.mul.xml	45	A i 9,7	AN	A	1.45	Sūka [Paṇihita-accha] 5
romn/s0401m.mul.xml	46	A i 9,17	AN	A	1.46	Sūka [Paṇihita-accha] 6
romn/s0401m.mul.xml	47	A i 9,27	AN	A	1.47	Sūka [Paṇihita-accha] 7
romn/s0401m.mul.xml	48	A i 10	AN	A	1.48	Sūka [Paṇihita-accha] 8
romn/s0401m.mul.xml	49	A i 10,5	AN	A	1.49	Sūka [Paṇihita-accha] 9
romn/s0401m.mul.xml	50	A i 10,7	AN	A	1.50	Sūka [Paṇihita-accha] 10
romn/s0401m.mul.xml	51	A i 10,11	AN	A	1.51	Pabhassara [Accharāsaṅghāta] 1
romn/s0401m.mul.xml	52	A i 10,15	AN	A	1.52	Pabhassara [Accharāsaṅghāta] 2
romn/s0401m.mul.xml	53	A i 10,19	AN	A	1.53	Pabhassara [Accharāsaṅghāta] 3
romn/s0401m.mul.xml	54	A i 10,24	AN	A	1.54	Pabhassara [Accharāsaṅghāta] 4
romn/s0401m.mul.xml	55	A i 11	AN	A	1.55	Pabhassara [Accharāsaṅghāta] 5
romn/s0401m.mul.xml	56	A i 11,6	AN	A	1.56	Pabhassara [Accharāsaṅghāta] 6
romn/s0401m.mul.xml	57	A i 11,10	AN	A	1.57	Pabhassara [Accharāsaṅghāta] 7
romn/s0401m.mul.xml	58	A i 11,14	AN	A	1.58	Pabhassara [Accharāsaṅghāta] 8
romn/s0401m.mul.xml	59	A i 11,20	AN	A	1.59	Pabhassara [Accharāsaṅghāta] 9
romn/s0401m.mul.xml	60	A i 11,26	AN	A	1.60	Pabhassara [Accharāsaṅghāta] 10
romn/s0401m.mul.xml	61	A i 12,2	AN	A	1.61	Viriyārambha [Viriyārambhādi] 1
romn/s0401m.mul.xml	62	A i 12,9	AN	A	1.62	Viriyārambha [Viriyārambhādi] 2
romn/s0401m.mul.xml	63	A i 12,15	AN	A	1.63	Viriyārambha [Viriyārambhādi] 3
romn/s0401m.mul.xml	64	A i 12,21	AN	A	1.64	Viriyārambha [Viriyārambhādi] 4
romn/s0401m.mul.xml	65	A i 12,28	AN	A	1.65	Viriyārambha [Viriyārambhādi] 5
romn/s0401m.mul.xml	66	A i 13	AN	A	1.66	Viriyārambha [Viriyārambhādi] 6
romn/s0401m.mul.xml	67	A i 13,7	AN	A	1.67	Viriyārambha [Viriyārambhādi] 7
romn/s0401m.mul.xml	68	A i 13,14	AN	A	1.68	Viriyārambha [Viriyārambhādi] 8
romn/s0401m.mul.xml	69	A i 13,20	AN	A	1.69	Viriyārambha [Viriyārambhādi] 9
romn/s0401m.mul.xml	70	A i 13,26	AN	A	1.70	Viriyārambha [Viriyārambhādi] 10
romn/s0401m.mul.xml	71	A i 14,2	AN	A	1.71	Kalyāṇamitta [Kalyāṇamittādi] 1
romn/s0401m.mul.xml	72	A i 14,8	AN	A	1.72	Kalyāṇamitta [Kalyāṇamittādi] 2
romn/s0401m.mul.xml	73	A i 14,16	AN	A	1.73	Kalyāṇamitta [Kalyāṇamittādi] 3
romn/s0401m.mul.xml	74	A i 14,24	AN	A	1.74	Kalyāṇamitta [Kalyāṇamittādi] 4
romn/s0401m.mul.xml	75	A i 14,31	AN	A	1.75	Kalyāṇamitta [Kalyāṇamittādi] 5
romn/s0401m.mul.xml	76	A i 15,4	AN	A	1.76	Kalyāṇamitta [Kalyāṇamittādi] 6
romn/s0401m.mul.xml	77	A i 15,7	AN	A	1.77	Kalyāṇamitta [Kalyāṇamittādi] 7
romn/s0401m.mul.xml	78	A i 15,11	AN	A	1.78	Kalyāṇamitta [Kalyāṇamittādi] 8
romn/s0401m.mul.xml	79	A i 15,14	AN	A	1.79	Kalyāṇamitta [Kalyāṇamittādi] 9
romn/s0401m.mul.xml	80	A i 15,19	AN	A	1.80	Kalyāṇamitta [Kalyāṇamittādi] 10
romn/s0401m.mul.xml	81	A i 15,24	AN	A	1.81	Kalyāṇamitta [Kalyāṇamittādi] 11
romn/s0401m.mul.xml	82	A i 16	AN	A	1.82-97	Pamāda [Pamādādi] 1-26
romn/s0401m.mul.xml	98	A i 16,5	AN	A	1.98-139	Ajjhattika [Pamādādi 2] 1-22
romn/s0401m.mul.xml	140	A i 19	AN	A	1.140-149	Adhamma 1-20
romn/s0401m.mul.xml	150	A i 20	AN	A	1.150-169	Anāpatti 1-20
romn/s0401m.mul.xml	170	A i 22,2	AN	A	1.170	Ekapuggala 1
romn/s0401m.mul.xml	171	A i 22,8	AN	A	1.171	Ekapuggala 2
romn/s0401m.mul.xml	172	A i 22,13	AN	A	1.172	Ekapuggala 3
romn/s0401m.mul.xml	173	A i 22,18	AN	A	1.173	Ekapuggala 4
romn/s0401m.mul.xml	174	A i 22,23	AN	A	1.174	Ekapuggala 5
romn/s0401m.mul.xml	175	A i 22,29	AN	A	1.175-186	Ekapuggala 1-27
romn/s0401m.mul.xml	187	A i 23,8	AN	A	1.187	Ekapuggala 18
romn/s0401m.mul.xml	188	A i 23,16	AN	A	1.188-197	Etadagga (Paṭhama) 1-20
romn/s0401m.mul.xml	198	A i 24	AN	A	1.198-208	Etadagga (Dutiya) 1-21
romn/s0401m.mul.xml	209	A i 24,16	AN	A	1.209-218	Etadagga (Tatiya) 1-20
romn/s0401m.mul.xml	219	A i 24,31	AN	A	1.219-234	Etadagga (Catuttha) 1-26
romn/s0401m.mul.xml	235	A i 25,17	AN	A	1.235-247	Etadagga (Pañcama) 1-23
romn/s0401m.mul.xml	248	A i 25,32	AN	A	1.248-257	Etadagga (Chaṭṭha) 1-20
romn/s0401m.mul.xml	258	A i 26,16	AN	A	1.258-267	Etadagga (Sattama) 1-20
romn/s0401m.mul.xml	268	A i 26,30	AN	A	1.268-277	Aṭṭhāna 1-20
romn/s0401m.mul.xml	278	A i 28,4	AN	A	1.278-286	Aṭṭhāna 11-29
romn/s0401m.mul.xml	287	A i 28,9	AN	A	1.287-295	Aṭṭhāna 21-28
romn/s0401m.mul.xml	296	A i 30,6	AN	A	1.296-305	Ekadhamma (Paṭhama) 1-20
romn/s0401m.mul.xml	298	A i 30,21	AN	A	1.306	Ekadhamma (Dutiya) 1
romn/s0401m.mul.xml	299	A i 30,28	AN	A	1.307	Ekadhamma (Dutiya) 2
romn/s0401m.mul.xml	300	A i 31,4	AN	A	1.308	Ekadhamma (Dutiya) 3
romn/s0401m.mul.xml	301	A i 31,11	AN	A	1.309	Ekadhamma (Dutiya) 4
romn/s0401m.mul.xml	302	A i 31,18	AN	A	1.310	Ekadhamma (Dutiya) 5
romn/s0401m.mul.xml	303	A i 31,24	AN	A	1.311	Ekadhamma (Dutiya) 6
romn/s0401m.mul.xml	304	A i 31,30	AN	A	1.312	Ekadhamma (Dutiya) 7
romn/s0401m.mul.xml	305	A i 31,37	AN	A	1.313	Ekadhamma (Dutiya) 8
romn/s0401m.mul.xml	306	A i 32,5	AN	A	1.314	Ekadhamma (Dutiya) 9
romn/s0401m.mul.xml	307	A i 32	AN	A	1.315	Ekadhamma (Dutiya) 10
romn/s0401m.mul.xml	308	A i 33,2	AN	A	1.316	Ekadhamma (Tatiya) 1
romn/s0401m.mul.xml	309	A i 33,10	AN	A	1.317	Ekadhamma (Tatiya) 2
romn/s0401m.mul.xml	310	A i 33,18	AN	A	1.318	Ekadhamma (Tatiya) 3
romn/s0401m.mul.xml	311	A i 33,22	AN	A	1.319	Ekadhamma (Tatiya) 4
romn/s0401m.mul.xml	312	A i 34	AN	A	1.320-321	Ekadhamma (Tatiya) 1-2
romn/s0401m.mul.xml	314	A i 34,5	AN	A	1.322-323	Ekadhamma (Tatiya) 1-2
romn/s0401m.mul.xml	316	A i 34,9	AN	A	1.324-327	Ekadhamma (Tatiya) 1-22
romn/s0401m.mul.xml	320	A i 34,12	AN	A	1.328	Ekadhamma (Tatiya) 13
romn/s0401m.mul.xml	321	A i 34,15	AN	A	1.329-332	Ekadhamma (Tatiya) 11-27
romn/s0401m.mul.xml	325	A i 35	AN	A	1.333-377	Jambudīpapeyyāla [Ekadhamma (Catuttha)] 1-25
romn/s0401m.mul.xml	376	A i 38,12	AN	A	1.378-393	Pasādakaradhamma 1-26
romn/s0401m.mul.xml	382	A i 38,18	AN	A	1.394	Accharāsaṅghāta [Apara accharāsaṅghāta] 1
romn/s0401m.mul.xml	383	A i 38	AN	A	1.395-401	Accharāsaṅghāta [Apara accharāsaṅghāta] 1-2
romn/s0401m.mul.xml	390	A i 39,3	AN	A	1.402-405	Accharāsaṅghāta [Apara accharāsaṅghāta] 1-22
romn/s0401m.mul.xml	394	A i 39,9	AN	A	1.406-409	Accharāsaṅghāta [Apara accharāsaṅghāta] 11-26
romn/s0401m.mul.xml	398	A i 39,22	AN	A	1.410-413	Accharāsaṅghāta [Apara accharāsaṅghāta] 11-20
romn/s0401m.mul.xml	402	A i 39,28	AN	A	1.414-418	Accharāsaṅghāta [Apara accharāsaṅghāta] 21-25
romn/s0401m.mul.xml	407	A i 39,34	AN	A	1.419-423	Accharāsaṅghāta [Apara accharāsaṅghāta] 21-20
romn/s0401m.mul.xml	412	A i 39	AN	A	1.424-430	Accharāsaṅghāta [Apara accharāsaṅghāta] 31-27
romn/s0401m.mul.xml	419	A i 40,5	AN	A	1.431-438	Accharāsaṅghāta [Apara accharāsaṅghāta] 31-25
romn/s0401m.mul.xml	427	A i 40,11	AN	A	1.439-446	Accharāsaṅghāta [Apara accharāsaṅghāta] 41-23
romn/s0401m.mul.xml	435	A i 40,35	AN	A	1.447-454	Accharāsaṅghāta [Apara accharāsaṅghāta] 51-21
romn/s0401m.mul.xml	443	A i 41,14	AN	A	1.455-464	Accharāsaṅghāta [Apara accharāsaṅghāta] 61-21
romn/s0401m.mul.xml	453	A i 41,24	AN	A	1.465-474	Accharāsaṅghāta [Apara accharāsaṅghāta] 71-21
romn/s0401m.mul.xml	463	A i 41	AN	A	1.475-484	Accharāsaṅghāta [Apara accharāsaṅghāta] 81-21
romn/s0401m.mul.xml	473	A i 42,9	AN	A	1.485-494	Accharāsaṅghāta [Apara accharāsaṅghāta] 91-201
romn/s0401m.mul.xml	483	A i 42,19	AN	A	1.495-534	Accharāsaṅghāta [Apara accharāsaṅghāta] 101-241
romn/s0401m.mul.xml	523	A i 42,29	AN	A	1.535-574	Accharāsaṅghāta [Apara accharāsaṅghāta] 141-281
romn/s0401m.mul.xml	563	A i 43,8	AN	A	1.575-582	Kāyagatāsati 1-2
romn/s0401m.mul.xml	571	A i 43,13	AN	A	1.583	Kāyagatāsati 9
romn/s0401m.mul.xml	572	A i 43,28	AN	A	1.584	Kāyagatāsati 10
romn/s0401m.mul.xml	573	A i 43	AN	A	1.585	Kāyagatāsati 11
romn/s0401m.mul.xml	574	A i 43	AN	A	1.586-590	Kāyagatāsati 11-26
romn/s0401m.mul.xml	575	A i 43	AN	A	1.591-592	Kāyagatāsati 11-28
romn/s0401m.mul.xml	577	A i 43	AN	A	1.593-595	Kāyagatāsati 11-21
romn/s0401m.mul.xml	580	A i 43	AN	A	1.596-599	Kāyagatāsati 21-25
romn/s0401m.mul.xml	584	A i 43	AN	A	1.600-615	Kāyagatāsati 21-21
romn/s0401m.mul.xml	600	A i 45,5	AN	A	1.616-627	Amata 1-22
romn/s0402m1.mul.xml	1	A i 47,3	AN	A	2.1	Vajja
romn/s0402m1.mul.xml	2	A i 49,12	AN	A	2.2	Padhāna
romn/s0402m1.mul.xml	3	A i 49,24	AN	A	2.3	Tapanīya
romn/s0402m1.mul.xml	4	A i 49,35	AN	A	2.4	Atapanīya
romn/s0402m1.mul.xml	5	A i 50,7	AN	A	2.5	Upaññāta
romn/s0402m1.mul.xml	6	A i 50,30	AN	A	2.6	Saññojanīya [Saññojana
romn/s0402m1.mul.xml	7	A i 51,11	AN	A	2.7	Kaṇha
romn/s0402m1.mul.xml	8	A i 51,15	AN	A	2.8	Sukka
romn/s0402m1.mul.xml	9	A i 51,19	AN	A	2.9	Cariya
romn/s0402m1.mul.xml	10	A i 51,29	AN	A	2.10	Vassūpanāyika
romn/s0402m1.mul.xml	11	A i 52,5	AN	A	2.11	Adhikaraṇa 1
romn/s0402m1.mul.xml	12	A i 52,25	AN	A	2.12	Adhikaraṇa 2
romn/s0402m1.mul.xml	13	A i 53,11	AN	A	2.13	Adhikaraṇa 3
romn/s0402m1.mul.xml	14	A i 53,30	AN	A	2.14	Adhikaraṇa 4
romn/s0402m1.mul.xml	15	A i 53,34	AN	A	2.15	Adhikaraṇa 5
romn/s0402m1.mul.xml	16	A i 55,22	AN	A	2.16	Adhikaraṇa 6
romn/s0402m1.mul.xml	17	A i 56,12	AN	A	2.17	Adhikaraṇa 7
romn/s0402m1.mul.xml	18	A i 57,18	AN	A	2.18	Adhikaraṇa 8
romn/s0402m1.mul.xml	19	A i 58,15	AN	A	2.19	Adhikaraṇa 9
romn/s0402m1.mul.xml	20	A i 58	AN	A	2.20	Adhikaraṇa 10
romn/s0402m1.mul.xml	22	A i 59,13	AN	A	2.21	Bāla 1
romn/s0402m1.mul.xml	23	A i 59,23	AN	A	2.22	Bāla 2
romn/s0402m1.mul.xml	24	A i 59,27	AN	A	2.23	Bāla 3
romn/s0402m1.mul.xml	25	A i 60,5	AN	A	2.24	Bāla 4
romn/s0402m1.mul.xml	26	A i 60,11	AN	A	2.25	Bāla 5
romn/s0402m1.mul.xml	27	A i 60,21	AN	A	2.26	Bāla 6
romn/s0402m1.mul.xml	28	A i 60,25	AN	A	2.27	Bāla 7
romn/s0402m1.mul.xml	29	A i 60,32	AN	A	2.28	Bāla 8
romn/s0402m1.mul.xml	30	A i 60	AN	A	2.29	Bāla 9
romn/s0402m1.mul.xml	31	A i 61,4	AN	A	2.30	Bāla 10
romn/s0402m1.mul.xml	32	A i 61,17	AN	A	2.31	Bāla 11
romn/s0402m1.mul.xml	33	A i 61,29	AN	A	2.32	Samacitta 1
romn/s0402m1.mul.xml	34	A i 61	AN	A	2.33	Samacitta 2
romn/s0402m1.mul.xml	35	A i 62,16	AN	A	2.34	Samacitta 3
romn/s0402m1.mul.xml	36	A i 62,33	AN	A	2.35	Samacitta 4
romn/s0402m1.mul.xml	37	A i 63,15	AN	A	2.36	Samacitta 5
romn/s0402m1.mul.xml	38	A i 65,32	AN	A	2.37	Samacitta 6
romn/s0402m1.mul.xml	39	A i 67,22	AN	A	2.38	Samacitta 7
romn/s0402m1.mul.xml	40	A i 68,21	AN	A	2.39	Samacitta 8
romn/s0402m1.mul.xml	41	A i 69,14	AN	A	2.40	Samacitta 9
romn/s0402m1.mul.xml	42	A i 69,22	AN	A	2.41	Samacitta 10
romn/s0402m1.mul.xml	43	A i 70,2	AN	A	2.42	Parisa 1
romn/s0402m1.mul.xml	44	A i 70,17	AN	A	2.43	Parisa 2
romn/s0402m1.mul.xml	45	A i 70,31	AN	A	2.44	Parisa 3
romn/s0402m1.mul.xml	46	A i 71,23	AN	A	2.45	Parisa 4
romn/s0402m1.mul.xml	47	A i 72,6	AN	A	2.46	Parisa 5
romn/s0402m1.mul.xml	48	A i 72,20	AN	A	2.47	Parisa 6
romn/s0402m1.mul.xml	49	A i 73,24	AN	A	2.48	Parisa 7
romn/s0402m1.mul.xml	50	A i 74,21	AN	A	2.49	Parisa 8
romn/s0402m1.mul.xml	51	A i 75,18	AN	A	2.50	Parisa 9
romn/s0402m1.mul.xml	52	A i 75,24	AN	A	2.51	Parisa 10
romn/s0402m1.mul.xml	53	A i 76,21	AN	A	2.52	Puggala 1
romn/s0402m1.mul.xml	54	A i 76,29	AN	A	2.53	Puggala 2
romn/s0402m1.mul.xml	55	A i 77,5	AN	A	2.54	Puggala 3
romn/s0402m1.mul.xml	56	A i 77,11	AN	A	2.55	Puggala 4
romn/s0402m1.mul.xml	57	A i 77,15	AN	A	2.56	Puggala 5
romn/s0402m1.mul.xml	58	A i 77,23	AN	A	2.57	Puggala 6
romn/s0402m1.mul.xml	59	A i 77,26	AN	A	2.58	Puggala 7
romn/s0402m1.mul.xml	60	A i 77,29	AN	A	2.59	Puggala 8
romn/s0402m1.mul.xml	61	A i 77	AN	A	2.60	Puggala 9
romn/s0402m1.mul.xml	62	A i 78	AN	A	2.61	Puggala 10
romn/s0402m1.mul.xml	63	A i 78,7	AN	A	2.62	Puggala 11
romn/s0402m1.mul.xml	64	A i 79,30	AN	A	2.63	Puggala 12
romn/s0402m1.mul.xml	65	A i 80,11	AN	A	2.64-76	Sukha 1-23
romn/s0402m1.mul.xml	78	A i 82,4	AN	A	2.77-86	Sanimitta 1-20
romn/s0402m1.mul.xml	88	A i 83	AN	A	2.87-97	Dhamma 1-21
romn/s0402m1.mul.xml	99	A i 84	AN	A	2.98	Bāla 1
romn/s0402m1.mul.xml	100	A i 84,7	AN	A	2.99-117	Bāla 1-20
romn/s0402m1.mul.xml	119	A i 86,4	AN	A	2.118	Āsā [Āsāduppajaha] 1
romn/s0402m1.mul.xml	120	A i 87	AN	A	2.119	Āsā [Āsāduppajaha] 2
romn/s0402m1.mul.xml	121	A i 87,5	AN	A	2.120	Āsā [Āsāduppajaha] 3
romn/s0402m1.mul.xml	122	A i 87,9	AN	A	2.121	Āsā [Āsāduppajaha] 4
romn/s0402m1.mul.xml	123	A i 87,14	AN	A	2.122	Āsā [Āsāduppajaha] 5
romn/s0402m1.mul.xml	124	A i 87,19	AN	A	2.123	Āsā [Āsāduppajaha] 6
romn/s0402m1.mul.xml	125	A i 87,23	AN	A	2.124	Āsā [Āsāduppajaha] 7
romn/s0402m1.mul.xml	126	A i 87,27	AN	A	2.125	Āsā [Āsāduppajaha] 8
romn/s0402m1.mul.xml	127	A i 87,32	AN	A	2.126	Āsā [Āsāduppajaha] 9
romn/s0402m1.mul.xml	128	A i 87,37	AN	A	2.127	Āsā [Āsāduppajaha] 10
romn/s0402m1.mul.xml	129	A i 88,3	AN	A	2.128	Āsā [Āsāduppajaha] 11
romn/s0402m1.mul.xml	130	A i 88,7	AN	A	2.129	Āsā [Āsāduppajaha] 12
romn/s0402m1.mul.xml	131	A i 88,13	AN	A	2.130	Āyācana 1
romn/s0402m1.mul.xml	132	A i 88,22	AN	A	2.131	Āyācana 2
romn/s0402m1.mul.xml	133	A i 88,28	AN	A	2.132	Āyācana 3
romn/s0402m1.mul.xml	134	A i 88	AN	A	2.133	Āyācana 4
romn/s0402m1.mul.xml	135	A i 89,4	AN	A	2.134	Āyācana 5
romn/s0402m1.mul.xml	136	A i 89,25	AN	A	2.135	Āyācana 6
romn/s0402m1.mul.xml	137	A i 90,12	AN	A	2.136	Āyācana 7
romn/s0402m1.mul.xml	138	A i 90,30	AN	A	2.137	Āyācana 8
romn/s0402m1.mul.xml	139	A i 91,10	AN	A	2.138	Āyācana 9
romn/s0402m1.mul.xml	140	A i 91,14	AN	A	2.139	Āyācana 10
romn/s0402m1.mul.xml	141	A i 91,18	AN	A	2.140	Āyācana 11
romn/s0402m1.mul.xml	142	A i 91,24	AN	A	2.141	Dāna 1
romn/s0402m1.mul.xml	143	A i 91,29	AN	A	2.142	Dāna 2
romn/s0402m1.mul.xml	144	A i 92	AN	A	2.143	Dāna 3
romn/s0402m1.mul.xml	145	A i 92,5	AN	A	2.144	Dāna 4
romn/s0402m1.mul.xml	146	A i 92,9	AN	A	2.145	Dāna 5
romn/s0402m1.mul.xml	147	A i 92,13	AN	A	2.146	Dāna 6
romn/s0402m1.mul.xml	148	A i 92,17	AN	A	2.147	Dāna 7
romn/s0402m1.mul.xml	149	A i 92,21	AN	A	2.148	Dāna 8
romn/s0402m1.mul.xml	150	A i 92,25	AN	A	2.149	Dāna 9
romn/s0402m1.mul.xml	151	A i 92,29	AN	A	2.150	Dāna 10
romn/s0402m1.mul.xml	152	A i 93,2	AN	A	2.151-162	Santhāra 1-22
romn/s0402m1.mul.xml	164	A i 94	AN	A	2.163-179	Samāpatti 1-27
romn/s0402m1.mul.xml	181	A i 95	AN	A	2.180-229	Kodha [Kodhapeyyāla] 1-20
romn/s0402m1.mul.xml	191	A i 97	AN	A	2.230-279	Akusalapeyyāla 1-20
romn/s0402m1.mul.xml	201	A i 98,10	AN	A	2.280-309	Vinayapeyyāla 1-20
romn/s0402m1.mul.xml	231	A i 100,8	AN	A	2.310-479	Rāgapeyyāla 1-270
romn/s0402m2.mul.xml	1	A i 101,2	AN	A	3.1	Bhaya
romn/s0402m2.mul.xml	2	A i 102,2	AN	A	3.2	Lakkhaṇa
romn/s0402m2.mul.xml	3	A i 102,2	AN	A	3.3	Cintī
romn/s0402m2.mul.xml	4	A i 103	AN	A	3.4	Accaya
romn/s0402m2.mul.xml	5	A i 103	AN	A	3.5	Ayoniso
romn/s0402m2.mul.xml	6	A i 103	AN	A	3.6	Akusala
romn/s0402m2.mul.xml	7	A i 104	AN	A	3.7	Sāvajja
romn/s0402m2.mul.xml	8	A i 104	AN	A	3.8	Sabyābajjha
romn/s0402m2.mul.xml	9	A i 105,2	AN	A	3.9	Khata
romn/s0402m2.mul.xml	10	A i 105,2	AN	A	3.10	Mala
romn/s0402m2.mul.xml	11	A i 106,2	AN	A	3.11	Ñāta
romn/s0402m2.mul.xml	12	A i 106,2	AN	A	3.12	Sāraṇīya
romn/s0402m2.mul.xml	13	A i 107	AN	A	3.13	Āsaṁsa
romn/s0402m2.mul.xml	14	A i 109	AN	A	3.14	Cakkavatti
romn/s0402m2.mul.xml	15	A i 110,32	AN	A	3.15	Pacetana [Sacetana
romn/s0402m2.mul.xml	16	A i 113	AN	A	3.16	Apaṇṇaka
romn/s0402m2.mul.xml	17	A i 114	AN	A	3.17	Attabyābādha
romn/s0402m2.mul.xml	18	A i 115,2	AN	A	3.18	Devaloka
romn/s0402m2.mul.xml	19	A i 115,2	AN	A	3.19	Pāpaṇika 1
romn/s0402m2.mul.xml	20	A i 116	AN	A	3.20	Pāpaṇika 2
romn/s0402m2.mul.xml	21	A i 118	AN	A	3.21	Saviṭṭha [Samiddha
romn/s0402m2.mul.xml	22	A i 120	AN	A	3.22	Gilāna
romn/s0402m2.mul.xml	23	A i 122	AN	A	3.23	Saṅkhāra
romn/s0402m2.mul.xml	24	A i 123	AN	A	3.24	Bahukāra
romn/s0402m2.mul.xml	25	A i 123	AN	A	3.25	Vajirūpama
romn/s0402m2.mul.xml	26	A i 124	AN	A	3.26	Sevitabba
romn/s0402m2.mul.xml	27	A i 126	AN	A	3.27	Jigucchitabba
romn/s0402m2.mul.xml	28	A i 127	AN	A	3.28	Gūthabhāṇī
romn/s0402m2.mul.xml	29	A i 128	AN	A	3.29	Andha
romn/s0402m2.mul.xml	30	A i 130	AN	A	3.30	Avakujja
romn/s0402m2.mul.xml	31	A i 132,20	AN	A	3.31	Sabrahmaka
romn/s0402m2.mul.xml	32	A i 132,2	AN	A	3.32	Ānanda
romn/s0402m2.mul.xml	33	A i 133,12	AN	A	3.33	Sāriputta
romn/s0402m2.mul.xml	34	A i 134,15	AN	A	3.34	Nidāna
romn/s0402m2.mul.xml	35	A i 136	AN	A	3.35	Hatthaka
romn/s0402m2.mul.xml	36	A i 138,8	AN	A	3.36	Devadūta
romn/s0402m2.mul.xml	37	A i 142,3	AN	A	3.37	Catumahārāja 1
romn/s0402m2.mul.xml	38	A i 143	AN	A	3.38	Catumahārāja 2
romn/s0402m2.mul.xml	39	A i 145,5	AN	A	3.39	Sukhumāla
romn/s0402m2.mul.xml	40	A i 147,9	AN	A	3.40	Ādhipateyya
romn/s0402m2.mul.xml	41	A i 150	AN	A	3.41	Sammukhībhāva
romn/s0402m2.mul.xml	42	A i 150	AN	A	3.42	Tiṭhāna
romn/s0402m2.mul.xml	43	A i 151,2	AN	A	3.43	Atthavasa
romn/s0402m2.mul.xml	44	A i 151,2	AN	A	3.44	Kathāpavatti
romn/s0402m2.mul.xml	45	A i 151,2	AN	A	3.45	Paṇḍita
romn/s0402m2.mul.xml	46	A i 151,2	AN	A	3.46	Sīlavanta
romn/s0402m2.mul.xml	47	A i 152	AN	A	3.47	Saṅkhatalakkhaṇa
romn/s0402m2.mul.xml	49	A i 152	AN	A	3.48	Pabbatarāja
romn/s0402m2.mul.xml	50	A i 153	AN	A	3.49	Ātappakaraṇīya
romn/s0402m2.mul.xml	51	A i 153	AN	A	3.50	Mahācora
romn/s0402m2.mul.xml	52	A i 155	AN	A	3.51	Dvebrāhmaṇa 1
romn/s0402m2.mul.xml	53	A i 156,2	AN	A	3.52	Dvebrāhmaṇa 2
romn/s0402m2.mul.xml	54	A i 156,2	AN	A	3.53	Aññatarabrāhmaṇa
romn/s0402m2.mul.xml	55	A i 157	AN	A	3.54	Paribbājaka
romn/s0402m2.mul.xml	56	A i 158	AN	A	3.55	Nibbuta
romn/s0402m2.mul.xml	57	A i 159	AN	A	3.56	Paloka
romn/s0402m2.mul.xml	58	A i 160,32	AN	A	3.57	Vacchagotta
romn/s0402m2.mul.xml	59	A i 163,2	AN	A	3.58	Tikaṇṇa
romn/s0402m2.mul.xml	60	A i 166,9	AN	A	3.59	Jāṇussoṇi
romn/s0402m2.mul.xml	61	A i 168,11	AN	A	3.60	Saṅgārava
romn/s0402m2.mul.xml	62	A i 173,13	AN	A	3.61	Titthāyatana
romn/s0402m2.mul.xml	63	A i 178,2	AN	A	3.62	Bhaya
romn/s0402m2.mul.xml	64	A i 180	AN	A	3.63	Venāgapura
romn/s0402m2.mul.xml	65	A i 185,5	AN	A	3.64	Sarabha
romn/s0402m2.mul.xml	66	A i 188,13	AN	A	3.65	Kesaputti [Kālāma
romn/s0402m2.mul.xml	67	A i 193,23	AN	A	3.66	Sāḷha
romn/s0402m2.mul.xml	68	A i 197,11	AN	A	3.67	Kathāvatthu
romn/s0402m2.mul.xml	69	A i 199	AN	A	3.68	Aññatitthiya
romn/s0402m2.mul.xml	70	A i 201,4	AN	A	3.69	Akusalamūla
romn/s0402m2.mul.xml	71	A i 205,16	AN	A	3.70	Uposatha
romn/s0402m2.mul.xml	72	A i 215,24	AN	A	3.71	Channa
romn/s0402m2.mul.xml	73	A i 217,9	AN	A	3.72	Ājīvaka
romn/s0402m2.mul.xml	74	A i 219,9	AN	A	3.73	Mahānāmasakka
romn/s0402m2.mul.xml	75	A i 220,3	AN	A	3.74	Nigaṇṭha
romn/s0402m2.mul.xml	76	A i 222,5	AN	A	3.75	Nivesaka
romn/s0402m2.mul.xml	77	A i 223	AN	A	3.76	Bhava 1
romn/s0402m2.mul.xml	78	A i 224,8	AN	A	3.77	Bhava 2
romn/s0402m2.mul.xml	79	A i 225,24	AN	A	3.78	Sīlabbata
romn/s0402m2.mul.xml	80	A i 225,2	AN	A	3.79	Gandhajāta
romn/s0402m2.mul.xml	81	A i 226,3	AN	A	3.80	Cūḷanikā
romn/s0402m2.mul.xml	82	A i 229,2	AN	A	3.81	Samaṇa
romn/s0402m2.mul.xml	83	A i 229,11	AN	A	3.82	Gadrabha
romn/s0402m2.mul.xml	84	A i 229,32	AN	A	3.83	Khetta
romn/s0402m2.mul.xml	85	A i 230,3	AN	A	3.84	Vajjiputta
romn/s0402m2.mul.xml	86	A i 231,6	AN	A	3.85	Sekkha
romn/s0402m2.mul.xml	87	A i 231,20	AN	A	3.86	Sikkhā 1
romn/s0402m2.mul.xml	88	A i 232,3	AN	A	3.87	Sikkhā 2
romn/s0402m2.mul.xml	89	A i 234,12	AN	A	3.88	Sikkhā 3
romn/s0402m2.mul.xml	90	A i 235,15	AN	A	3.89	Sikkhattaya 1
romn/s0402m2.mul.xml	91	A i 235,31	AN	A	3.90	Sikkhattaya 2
romn/s0402m2.mul.xml	92	A i 236,8	AN	A	3.91	Paṅkadhā [Saṅkavā
romn/s0402m2.mul.xml	93	A i 239,5	AN	A	3.92	Accāyika
romn/s0402m2.mul.xml	94	A i 240,9	AN	A	3.93	Paviveka
romn/s0402m2.mul.xml	95	A i 242,17	AN	A	3.94	Sarada
romn/s0402m2.mul.xml	96	A i 242,31	AN	A	3.95	Parisā
romn/s0402m2.mul.xml	97	A i 244,9	AN	A	3.96	Ājānīya 1
romn/s0402m2.mul.xml	98	A i 245,7	AN	A	3.97	Ājānīya 2
romn/s0402m2.mul.xml	99	A i 245,14	AN	A	3.98	Ājānīya 3
romn/s0402m2.mul.xml	100	A i 246,5	AN	A	3.99	8 Potthaka
romn/s0402m2.mul.xml	101	A i 249,8	AN	A	3.100	Loṇakapalla
romn/s0402m2.mul.xml	102	A i 253,18	AN	A	3.101	Paṁsudhovaka
romn/s0402m2.mul.xml	103	A i 256,8	AN	A	3.102	Nimitta
romn/s0402m2.mul.xml	104	A i 258,16	AN	A	3.103	Pubbevasambodha
romn/s0402m2.mul.xml	105	A i 259,13	AN	A	3.104	Assāda 1
romn/s0402m2.mul.xml	106	A i 260,2	AN	A	3.105	Assāda 2
romn/s0402m2.mul.xml	107	A i 260,2	AN	A	3.106	Samaṇabrāhmaṇa
romn/s0402m2.mul.xml	108	A i 261,2	AN	A	3.107	Ruṇṇa
romn/s0402m2.mul.xml	109	A i 261,2	AN	A	3.108	Atitti
romn/s0402m2.mul.xml	110	A i 261,2	AN	A	3.109	Arakkhita
romn/s0402m2.mul.xml	111	A i 262,21	AN	A	3.110	Byāpanna
romn/s0402m2.mul.xml	112	A i 263	AN	A	3.111	Nidāna 1
romn/s0402m2.mul.xml	113	A i 264,2	AN	A	3.112	Nidāna 2
romn/s0402m2.mul.xml	114	A i 265,2	AN	A	3.113	Āpāyika
romn/s0402m2.mul.xml	115	A i 266	AN	A	3.114	Dullabha
romn/s0402m2.mul.xml	116	A i 266	AN	A	3.115	Appameyya
romn/s0402m2.mul.xml	117	A i 267,2	AN	A	3.116	Āneñja
romn/s0402m2.mul.xml	118	A i 268,3	AN	A	3.117	Vipattisampadā
romn/s0402m2.mul.xml	119	A i 270	AN	A	3.118	Apaṇṇaka
romn/s0402m2.mul.xml	120	A i 270,9	AN	A	3.119	Kammanta
romn/s0402m2.mul.xml	121	A i 271,6	AN	A	3.120	Soceyya 1
romn/s0402m2.mul.xml	122	A i 272,4	AN	A	3.121	Soceyya 2
romn/s0402m2.mul.xml	123	A i 273,7	AN	A	3.122	Moneyya
romn/s0402m2.mul.xml	124	A i 274,2	AN	A	3.123	Kusināra
romn/s0402m2.mul.xml	125	A i 275	AN	A	3.124	Bhaṇḍana
romn/s0402m2.mul.xml	126	A i 276,28	AN	A	3.125	Gotamakacetiya
romn/s0402m2.mul.xml	127	A i 276	AN	A	3.126	Bharaṇḍukālāma
romn/s0402m2.mul.xml	128	A i 278,7	AN	A	3.127	Hatthaka
romn/s0402m2.mul.xml	129	A i 279	AN	A	3.128	Kaṭuviya
romn/s0402m2.mul.xml	130	A i 281,10	AN	A	3.129	Anuruddha 1
romn/s0402m2.mul.xml	131	A i 281,20	AN	A	3.130	Anuruddha 2
romn/s0402m2.mul.xml	132	A i 282,8	AN	A	3.131	Paṭicchanna
romn/s0402m2.mul.xml	133	A i 283,4	AN	A	3.132	Lekha
romn/s0402m2.mul.xml	134	A i 284,12	AN	A	3.133	Yodhājīva
romn/s0402m2.mul.xml	135	A i 285,19	AN	A	3.134	Parisā
romn/s0402m2.mul.xml	136	A i 286,8	AN	A	3.135	Mitta
romn/s0402m2.mul.xml	137	A i 286,14	AN	A	3.136	Uppādā
romn/s0402m2.mul.xml	138	A i 286,20	AN	A	3.137	Kesakambala
romn/s0402m2.mul.xml	139	A i 287	AN	A	3.138	Sampadā
romn/s0402m2.mul.xml	140	A i 287,6	AN	A	3.139	Vuddhi
romn/s0402m2.mul.xml	141	A i 287,15	AN	A	3.140	Assakhaḷuṅka
romn/s0402m2.mul.xml	142	A i 289,3	AN	A	3.141	Assaparassa
romn/s0402m2.mul.xml	143	A i 290	AN	A	3.142	Assājānīya
romn/s0402m2.mul.xml	144	A i 291,9	AN	A	3.143	Moranivāpa 1
romn/s0402m2.mul.xml	145	A i 291,34	AN	A	3.144	Moranivāpa 2
romn/s0402m2.mul.xml	146	A i 292,5	AN	A	3.145	Moranivāpa 3
romn/s0402m2.mul.xml	147	A i 292	AN	A	3.146	Akusala
romn/s0402m2.mul.xml	148	A i 292	AN	A	3.147	Sāvajja
romn/s0402m2.mul.xml	149	A i 293,2	AN	A	3.148	Visama
romn/s0402m2.mul.xml	150	A i 293,2	AN	A	3.149	Asuci
romn/s0402m2.mul.xml	151	A i 293,2	AN	A	3.150	Khata 1
romn/s0402m2.mul.xml	152	A i 293,2	AN	A	3.151	Khata 2
romn/s0402m2.mul.xml	153	A i 293,2	AN	A	3.152	Khata 3
romn/s0402m2.mul.xml	154	A i 294	AN	A	3.153	Khata 4
romn/s0402m2.mul.xml	155	A i 294	AN	A	3.154	Vandanā
romn/s0402m2.mul.xml	156	A i 294	AN	A	3.155	Pubbaṇha
romn/s0402m2.mul.xml	157	A i 295,2	AN	A	3.156	Paṭipadā [Acelaka] 1
romn/s0402m2.mul.xml	158	A i 296,9	AN	A	3.157-162	Paṭipadā [Acelaka] 1-2
romn/s0402m2.mul.xml	164	A i 297	AN	A	3.163-182	Kammapathapeyyāla 1-20
romn/s0402m2.mul.xml	184	A i 299,2	AN	A	3.183-352	Rāgapeyyāla 1-270
romn/s0402m3.mul.xml	1	A ii 1,5	AN	A	4.1	Anubuddha
romn/s0402m3.mul.xml	2	A ii 2,6	AN	A	4.2	Papatita
romn/s0402m3.mul.xml	3	A ii 2,16	AN	A	4.3	Khata 1
romn/s0402m3.mul.xml	4	A ii 4,4	AN	A	4.4	Khata 2
romn/s0402m3.mul.xml	5	A ii 5,10	AN	A	4.5	Anusota
romn/s0402m3.mul.xml	6	A ii 6,7	AN	A	4.6	Appassuta
romn/s0402m3.mul.xml	7	A ii 8	AN	A	4.7	Sobhenti [Sobhana]
romn/s0402m3.mul.xml	8	A ii 8	AN	A	4.8	Vesārajja
romn/s0402m3.mul.xml	9	A ii 10,15	AN	A	4.9	Taṇhā [Taṇhuppāda]
romn/s0402m3.mul.xml	10	A ii 10,2	AN	A	4.10	Yoga
romn/s0402m3.mul.xml	11	A ii 13,4	AN	A	4.11	Caranta [Cara]
romn/s0402m3.mul.xml	12	A ii 14	AN	A	4.12	Sīla
romn/s0402m3.mul.xml	13	A ii 15	AN	A	4.13	Padhāna
romn/s0402m3.mul.xml	14	A ii 16,2	AN	A	4.14	Saṁvarappadhāna [Saṁvara]
romn/s0402m3.mul.xml	15	A ii 17	AN	A	4.15	Aggapaññatti [Paññatti]
romn/s0402m3.mul.xml	16	A ii 17	AN	A	4.16	Sokhumma
romn/s0402m3.mul.xml	17	A ii 18	AN	A	4.17	Agati [Agati 1]
romn/s0402m3.mul.xml	18	A ii 18	AN	A	4.18	Nāgati [Agati 2]
romn/s0402m3.mul.xml	19	A ii 19	AN	A	4.19	Agatināgati [Agati 3]
romn/s0402m3.mul.xml	20	A ii 19	AN	A	4.20	Bhattuddesa [Bhattuddesaka]
romn/s0402m3.mul.xml	21	A ii 20,2	AN	A	4.21	Uruvela 1
romn/s0402m3.mul.xml	22	A ii 22,2	AN	A	4.22	Uruvela 2
romn/s0402m3.mul.xml	23	A ii 23,22	AN	A	4.23	Loka
romn/s0402m3.mul.xml	24	A ii 24,7	AN	A	4.24	Kāḷakārāma
romn/s0402m3.mul.xml	25	A ii 26,4	AN	A	4.25	Brahmacariya
romn/s0402m3.mul.xml	26	A ii 26,10	AN	A	4.26	Kuhaka [Kuha]
romn/s0402m3.mul.xml	27	A ii 26,16	AN	A	4.27	Santuṭṭhi
romn/s0402m3.mul.xml	28	A ii 27,10	AN	A	4.28	Ariyavaṁsa
romn/s0402m3.mul.xml	29	A ii 29,5	AN	A	4.29	Dhammapada
romn/s0402m3.mul.xml	30	A ii 29,20	AN	A	4.30	Paribbājaka
romn/s0402m3.mul.xml	31	A ii 32,2	AN	A	4.31	Cakka
romn/s0402m3.mul.xml	32	A ii 32,12	AN	A	4.32	Saṅgahavatthu [Saṅgaha]
romn/s0402m3.mul.xml	33	A ii 33,17	AN	A	4.33	Sīha
romn/s0402m3.mul.xml	34	A ii 34	AN	A	4.34	Aggappasāda
romn/s0402m3.mul.xml	35	A ii 35,3	AN	A	4.35	Vassakāra
romn/s0402m3.mul.xml	36	A ii 37	AN	A	4.36	Doṇa
romn/s0402m3.mul.xml	37	A ii 39,4	AN	A	4.37	Aparihāniya
romn/s0402m3.mul.xml	38	A ii 41,2	AN	A	4.38	Patilīna
romn/s0402m3.mul.xml	39	A ii 42	AN	A	4.39	Ujjaya
romn/s0402m3.mul.xml	40	A ii 43,11	AN	A	4.40	Udāyī
romn/s0402m3.mul.xml	41	A ii 44,18	AN	A	4.41	Samādhibhāvanā
romn/s0402m3.mul.xml	42	A ii 46,4	AN	A	4.42	Pañhavyākaraṇa [Pañhabyākaraṇa]
romn/s0402m3.mul.xml	43	A ii 46,11	AN	A	4.43	Kodhagaru 1
romn/s0402m3.mul.xml	44	A ii 47,3	AN	A	4.44	Kodhagaru 2
romn/s0402m3.mul.xml	45	A ii 47,8	AN	A	4.45	Rohitassa 1 [Rohitassa]
romn/s0402m3.mul.xml	46	A ii 49	AN	A	4.46	Rohitassa 2
romn/s0402m3.mul.xml	47	A ii 50,16	AN	A	4.47	Suvidūravidūra [Suvidūra]
romn/s0402m3.mul.xml	48	A ii 51	AN	A	4.48	Visākha
romn/s0402m3.mul.xml	49	A ii 52,2	AN	A	4.49	Vipallāsa
romn/s0402m3.mul.xml	50	A ii 53,2	AN	A	4.50	Upakkilesa
romn/s0402m3.mul.xml	51	A ii 54,3	AN	A	4.51	Puññābhisanda 1
romn/s0402m3.mul.xml	52	A ii 56,7	AN	A	4.52	Puññābhisanda 2
romn/s0402m3.mul.xml	53	A ii 57,8	AN	A	4.53	Saṁvāsa 1
romn/s0402m3.mul.xml	54	A ii 59,2	AN	A	4.54	Saṁvāsa 2
romn/s0402m3.mul.xml	55	A ii 61,15	AN	A	4.55	Samajīvī 1
romn/s0402m3.mul.xml	56	A ii 62,6	AN	A	4.56	Samajīvī 2
romn/s0402m3.mul.xml	57	A ii 62,13	AN	A	4.57	Suppavāsā
romn/s0402m3.mul.xml	58	A ii 63,6	AN	A	4.58	Sudatta
romn/s0402m3.mul.xml	59	A ii 64,8	AN	A	4.59	Bhojanadāyaka [Bhojana]
romn/s0402m3.mul.xml	60	A ii 65,26	AN	A	4.60	Gihīsāmīcipaṭipadā [Gihisāmīci]
romn/s0402m3.mul.xml	61	A ii 65,2	AN	A	4.61	Pattakamma
romn/s0402m3.mul.xml	62	A ii 69,5	AN	A	4.62	Ānaṇya
romn/s0402m3.mul.xml	63	A ii 70,8	AN	A	4.63	Sabrahma [Brahma]
romn/s0402m3.mul.xml	64	A ii 71	AN	A	4.64	Niraya
romn/s0402m3.mul.xml	65	A ii 71,7	AN	A	4.65	Rūpappamāṇa [Rūpa]
romn/s0402m3.mul.xml	66	A ii 71,10	AN	A	4.66	Sarāga
romn/s0402m3.mul.xml	67	A ii 72	AN	A	4.67	Ahimetta [Ahirāja]
romn/s0402m3.mul.xml	68	A ii 73,12	AN	A	4.68	Devadatta
romn/s0402m3.mul.xml	69	A ii 74,2	AN	A	4.69	Padhāna
romn/s0402m3.mul.xml	70	A ii 74,6	AN	A	4.70	Adhammika
romn/s0402m3.mul.xml	71	A ii 76	AN	A	4.71	Padhāna apaṇṇaka paṭipadā [Padhāna]
romn/s0402m3.mul.xml	72	A ii 76	AN	A	4.72	Diṭṭhi apaṇṇaka paṭipadā [Sammādiṭṭhi]
romn/s0402m3.mul.xml	73	A ii 77,4	AN	A	4.73	Asappurisa [Sappurisa]
romn/s0402m3.mul.xml	74	A ii 79,2	AN	A	4.74	Agga 1
romn/s0402m3.mul.xml	75	A ii 79,5	AN	A	4.75	Agga 2
romn/s0402m3.mul.xml	76	A ii 79,9	AN	A	4.76	Kusinārā [Kusināra]
romn/s0402m3.mul.xml	77	A ii 80	AN	A	4.77	Acinteyya
romn/s0402m3.mul.xml	78	A ii 80,7	AN	A	4.78	Dakkhiṇāvisuddhi [Dakkhiṇa]
romn/s0402m3.mul.xml	79	A ii 81	AN	A	4.79	Vaṇijjā [Vaṇijja]
romn/s0402m3.mul.xml	80	A ii 82,4	AN	A	4.80	Kamboja
romn/s0402m3.mul.xml	81	A ii 83,11	AN	A	4.81	Pāṇātipātī [Pāṇātipāta]
romn/s0402m3.mul.xml	82	A ii 83,17	AN	A	4.82	Musāvādī [Musāvāda]
romn/s0402m3.mul.xml	83	A ii 84	AN	A	4.83	Vaṇṇa [Avaṇṇāraha]
romn/s0402m3.mul.xml	84	A ii 84,9	AN	A	4.84	Kodhagaru
romn/s0402m3.mul.xml	85	A ii 85	AN	A	4.85	Tamotamaparāyana [Tamotama]
romn/s0402m3.mul.xml	86	A ii 86,12	AN	A	4.86	Onatonata [Oṇatoṇata]
romn/s0402m3.mul.xml	87	A ii 86,22	AN	A	4.87	Samaṇamacala putta [Putta]
romn/s0402m3.mul.xml	88	A ii 88,4	AN	A	4.88	Samaṇamacala saññojana [Saṁyojana]
romn/s0402m3.mul.xml	89	A ii 89,4	AN	A	4.89	Samaṇamacala diṭṭhi [Sammādiṭṭhi]
romn/s0402m3.mul.xml	90	A ii 90,3	AN	A	4.90	Samaṇamacala khandha [Khandha]
romn/s0402m3.mul.xml	91	A ii 92,4	AN	A	4.91	Asura
romn/s0402m3.mul.xml	92	A ii 92,25	AN	A	4.92	Samādhi 1
romn/s0402m3.mul.xml	93	A ii 92,36	AN	A	4.93	Samādhi 2
romn/s0402m3.mul.xml	94	A ii 93,6	AN	A	4.94	Samādhi 3
romn/s0402m3.mul.xml	95	A ii 95,3	AN	A	4.95	Chavālāta
romn/s0402m3.mul.xml	96	A ii 96,4	AN	A	4.96	Rāgavinaya
romn/s0402m3.mul.xml	97	A ii 97,6	AN	A	4.97	Khippanisanti
romn/s0402m3.mul.xml	98	A ii 98	AN	A	4.98	Attahita
romn/s0402m3.mul.xml	99	A ii 98,13	AN	A	4.99	Sikkhāpada
romn/s0402m3.mul.xml	100	A ii 100,2	AN	A	4.100	Potaliya
romn/s0402m3.mul.xml	101	A ii 102,2	AN	A	4.101	Valāhaka 1
romn/s0402m3.mul.xml	102	A ii 103,2	AN	A	4.102	Valāhaka 2
romn/s0402m3.mul.xml	103	A ii 104,4	AN	A	4.103	Kumbha
romn/s0402m3.mul.xml	104	A ii 105,14	AN	A	4.104	Udakarahada
romn/s0402m3.mul.xml	105	A ii 106	AN	A	4.105	Amba
romn/s0402m3.mul.xml	107	A ii 107,7	AN	A	4.107	Mūsikā [Mūsika]
romn/s0402m3.mul.xml	108	A ii 108,9	AN	A	4.108	Balivadda [Balībadda]
romn/s0402m3.mul.xml	109	A ii 109,5	AN	A	4.109	Rukkha
romn/s0402m3.mul.xml	110	A ii 110,4	AN	A	4.110	Āsivisa [Āsīvisa]
romn/s0402m3.mul.xml	111	A ii 112,2	AN	A	4.111	Kesi
romn/s0402m3.mul.xml	112	A ii 113,5	AN	A	4.112	Assājānīyajava [Java]
romn/s0402m3.mul.xml	113	A ii 114,4	AN	A	4.113	Assājānīyapatoda [Patoda]
romn/s0402m3.mul.xml	114	A ii 116,8	AN	A	4.114	Nāga
romn/s0402m3.mul.xml	115	A ii 118,5	AN	A	4.115	Ṭhāna
romn/s0402m3.mul.xml	116	A ii 119,8	AN	A	4.116	Appamāda
romn/s0402m3.mul.xml	117	A ii 120	AN	A	4.117	Ārakkha
romn/s0402m3.mul.xml	118	A ii 120,7	AN	A	4.118	Saṁvejanīya
romn/s0402m3.mul.xml	119	A ii 121,4	AN	A	4.119	Bhaya 1
romn/s0402m3.mul.xml	120	A ii 121,17	AN	A	4.120	Bhaya 2
romn/s0402m3.mul.xml	121	A ii 121,21	AN	A	4.121	Bhaya 3 [Attānuvāda]
romn/s0402m3.mul.xml	122	A ii 123	AN	A	4.122	Udakorohabhaya [Åªmibhaya]
romn/s0402m3.mul.xml	123	A ii 126,15	AN	A	4.123	Puggala 1 [Nānākaraṇa 1]
romn/s0402m3.mul.xml	124	A ii 128,11	AN	A	4.124	Puggala 2 [Nānākaraṇa 2]
romn/s0402m3.mul.xml	125	A ii 128,21	AN	A	4.125	Puggala 3 [Mettā 1]
romn/s0402m3.mul.xml	126	A ii 130,2	AN	A	4.126	Puggala 4 [Mettā 2]
romn/s0402m3.mul.xml	127	A ii 130,10	AN	A	4.127	Tathāgatacchariya 1 [Tathāgataacchariya 1]
romn/s0402m3.mul.xml	128	A ii 131,4	AN	A	4.128	Tathāgatacchariya 2 [Tathāgataacchariya 2]
romn/s0402m3.mul.xml	129	A ii 132,5	AN	A	4.129	Ānandācchariya
romn/s0402m3.mul.xml	130	A ii 133,2	AN	A	4.130	Cakkavattiacchariya
romn/s0402m3.mul.xml	131	A ii 133,9	AN	A	4.131	Saṁyojanapuggala [Saṁyojana]
romn/s0402m3.mul.xml	132	A ii 135,2	AN	A	4.132	Paṭibhānapuggala [Paṭibhāna]
romn/s0402m3.mul.xml	133	A ii 135,23	AN	A	4.133	Neyyapuggala [Ugghaṭitaññū]
romn/s0402m3.mul.xml	134	A ii 135,26	AN	A	4.134	Phalupajivīpuggala [Uṭṭhānaphala]
romn/s0402m3.mul.xml	135	A ii 135,2	AN	A	4.135	Vajjapuggala [Sāvajja]
romn/s0402m3.mul.xml	136	A ii 136	AN	A	4.136	Paripūrakāripuggala [Sīla 1]
romn/s0402m3.mul.xml	137	A ii 136,6	AN	A	4.137	Garupuggala [Sīla 2]
romn/s0402m3.mul.xml	138	A ii 137,15	AN	A	4.138	Nikaṭṭhapuggala [Nikaṭṭha]
romn/s0402m3.mul.xml	139	A ii 138,4	AN	A	4.139	Dhammakathika
romn/s0402m3.mul.xml	140	A ii 138,14	AN	A	4.140	Vādī
romn/s0402m3.mul.xml	141	A ii 139	AN	A	4.141	Ābhā
romn/s0402m3.mul.xml	142	A ii 139	AN	A	4.142	Pabhā
romn/s0402m3.mul.xml	143	A ii 139	AN	A	4.143	Āloka
romn/s0402m3.mul.xml	144	A ii 139	AN	A	4.144	Obhāsa
romn/s0402m3.mul.xml	145	A ii 140,14	AN	A	4.145	Pajjota
romn/s0402m3.mul.xml	146	A ii 140,22	AN	A	4.146	Kāla 1
romn/s0402m3.mul.xml	147	A ii 140	AN	A	4.147	Kāla 2
romn/s0402m3.mul.xml	148	A ii 141,24	AN	A	4.148	Vacīduccarita [Duccarita]
romn/s0402m3.mul.xml	149	A ii 141,2	AN	A	4.149	Vacīsucarita [Sucarita]
romn/s0402m3.mul.xml	150	A ii 141,2	AN	A	4.150	Sāra
romn/s0402m3.mul.xml	151	A ii 141,2	AN	A	4.151	Indriya
romn/s0402m3.mul.xml	152	A ii 141,2	AN	A	4.152	Bala 1 [Saddhābala]
romn/s0402m3.mul.xml	153	A ii 142,2	AN	A	4.153	Bala 2 [Paññābala]
romn/s0402m3.mul.xml	154	A ii 142,7	AN	A	4.154	Bala 3 [Satibala]
romn/s0402m3.mul.xml	155	A ii 142,11	AN	A	4.155	Bala 4 [Paṭisaṅkhānabala]
romn/s0402m3.mul.xml	156	A ii 142,30	AN	A	4.156	Asaṅkheyya [Kappa]
romn/s0402m3.mul.xml	157	A ii 143,10	AN	A	4.157	Roga
romn/s0402m3.mul.xml	158	A ii 143,22	AN	A	4.158	Parihāṇi [Parihāni]
romn/s0402m3.mul.xml	159	A ii 144,14	AN	A	4.159	Bhikkhunī
romn/s0402m3.mul.xml	160	A ii 147,2	AN	A	4.160	Sugatavinaya
romn/s0402m3.mul.xml	161	A ii 149,14	AN	A	4.161	Paṭipadā 1 [Saṁkhitta]
romn/s0402m3.mul.xml	162	A ii 149,18	AN	A	4.162	Paṭipadā 2 [Vitthāra]
romn/s0402m3.mul.xml	163	A ii 150,5	AN	A	4.163	Paṭipadā 3 [Asubha]
romn/s0402m3.mul.xml	164	A ii 152,11	AN	A	4.164	Paṭipadā 4 [Khama 1]
romn/s0402m3.mul.xml	165	A ii 153,3	AN	A	4.165	Paṭipadā 5 [Khama 2]
romn/s0402m3.mul.xml	166	A ii 154,2	AN	A	4.166	Paṭipadā 6 [Ubhaya]
romn/s0402m3.mul.xml	167	A ii 154,5	AN	A	4.167	Moggallānapaṭipadā [Mahāmoggallāna]
romn/s0402m3.mul.xml	168	A ii 155,9	AN	A	4.168	Sāriputtapaṭipadā [Sāriputta]
romn/s0402m3.mul.xml	169	A ii 155,14	AN	A	4.169	Kilesaparinibbāna [Sasaṅkhāra]
romn/s0402m3.mul.xml	170	A ii 156,7	AN	A	4.170	Arahattappatti [Yuganaddha]
romn/s0402m3.mul.xml	171	A ii 157,4	AN	A	4.171	Sañcetanā [Cetanā]
romn/s0402m3.mul.xml	172	A ii 160,3	AN	A	4.172	Sāriputtapaṭisambhidā [Vibhatti]
romn/s0402m3.mul.xml	173	A ii 161,2	AN	A	4.173	Mahākoṭṭhita [Mahākoṭṭhika]
romn/s0402m3.mul.xml	174	A ii 162,4	AN	A	4.174	Ānanda
romn/s0402m3.mul.xml	175	A ii 163,4	AN	A	4.175	Upavāna [Upavāṇa]
romn/s0402m3.mul.xml	176	A ii 164,4	AN	A	4.176	Āyācamāna [Āyācana]
romn/s0402m3.mul.xml	177	A ii 164,8	AN	A	4.177	Rāhula
romn/s0402m3.mul.xml	178	A ii 165,3	AN	A	4.178	Cetovimutti [Jambālī]
romn/s0402m3.mul.xml	179	A ii 167,6	AN	A	4.179	Parinibbānahetu [Nibbāna]
romn/s0402m3.mul.xml	180	A ii 167,19	AN	A	4.180	Mahāpadesadesanā [Mahāpadesa]
romn/s0402m3.mul.xml	181	A ii 170,12	AN	A	4.181	Yodhājīva
romn/s0402m3.mul.xml	182	A ii 172,2	AN	A	4.182	Pāṭibhoga
romn/s0402m3.mul.xml	183	A ii 172,7	AN	A	4.183	Suta [Vassakāra 1]
romn/s0402m3.mul.xml	184	A ii 173,6	AN	A	4.184	Jāṇussonī [Abhaya]
romn/s0402m3.mul.xml	185	A ii 176,8	AN	A	4.185	Catukoṭikasuññatā [Brāhmaṇasacca]
romn/s0402m3.mul.xml	186	A ii 177,6	AN	A	4.186	Bahussuta [Ummagga]
romn/s0402m3.mul.xml	187	A ii 179,13	AN	A	4.187	Vassakāra[Vassakāra 2]
romn/s0402m3.mul.xml	188	A ii 181,14	AN	A	4.188	Upaka
romn/s0402m3.mul.xml	189	A ii 182,4	AN	A	4.189	Sacchikaraṇīya
romn/s0402m3.mul.xml	190	A ii 183,5	AN	A	4.190	Bhikkhusaṅghathomana [Uposatha]
romn/s0402m3.mul.xml	191	A ii 185,5	AN	A	4.191	Sotānudhata [Sotānugata]
romn/s0402m3.mul.xml	192	A ii 187,8	AN	A	4.192	Ṭhāna
romn/s0402m3.mul.xml	193	A ii 190,21	AN	A	4.193	Bhaddiya
romn/s0402m3.mul.xml	194	A ii 194,27	AN	A	4.194	Sāpūgiya [Sāmugiya]
romn/s0402m3.mul.xml	195	A ii 196,16	AN	A	4.195	Vappa
romn/s0402m3.mul.xml	196	A ii 200,4	AN	A	4.196	Sāḷha
romn/s0402m3.mul.xml	197	A ii 202,3	AN	A	4.197	Mallikā [Mallikādevī]
romn/s0402m3.mul.xml	198	A ii 205,24	AN	A	4.198	Tapa [Attantapa]
romn/s0402m3.mul.xml	199	A ii 211,7	AN	A	4.199	Taṇhājālinī [Taṇhā]
romn/s0402m3.mul.xml	200	A ii 213,3	AN	A	4.200	Pemadosa [Pema]
romn/s0402m3.mul.xml	201	A ii 217,2	AN	A	4.201	Sappurisa 1 [Sikkhāpada]
romn/s0402m3.mul.xml	202	A ii 218,2	AN	A	4.202	Sappurisa 2 [Assaddha]
romn/s0402m3.mul.xml	203	A ii 218,5	AN	A	4.203	Sappurisa 3 [Sattakamma]
romn/s0402m3.mul.xml	204	A ii 219,3	AN	A	4.204	Sappurisa 4 [Dasakamma]
romn/s0402m3.mul.xml	205	A ii 220,3	AN	A	4.205	Sappurisa 5 [Aṭṭhaṅgika]
romn/s0402m3.mul.xml	206	A ii 221,2	AN	A	4.206	Sappurisa 6 [Dasamagga]
romn/s0402m3.mul.xml	207	A ii 222,4	AN	A	4.207	Pāpa kalyāṇa 1 [Pāpadhamma 1]
romn/s0402m3.mul.xml	208	A ii 223,2	AN	A	4.208	Pāpa kalyāṇa 2 [Pāpadhamma 2]
romn/s0402m3.mul.xml	209	A ii 223,9	AN	A	4.209	Pāpadhamma kalyāṇadhamma 1 [Pāpadhamma 3]
romn/s0402m3.mul.xml	210	A ii 224,4	AN	A	4.210	Pāpadhamma kalyāṇadhamma 2 [Pāpadhamma 4]
romn/s0402m3.mul.xml	211	A ii 225,7	AN	A	4.211	Parisasobhana [Parisā]
romn/s0402m3.mul.xml	212	A ii 226,7	AN	A	4.212	Niraya sagga nikkhitta 1 [Diṭṭhi]
romn/s0402m3.mul.xml	213	A ii 226,13	AN	A	4.213	Niraya sagga nikkhitta 2 [Akataññutā]
romn/s0402m3.mul.xml	214	A ii 226,19	AN	A	4.214	Niraya sagga nikkhitta 3 [Pāṇātipātī]
romn/s0402m3.mul.xml	215	A ii 226,25	AN	A	4.215	Niraya sagga nikkhitta 4 [Magga 1]
romn/s0402m3.mul.xml	216	A ii 226	AN	A	4.216	Niraya sagga nikkhitta 5 [Magga 2]
romn/s0402m3.mul.xml	217	A ii 227,2	AN	A	4.217	Niraya sagga nikkhitta 6 [Vohārapatha 1]
romn/s0402m3.mul.xml	218	A ii 227,2	AN	A	4.218	Niraya sagga nikkhitta 7 [Vohārapatha 2]
romn/s0402m3.mul.xml	219	A ii 227,2	AN	A	4.219	Niraya sagga nikkhitta 8 [Ahirika]
romn/s0402m3.mul.xml	220	A ii 227,2	AN	A	4.220	Niraya sagga nikkhitta 9 [Dussīla]
romn/s0402m3.mul.xml	221	A ii 228,10	AN	A	4.221	Vacīsucarita [Duccarita]
romn/s0402m3.mul.xml	222	A ii 228,14	AN	A	4.222	Diṭṭhi [Bālapaṇḍita 1]
romn/s0402m3.mul.xml	223	A ii 229,2	AN	A	4.223	Akataññutā [Bālapaṇḍita 2]
romn/s0402m3.mul.xml	224	A ii 229,2	AN	A	4.224	Pāṇātipātī [Bālapaṇḍita 3]
romn/s0402m3.mul.xml	225	A ii 229,2	AN	A	4.225	Magga 1 [Bālapaṇḍita 4]
romn/s0402m3.mul.xml	226	A ii 229,2	AN	A	4.226	Magga 2 [Bālapaṇḍita 5]
romn/s0402m3.mul.xml	227	A ii 229,2	AN	A	4.227	Vohārapatha 1 [Bālapaṇḍita 6]
romn/s0402m3.mul.xml	228	A ii 229,2	AN	A	4.228	Vohārapatha 2 [Bālapaṇḍita 7]
romn/s0402m3.mul.xml	229	A ii 229,2	AN	A	4.229	Ahirika [Bālapaṇḍita 8]
romn/s0402m3.mul.xml	230	A ii 230,19	AN	A	4.230	Duppañña [Bālapaṇḍita 9]
romn/s0402m3.mul.xml	231	A ii 230,29	AN	A	4.231	Kavi
romn/s0402m3.mul.xml	232	A ii 230,2	AN	A	4.232	Saṁkhitta [Kamma 1]
romn/s0402m3.mul.xml	233	A ii 230,2	AN	A	4.233	Vitthāra [Kamma 2]
romn/s0402m3.mul.xml	234	A ii 232,8	AN	A	4.234	Soṇakāyana [Kamma 3]
romn/s0402m3.mul.xml	235	A ii 233,3	AN	A	4.235	Sikkhāpada 1 [Kamma 4]
romn/s0402m3.mul.xml	236	A ii 234,3	AN	A	4.236	Sikkhāpada 2 Kamma 5
romn/s0402m3.mul.xml	237	A ii 235,3	AN	A	4.237	Ariyamagga [Kamma 6]
romn/s0402m3.mul.xml	238	A ii 236,5	AN	A	4.238	Bojjhaṅga [Kamma 7]
romn/s0402m3.mul.xml	239	A ii 237,5	AN	A	4.239	Sāvajja anavajjakamma [Sāvajja]
romn/s0402m3.mul.xml	240	A ii 237,16	AN	A	4.240	Sabyāpajjha abyāpajjhakamma [Abyābajjha]
romn/s0402m3.mul.xml	241	A ii 238	AN	A	4.241	Samaṇa
romn/s0402m3.mul.xml	242	A ii 239,14	AN	A	4.242	Sappurisānisaṁsa
romn/s0402m3.mul.xml	243	A ii 239,27	AN	A	4.243	Saṅghabhedaka [Pāpabhikkhu]
romn/s0402m3.mul.xml	244	A ii 240,7	AN	A	4.244	Āpattibhaya
romn/s0402m3.mul.xml	245	A ii 243,12	AN	A	4.245	Sikkhānisaṁsa
romn/s0402m3.mul.xml	246	A ii 244	AN	A	4.246	Seyyā
romn/s0402m3.mul.xml	247	A ii 245,23	AN	A	4.247	Thūpāraha
romn/s0402m3.mul.xml	248	A ii 245,29	AN	A	4.248	Paññāvuddhi
romn/s0402m3.mul.xml	249	A ii 245	AN	A	4.249	Bahukāra
romn/s0402m3.mul.xml	250	A ii 246	AN	A	4.250	Anariyavohāra [Vohāra 1]
romn/s0402m3.mul.xml	251	A ii 246	AN	A	4.251	Ariyavohāra [Vohāra 2]
romn/s0402m3.mul.xml	252	A ii 246	AN	A	4.252	Anariyavohāra [Vohāra 3]
romn/s0402m3.mul.xml	253	A ii 246	AN	A	4.253	Ariyavohāra [Vohāra 4]
romn/s0402m3.mul.xml	254	A ii 246	AN	A	4.254	Abhiññā
romn/s0402m3.mul.xml	255	A ii 247,18	AN	A	4.255	Pariyesanā
romn/s0402m3.mul.xml	256	A ii 248,10	AN	A	4.256	Saṅgahavatthu
romn/s0402m3.mul.xml	257	A ii 248,17	AN	A	4.257	Māluṅkyāputta [Mālukyaputta]
romn/s0402m3.mul.xml	258	A ii 249,6	AN	A	4.258	Kula
romn/s0402m3.mul.xml	259	A ii 250,2	AN	A	4.259	Ājānīya 1
romn/s0402m3.mul.xml	260	A ii 251,15	AN	A	4.260	Ājānīya 2
romn/s0402m3.mul.xml	261	A ii 252,10	AN	A	4.261	Bala
romn/s0402m3.mul.xml	262	A ii 252,18	AN	A	4.262	Araññasenāsana [Arañña]
romn/s0402m3.mul.xml	263	A ii 252,27	AN	A	4.263	Sāvajja anavajja [Kamma]
romn/s0402m3.mul.xml	264	A ii 253,3	AN	A	4.264	Pāṇātipāta [Pāṇātipātī]
romn/s0402m3.mul.xml	265	A ii 253,16	AN	A	4.265	Adinnādāna [Adinnādāyī]
romn/s0402m3.mul.xml	266	A ii 254	AN	A	4.266	Kāmamicchācāra [Micchācārī]
romn/s0402m3.mul.xml	267	A ii 254	AN	A	4.267	Musāvāda [Musāvādī]
romn/s0402m3.mul.xml	268	A ii 254	AN	A	4.268	Pisuṇāvācā [Pisuṇavācā]
romn/s0402m3.mul.xml	269	A ii 254	AN	A	4.269	Pharusāvācā [Pharusavācā]
romn/s0402m3.mul.xml	270	A ii 255	AN	A	4.270	Samphappalāpa
romn/s0402m3.mul.xml	271	A ii 255	AN	A	4.271	Abhijjhālu
romn/s0402m3.mul.xml	272	A ii 255	AN	A	4.272	Byāpannacitta
romn/s0402m3.mul.xml	273	A ii 255	AN	A	4.273	Micchādiṭṭhi
romn/s0402m3.mul.xml	274	A ii 256,5	AN	A	4.274	Catusatipaṭṭhāna rāga abhiññāya [Satipaṭṭhāna]
romn/s0402m3.mul.xml	275	A ii 256,13	AN	A	4.275	Catusammappadhāna rāga abhiññāya [Sammappadhāna]
romn/s0402m3.mul.xml	276	A ii 256,25	AN	A	4.276	Caturiddhipāda rāga abhiññāya [Iddhipāda]
romn/s0402m3.mul.xml	277	A ii 256,33	AN	A	4.277-279	Rāga pariññāya peyyāla [Pariññādi]
romn/s0402m3.mul.xml	280	A ii 256	AN	A	4.280-282	Rāga parikkhayāya peyyāla
romn/s0402m3.mul.xml	283	A ii 256	AN	A	4.283-285	Rāga pahānāya peyyāla
romn/s0402m3.mul.xml	286	A ii 257	AN	A	4.286-288	Rāga khayāya peyyāla
romn/s0402m3.mul.xml	289	A ii 257	AN	A	4.289-291	Rāga vayāya peyyāla
romn/s0402m3.mul.xml	292	A ii 256	AN	A	4.292-294	Rāga virāgāya peyyāla
romn/s0402m3.mul.xml	295	A ii 256	AN	A	4.295-297	Rāga nirodhāya peyyāla
romn/s0402m3.mul.xml	298	A ii 256	AN	A	4.298-300	Rāga cāgāya peyyāla
romn/s0402m3.mul.xml	301	A ii 257	AN	A	4.301-303	Rāga paṭinissagāya peyyāla
romn/s0402m3.mul.xml	304	A ii 257	AN	A	4.304-333	Dosa peyyāla [Dosaabhiññādi]
romn/s0402m3.mul.xml	334	A ii 257	AN	A	4.334-363	Moha peyyāla
romn/s0402m3.mul.xml	364	A ii 257	AN	A	4.364-393	Kodha peyyāla
romn/s0402m3.mul.xml	394	A ii 257	AN	A	4.394-423	Upanāha peyyāla
romn/s0402m3.mul.xml	424	A ii 257	AN	A	4.424-453	Makkha peyyāla
romn/s0402m3.mul.xml	454	A ii 257	AN	A	4.454-483	Paḷassa peyyāla
romn/s0402m3.mul.xml	484	A ii 257	AN	A	4.484-513	Issā peyyāla
romn/s0402m3.mul.xml	514	A ii 257	AN	A	4.514-543	Macchariya peyyāla
romn/s0402m3.mul.xml	544	A ii 257	AN	A	4.544-573	Māyā peyyāla
romn/s0402m3.mul.xml	574	A ii 257	AN	A	4.574-603	Sāṭheyya peyyāla
romn/s0402m3.mul.xml	604	A ii 257	AN	A	4.604-633	Thambha peyyāla
romn/s0402m3.mul.xml	634	A ii 257	AN	A	4.634-663	Sārambha peyyāla
romn/s0402m3.mul.xml	664	A ii 257	AN	A	4.664-693	Māna peyyāla
romn/s0402m3.mul.xml	694	A ii 257	AN	A	4.694-723	Atimāna peyyāla
romn/s0402m3.mul.xml	724	A ii 257	AN	A	4.724-753	Mada peyyāla
romn/s0402m3.mul.xml	754	A ii 257	AN	A	4.754-783	Pamāda peyyāla
romn/s0403m1.mul.xml	1	A iii 1,7	AN	A	5.1	Sekhabalasaṅkhitta [Saṁkhitta]
romn/s0403m1.mul.xml	2	A iii 2,2	AN	A	5.2	Sekhabalavitthata [Vitthata]
romn/s0403m1.mul.xml	3	A iii 3,6	AN	A	5.3	Dukkha
romn/s0403m1.mul.xml	4	A iii 3,10	AN	A	5.4	Yathābhata
romn/s0403m1.mul.xml	5	A iii 4	AN	A	5.5	Sikkhāpaccakkhāna [Sikkhā]
romn/s0403m1.mul.xml	6	A iii 5,4	AN	A	5.6	Akusalasamāpatti [Samāpatti]
romn/s0403m1.mul.xml	7	A iii 5,24	AN	A	5.7	Kāmesu palāḷita [Kāma]
romn/s0403m1.mul.xml	8	A iii 6	AN	A	5.8	Cavana
romn/s0403m1.mul.xml	9	A iii 7,8	AN	A	5.9	Agārava 1
romn/s0403m1.mul.xml	10	A iii 8	AN	A	5.10	Agārava 2
romn/s0403m1.mul.xml	11	A iii 9,14	AN	A	5.11	Tathāgatabala [Ananussuta]
romn/s0403m1.mul.xml	12	A iii 10,2	AN	A	5.12	Sekhabala agga [Kūṭa]
romn/s0403m1.mul.xml	13	A iii 10,3	AN	A	5.13	Balasaṅkhitta [Saṁkhitta]
romn/s0403m1.mul.xml	14	A iii 10,8	AN	A	5.14	Balavitthata [Vitthata]
romn/s0403m1.mul.xml	15	A iii 11,3	AN	A	5.15	Baladaṭṭhabba [Daṭṭhabba]
romn/s0403m1.mul.xml	16	A iii 12,3	AN	A	5.16	Bala agga [Punakūṭa]
romn/s0403m1.mul.xml	17	A iii 12,5	AN	A	5.17	Attahita [Hita 1]
romn/s0403m1.mul.xml	18	A iii 13,4	AN	A	5.18	Parahita [Hita 2]
romn/s0403m1.mul.xml	19	A iii 13,7	AN	A	5.19	Neva attahitano parahita [Hita 3]
romn/s0403m1.mul.xml	20	A iii 14,5	AN	A	5.20	Attahitaparahita [Hita 4]
romn/s0403m1.mul.xml	21	A iii 14,8	AN	A	5.21	Agārava 1
romn/s0403m1.mul.xml	22	A iii 15,7	AN	A	5.22	Agārava 2
romn/s0403m1.mul.xml	23	A iii 16,4	AN	A	5.23	Upakkilesa
romn/s0403m1.mul.xml	24	A iii 19	AN	A	5.24	Dussīla
romn/s0403m1.mul.xml	25	A iii 20,9	AN	A	5.25	Anuggahīta [Anuggahita]
romn/s0403m1.mul.xml	26	A iii 21	AN	A	5.26	Vimuttāyatana
romn/s0403m1.mul.xml	27	A iii 24,10	AN	A	5.27	Samādhi
romn/s0403m1.mul.xml	28	A iii 25,2	AN	A	5.28	Pañcaṅgikasamādhi [Pañcaṅgika]
romn/s0403m1.mul.xml	29	A iii 29,4	AN	A	5.29	Caṅkamānisaṁsa [Caṅkama]
romn/s0403m1.mul.xml	30	A iii 30	AN	A	5.30	Nāgita
romn/s0403m1.mul.xml	31	A iii 32,17	AN	A	5.31	Sumanā [Sumana]
romn/s0403m1.mul.xml	32	A iii 35,2	AN	A	5.32	Cundī
romn/s0403m1.mul.xml	33	A iii 36,24	AN	A	5.33	Uggaha
romn/s0403m1.mul.xml	34	A iii 38,22	AN	A	5.34	Sīhasenāpati
romn/s0403m1.mul.xml	35	A iii 41,2	AN	A	5.35	Dānānisaṁsa
romn/s0403m1.mul.xml	36	A iii 41,3	AN	A	5.36	Kāladāna
romn/s0403m1.mul.xml	37	A iii 42,2	AN	A	5.37	Bhojana
romn/s0403m1.mul.xml	38	A iii 42,4	AN	A	5.38	Saddha
romn/s0403m1.mul.xml	39	A iii 43,15	AN	A	5.39	Putta
romn/s0403m1.mul.xml	40	A iii 44,5	AN	A	5.40	Mahāsāla [Mahāsālaputta]
romn/s0403m1.mul.xml	41	A iii 45,2	AN	A	5.41	Pañcabhoga ādiya [Ādiya]
romn/s0403m1.mul.xml	42	A iii 46,8	AN	A	5.42	Sappurisa
romn/s0403m1.mul.xml	43	A iii 47,15	AN	A	5.43	Pañcaiṭṭhadhamma [Iṭṭha]
romn/s0403m1.mul.xml	44	A iii 49,5	AN	A	5.44	Manāpadāyī
romn/s0403m1.mul.xml	45	A iii 51,15	AN	A	5.45	Puññābhisanda
romn/s0403m1.mul.xml	46	A iii 53,6	AN	A	5.46	Pañcasampadā [Sampadā]
romn/s0403m1.mul.xml	47	A iii 53,11	AN	A	5.47	Pañcadhana [Dhana]
romn/s0403m1.mul.xml	48	A iii 54,8	AN	A	5.48	Alabbhanīyaṭhāna
romn/s0403m1.mul.xml	49	A iii 57,2	AN	A	5.49	Kosala
romn/s0403m1.mul.xml	50	A iii 57,15	AN	A	5.50	Sokasallaharaṇa [Nārada]
romn/s0403m1.mul.xml	51	A iii 63,7	AN	A	5.51	Nīvaraṇa [Āvaraṇa]
romn/s0403m1.mul.xml	52	A iii 65,2	AN	A	5.52	Akusalarāsi
romn/s0403m1.mul.xml	53	A iii 65,5	AN	A	5.53	Padhāniyaṅga
romn/s0403m1.mul.xml	54	A iii 65,12	AN	A	5.54	Asamayasamaya [Samaya]
romn/s0403m1.mul.xml	55	A iii 67,3	AN	A	5.55	Mātāputta
romn/s0403m1.mul.xml	56	A iii 69,14	AN	A	5.56	Upajjhāya
romn/s0403m1.mul.xml	57	A iii 71,8	AN	A	5.57	Ṭhāna [Abhiṇhapaccavekkhitabbaṭhāna]
romn/s0403m1.mul.xml	58	A iii 75,16	AN	A	5.58	Licchavikumāra [Licchavikumāraka]
romn/s0403m1.mul.xml	59	A iii 78,18	AN	A	5.59	Vuḍḍhapabbajita 1
romn/s0403m1.mul.xml	60	A iii 78,20	AN	A	5.60	Vuḍḍhapabbajita 2
romn/s0403m1.mul.xml	61	A iii 79,10	AN	A	5.61	Saññā 1
romn/s0403m1.mul.xml	62	A iii 79,13	AN	A	5.62	Saññā 2
romn/s0403m1.mul.xml	63	A iii 80,5	AN	A	5.63	Vaḍḍhī 1 [Vaḍḍhi 1]
romn/s0403m1.mul.xml	64	A iii 80,8	AN	A	5.64	Vaḍḍhī 2 [Vaḍḍhi 2]
romn/s0403m1.mul.xml	65	A iii 81,2	AN	A	5.65	Alaṁsākaccha [Sākaccha]
romn/s0403m1.mul.xml	66	A iii 81,4	AN	A	5.66	Alaṁsājīva [Sājīva]
romn/s0403m1.mul.xml	67	A iii 81,16	AN	A	5.67	Iddhipāda 1
romn/s0403m1.mul.xml	68	A iii 82,3	AN	A	5.68	Iddhipāda 2
romn/s0403m1.mul.xml	69	A iii 83,6	AN	A	5.69	Nibbidā
romn/s0403m1.mul.xml	70	A iii 83,9	AN	A	5.70	Āsavakkhaya
romn/s0403m1.mul.xml	71	A iii 84,2	AN	A	5.71	Cetovimuttiphala 1
romn/s0403m1.mul.xml	72	A iii 85	AN	A	5.72	Cetovimuttiphala 2
romn/s0403m1.mul.xml	73	A iii 86	AN	A	5.73	Dhammavihārī 1
romn/s0403m1.mul.xml	74	A iii 88,2	AN	A	5.74	Dhammavihārī 2
romn/s0403m1.mul.xml	75	A iii 89,9	AN	A	5.75	Yodhājīvūpama 1 [Yodhājīva 1]
romn/s0403m1.mul.xml	76	A iii 93,30	AN	A	5.76	Yodhājīvūpama 2 [Yodhājīva 2]
romn/s0403m1.mul.xml	77	A iii 100,30	AN	A	5.77	Anāgatabhaya 1
romn/s0403m1.mul.xml	78	A iii 103,2	AN	A	5.78	Anāgatabhaya 2
romn/s0403m1.mul.xml	79	A iii 105,13	AN	A	5.79	Anāgatabhaya 3
romn/s0403m1.mul.xml	80	A iii 108,19	AN	A	5.80	Anāgatabhaya 4
romn/s0403m1.mul.xml	81	A iii 110,14	AN	A	5.81	Rajanīya
romn/s0403m1.mul.xml	82	A iii 111	AN	A	5.82	Vītarāga
romn/s0403m1.mul.xml	83	A iii 111,7	AN	A	5.83	Kuhaka
romn/s0403m1.mul.xml	84	A iii 112	AN	A	5.84	Assaddha
romn/s0403m1.mul.xml	85	A iii 112,4	AN	A	5.85	Akkhama
romn/s0403m1.mul.xml	86	A iii 113,4	AN	A	5.86	Paṭisambhidā [Paṭisambhidāpatta]
romn/s0403m1.mul.xml	87	A iii 113,7	AN	A	5.87	Sīla [Sīlavanta]
romn/s0403m1.mul.xml	88	A iii 114,15	AN	A	5.88	Thera
romn/s0403m1.mul.xml	89	A iii 116,4	AN	A	5.89	Sekha 1
romn/s0403m1.mul.xml	90	A iii 116,6	AN	A	5.90	Sekha 2
romn/s0403m1.mul.xml	91	A iii 118,3	AN	A	5.91	Sampadā 1
romn/s0403m1.mul.xml	92	A iii 119,2	AN	A	5.92	Sampadā 2
romn/s0403m1.mul.xml	93	A iii 119,3	AN	A	5.93	Aññabyākaraṇa [Byākaraṇa]
romn/s0403m1.mul.xml	94	A iii 119,7	AN	A	5.94	Phāsuvihāra
romn/s0403m1.mul.xml	95	A iii 119,9	AN	A	5.95	Akuppa 1 [Akuppa]
romn/s0403m1.mul.xml	96	A iii 120	AN	A	5.96	Akuppa 2 [Sutadhara]
romn/s0403m1.mul.xml	97	A iii 120,8	AN	A	5.97	Akuppa 3 [Kathā]
romn/s0403m1.mul.xml	98	A iii 121,9	AN	A	5.98	Akuppa 4 [Āraññaka]
romn/s0403m1.mul.xml	99	A iii 121,12	AN	A	5.99	Sīha
romn/s0403m1.mul.xml	100	A iii 122,4	AN	A	5.100	Kakudha [Kakudhathera]
romn/s0403m1.mul.xml	101	A iii 127,6	AN	A	5.101	Sekhavesārajja [Sārajja]
romn/s0403m1.mul.xml	102	A iii 128,2	AN	A	5.102	Saṅkita [Ussaṅkita]
romn/s0403m1.mul.xml	103	A iii 128,5	AN	A	5.103	Mahācora
romn/s0403m1.mul.xml	104	A iii 130	AN	A	5.104	Samaṇasukhumāla
romn/s0403m1.mul.xml	105	A iii 132,10	AN	A	5.105	Phāsuvihāra
romn/s0403m1.mul.xml	106	A iii 132,11	AN	A	5.106	Ānanda
romn/s0403m1.mul.xml	107	A iii 134,11	AN	A	5.107	Sīlasampanna [Sīla]
romn/s0403m1.mul.xml	108	A iii 134,14	AN	A	5.108	Asekha
romn/s0403m1.mul.xml	109	A iii 135,2	AN	A	5.109	Cātuddisa
romn/s0403m1.mul.xml	110	A iii 135,4	AN	A	5.110	Arañña
romn/s0403m1.mul.xml	111	A iii 136,11	AN	A	5.111	Kulūpaga [Kulūpaka]
romn/s0403m1.mul.xml	112	A iii 137,5	AN	A	5.112	Pacchāsamaṇa
romn/s0403m1.mul.xml	113	A iii 137,7	AN	A	5.113	Sammāsamādhi
romn/s0403m1.mul.xml	114	A iii 138	AN	A	5.114	Andhakavinda
romn/s0403m1.mul.xml	115	A iii 139,6	AN	A	5.115	Maccharī [Maccharinī]
romn/s0403m1.mul.xml	116	A iii 139,8	AN	A	5.116	Vaṇṇa [Vaṇṇanā]
romn/s0403m1.mul.xml	117	A iii 140,7	AN	A	5.117	Issukī [Issukinī]
romn/s0403m1.mul.xml	118	A iii 140,9	AN	A	5.118	Micchādiṭṭhika
romn/s0403m1.mul.xml	119	A iii 141	AN	A	5.119	Micchāvācā
romn/s0403m1.mul.xml	120	A iii 141,3	AN	A	5.120	Micchāvāyāma
romn/s0403m1.mul.xml	121	A iii 142,3	AN	A	5.121	Gilāna
romn/s0403m1.mul.xml	122	A iii 143,8	AN	A	5.122	Satisūpaṭṭhita
romn/s0403m1.mul.xml	123	A iii 143,12	AN	A	5.123	Dūpaṭṭhākagilāna [Upaṭṭhāka 1]
romn/s0403m1.mul.xml	124	A iii 144,3	AN	A	5.124	Gilānūpaṭṭhāka [Upaṭṭhāka 2]
romn/s0403m1.mul.xml	125	A iii 145,4	AN	A	5.125	Āyussa 1 [Anāyussā 1]
romn/s0403m1.mul.xml	126	A iii 145,5	AN	A	5.126	Āyussa 2 [Anāyussā 2]
romn/s0403m1.mul.xml	127	A iii 145,8	AN	A	5.127	Vapakāsa
romn/s0403m1.mul.xml	128	A iii 146	AN	A	5.128	Samaṇadukkhasukha [Samaṇasukha]
romn/s0403m1.mul.xml	129	A iii 146,9	AN	A	5.129	Parikuppa
romn/s0403m1.mul.xml	130	A iii 147,2	AN	A	5.130	Sampadā [Byasana]
romn/s0403m1.mul.xml	131	A iii 147,3	AN	A	5.131	Cakkānuvattana 1
romn/s0403m1.mul.xml	132	A iii 148,3	AN	A	5.132	Cakkānuvattana 2
romn/s0403m1.mul.xml	133	A iii 149	AN	A	5.133	Dhammarāja [Dhammarājā]
romn/s0403m1.mul.xml	134	A iii 151,12	AN	A	5.134	Khattiyarāja [Yassaṁdisaṁ]
romn/s0403m1.mul.xml	135	A iii 152,20	AN	A	5.135	Patthanā 1
romn/s0403m1.mul.xml	136	A iii 154,18	AN	A	5.136	Patthanā 2
romn/s0403m1.mul.xml	137	A iii 156,6	AN	A	5.137	Appaṁsupati
romn/s0403m1.mul.xml	138	A iii 156,8	AN	A	5.138	Bhattādaka
romn/s0403m1.mul.xml	139	A iii 157	AN	A	5.139	Akkhama
romn/s0403m1.mul.xml	140	A iii 161,3	AN	A	5.140	Sotāra [Sota]
romn/s0403m1.mul.xml	141	A iii 164	AN	A	5.141	Avajānāti
romn/s0403m1.mul.xml	142	A iii 165	AN	A	5.142	Ārambhati [Ārabhati]
romn/s0403m1.mul.xml	143	A iii 167,18	AN	A	5.143	Sārandada
romn/s0403m1.mul.xml	144	A iii 169,10	AN	A	5.144	Tikaṇḍakī
romn/s0403m1.mul.xml	145	A iii 170,3	AN	A	5.145	Niraya
romn/s0403m1.mul.xml	146	A iii 171	AN	A	5.146	Bhikkhumitta [Mitta]
romn/s0403m1.mul.xml	147	A iii 171,3	AN	A	5.147	Asappurisadāna
romn/s0403m1.mul.xml	148	A iii 172	AN	A	5.148	Sappurisadāna
romn/s0403m1.mul.xml	149	A iii 173,8	AN	A	5.149	Samayavimutta 1
romn/s0403m1.mul.xml	150	A iii 173,10	AN	A	5.150	Samayavimutta 2
romn/s0403m1.mul.xml	151	A iii 174,11	AN	A	5.151	Sammattaniyāma 1
romn/s0403m1.mul.xml	152	A iii 175,3	AN	A	5.152	Sammattaniyāma 2
romn/s0403m1.mul.xml	153	A iii 175,10	AN	A	5.153	Sammattaniyāma 3
romn/s0403m1.mul.xml	154	A iii 176,6	AN	A	5.154	Saddhammasammosa 1
romn/s0403m1.mul.xml	155	A iii 177,4	AN	A	5.155	Saddhammasammosa 2
romn/s0403m1.mul.xml	156	A iii 178,3	AN	A	5.156	Saddhammasammosa 3
romn/s0403m1.mul.xml	157	A iii 181,2	AN	A	5.157	Dukkathā
romn/s0403m1.mul.xml	158	A iii 183,6	AN	A	5.158	Sārajja
romn/s0403m1.mul.xml	159	A iii 184,4	AN	A	5.159	Udāyī
romn/s0403m1.mul.xml	160	A iii 184,18	AN	A	5.160	Duppaṭivinodaya
romn/s0403m1.mul.xml	161	A iii 185	AN	A	5.161	Āghātapaṭivinaya 1
romn/s0403m1.mul.xml	162	A iii 186	AN	A	5.162	Āghātapaṭivinaya 2
romn/s0403m1.mul.xml	163	A iii 190	AN	A	5.163	Sākacchā [Sākaccha]
romn/s0403m1.mul.xml	164	A iii 191	AN	A	5.164	Sājīva
romn/s0403m1.mul.xml	165	A iii 191,3	AN	A	5.165	Pañhapucchā
romn/s0403m1.mul.xml	166	A iii 192,13	AN	A	5.166	Nirodha
romn/s0403m1.mul.xml	167	A iii 196	AN	A	5.167	Codanā
romn/s0403m1.mul.xml	168	A iii 200,6	AN	A	5.168	Sīla
romn/s0403m1.mul.xml	169	A iii 201,10	AN	A	5.169	Khippanisanti
romn/s0403m1.mul.xml	170	A iii 202,2	AN	A	5.170	Bhaddaji
romn/s0403m1.mul.xml	171	A iii 203,6	AN	A	5.171	Sārajja
romn/s0403m1.mul.xml	172	A iii 203,10	AN	A	5.172	Visārada
romn/s0403m1.mul.xml	173	A iii 204,5	AN	A	5.173	Niraya
romn/s0403m1.mul.xml	174	A iii 204,12	AN	A	5.174	Vera
romn/s0403m1.mul.xml	175	A iii 206,5	AN	A	5.175	Upāsakacaṇḍāla [Caṇḍāla]
romn/s0403m1.mul.xml	176	A iii 206,14	AN	A	5.176	Pīti
romn/s0403m1.mul.xml	177	A iii 208,14	AN	A	5.177	Vaṇijjā
romn/s0403m1.mul.xml	178	A iii 208,20	AN	A	5.178	Rāja [Rājā]
romn/s0403m1.mul.xml	179	A iii 211,18	AN	A	5.179	Gihī [Gihi]
romn/s0403m1.mul.xml	180	A iii 214,21	AN	A	5.180	Gavesī
romn/s0403m1.mul.xml	181	A iii 219,4	AN	A	5.181	Āraññaka [Āraññika]
romn/s0403m1.mul.xml	182	A iii 219,5	AN	A	5.182	Paṁsukūlika [Cīvara]
romn/s0403m1.mul.xml	183	A iii 219,12	AN	A	5.183	Rukkhamūlika
romn/s0403m1.mul.xml	184	A iii 220	AN	A	5.184	Sosānika
romn/s0403m1.mul.xml	185	A iii 220,2	AN	A	5.185	Abbhokāsika
romn/s0403m1.mul.xml	186	A iii 220,3	AN	A	5.186	Nesajjika
romn/s0403m1.mul.xml	187	A iii 220,4	AN	A	5.187	Yathāsanthatika
romn/s0403m1.mul.xml	188	A iii 220,5	AN	A	5.188	Ekāsanika
romn/s0403m1.mul.xml	189	A iii 220,6	AN	A	5.189	Khalupacchābhattika
romn/s0403m1.mul.xml	190	A iii 220,8	AN	A	5.190	Pattapiṇḍika
romn/s0403m1.mul.xml	191	A iii 221,12	AN	A	5.191	Soṇa
romn/s0403m1.mul.xml	192	A iii 223,2	AN	A	5.192	Doṇa [Doṇabrāhmaṇa]
romn/s0403m1.mul.xml	193	A iii 230,9	AN	A	5.193	Saṅgārava
romn/s0403m1.mul.xml	194	A iii 236,22	AN	A	5.194	Kāraṇapāli [Kāraṇapālī]
romn/s0403m1.mul.xml	195	A iii 239,8	AN	A	5.195	Piṅgiyānī
romn/s0403m1.mul.xml	196	A iii 240,3	AN	A	5.196	Mahāsupina
romn/s0403m1.mul.xml	197	A iii 243,2	AN	A	5.197	Vassantarāya [Vassa]
romn/s0403m1.mul.xml	198	A iii 243,5	AN	A	5.198	Subhāsitavācā [Vācā]
romn/s0403m1.mul.xml	199	A iii 244	AN	A	5.199	Kula
romn/s0403m1.mul.xml	200	A iii 245,5	AN	A	5.200	Nissāraṇīya
romn/s0403m1.mul.xml	201	A iii 247,6	AN	A	5.201	Kimbila [Kimila]
romn/s0403m1.mul.xml	202	A iii 248,2	AN	A	5.202	Dhammasavaṇa [Dhammassavana]
romn/s0403m1.mul.xml	203	A iii 248,4	AN	A	5.203	Ājānīya [Assājānīya]
romn/s0403m1.mul.xml	204	A iii 248,8	AN	A	5.204	Bala
romn/s0403m1.mul.xml	205	A iii 248,11	AN	A	5.205	Cetokhila
romn/s0403m1.mul.xml	206	A iii 249,6	AN	A	5.206	Vinibandha
romn/s0403m1.mul.xml	207	A iii 250,12	AN	A	5.207	Yāgu
romn/s0403m1.mul.xml	208	A iii 250,13	AN	A	5.208	Dantakaṭṭha
romn/s0403m1.mul.xml	209	A iii 251,2	AN	A	5.209	Gītassara
romn/s0403m1.mul.xml	210	A iii 251,4	AN	A	5.210	Muṭṭhassati
romn/s0403m1.mul.xml	211	A iii 252,2	AN	A	5.211	Akkosaka
romn/s0403m1.mul.xml	212	A iii 252,5	AN	A	5.212	Bhaṇḍanakāraka
romn/s0403m1.mul.xml	213	A iii 252,13	AN	A	5.213	Sīla
romn/s0403m1.mul.xml	214	A iii 254,4	AN	A	5.214	Bahubhāṇi
romn/s0403m1.mul.xml	215	A iii 254,6	AN	A	5.215	Akkhanti 1
romn/s0403m1.mul.xml	216	A iii 255,2	AN	A	5.216	Akkhanti 2
romn/s0403m1.mul.xml	217	A iii 255,4	AN	A	5.217	Apāsādika 1
romn/s0403m1.mul.xml	218	A iii 255,9	AN	A	5.218	Apāsādika 2
romn/s0403m1.mul.xml	219	A iii 256	AN	A	5.219	Aggi
romn/s0403m1.mul.xml	220	A iii 256,5	AN	A	5.220	Madhurā
romn/s0403m1.mul.xml	221	A iii 257,4	AN	A	5.221	Dīghacārika 1
romn/s0403m1.mul.xml	222	A iii 257,6	AN	A	5.222	Dīghacārika 2
romn/s0403m1.mul.xml	223	A iii 258,2	AN	A	5.223	Atinivāsa 1 [Atinivāsa]
romn/s0403m1.mul.xml	224	A iii 258,3	AN	A	5.224	Atinivāsa 2 [Maccharī]
romn/s0403m1.mul.xml	225	A iii 258,9	AN	A	5.225	Kulūpaga 1 [Kulūpaka 1]
romn/s0403m1.mul.xml	226	A iii 259	AN	A	5.226	Kulūpaga 2 [Kulūpaka 2]
romn/s0403m1.mul.xml	227	A iii 259,7	AN	A	5.227	Bhoga
romn/s0403m1.mul.xml	228	A iii 260,2	AN	A	5.228	Ussūrabhatta
romn/s0403m1.mul.xml	229	A iii 260,4	AN	A	5.229	Kaṇhasappa 1
romn/s0403m1.mul.xml	230	A iii 260,11	AN	A	5.230	Kaṇhasappa 2
romn/s0403m1.mul.xml	231	A iii 261,2	AN	A	5.231	Abhāvanīya [Āvāsika]
romn/s0403m1.mul.xml	232	A iii 262	AN	A	5.232	Piya
romn/s0403m1.mul.xml	233	A iii 262,7	AN	A	5.233	Sobhana
romn/s0403m1.mul.xml	234	A iii 263	AN	A	5.234	Bahūpakāra
romn/s0403m1.mul.xml	235	A iii 263,12	AN	A	5.235	Anukampaka [Anukampa]
romn/s0403m1.mul.xml	236	A iii 264,11	AN	A	5.236	Avaṇṇāraha 1
romn/s0403m1.mul.xml	237	A iii 265,2	AN	A	5.237	Avaṇṇāraha 2
romn/s0403m1.mul.xml	238	A iii 265,5	AN	A	5.238	Avaṇṇāraha 3
romn/s0403m1.mul.xml	239	A iii 266,6	AN	A	5.239	Macchariya 1
romn/s0403m1.mul.xml	240	A iii 266,9	AN	A	5.240	Macchariya 2
romn/s0403m1.mul.xml	241	A iii 267,10	AN	A	5.241	Duccarita [Duccarita 1]
romn/s0403m1.mul.xml	242	A iii 267,17	AN	A	5.242	Kāyaduccarita [Kāyaduccarita 1]
romn/s0403m1.mul.xml	243	A iii 267,18	AN	A	5.243	Vacīduccarita [Vacīduccarita 1]
romn/s0403m1.mul.xml	244	A iii 267,24	AN	A	5.244	Manoduccarita [Manoduccarita 1]
romn/s0403m1.mul.xml	245	A iii 268	AN	A	5.245	Aparaduccarita [Duccarita 2]
romn/s0403m1.mul.xml	246	A iii 268,7	AN	A	5.246	Aparakāyaduccarita [Kāyaduccarita 2]
romn/s0403m1.mul.xml	247	A iii 268,8	AN	A	5.247	Aparavacīduccarita [Vacīduccarita 2]
romn/s0403m1.mul.xml	248	A iii 268,12	AN	A	5.248	Aparamanoduccarita [Manoduccarita 2]
romn/s0403m1.mul.xml	249	A iii 268,13	AN	A	5.249	Sīvathikā [Sivathika]
romn/s0403m1.mul.xml	250	A iii 270,2	AN	A	5.250	Puggalappasāda
romn/s0403m1.mul.xml	251	A iii 271,6	AN	A	5.251	Upasampādetabba
romn/s0403m1.mul.xml	252	A iii 271,8	AN	A	5.252	Nissaya
romn/s0403m1.mul.xml	253	A iii 271,16	AN	A	5.253	Sāmaṇera
romn/s0403m1.mul.xml	254	A iii 272	AN	A	5.254	Macchariya [Pañcamacchariya]
romn/s0403m1.mul.xml	255	A iii 272,2	AN	A	5.255	Macchariyapahāna [Macchariyappahāna]
romn/s0403m1.mul.xml	256	A iii 272,8	AN	A	5.256	Paṭhamajjhāna [Paṭhamajhāna]
romn/s0403m1.mul.xml	257	A iii 272,11	AN	A	5.257	Dutiyajjhāna
romn/s0403m1.mul.xml	258	A iii 272,18	AN	A	5.258	Tatiyajjhāna
romn/s0403m1.mul.xml	259	A iii 272,20	AN	A	5.259	Catutthajjhāna
romn/s0403m1.mul.xml	260	A iii 272,24	AN	A	5.260	Sotāpattiphalasacchikiriyā
romn/s0403m1.mul.xml	261	A iii 272,26	AN	A	5.261	Sakadāgāmiphalasacchikiriyā
romn/s0403m1.mul.xml	262	A iii 272,31	AN	A	5.262	Anāgāmiphalasacchikiriyā
romn/s0403m1.mul.xml	263	A iii 272	AN	A	5.263	Arahattaphalasacchikiriyā
romn/s0403m1.mul.xml	264	A iii 273	AN	A	5.264	Aparapaṭhamajjhāna [Aparapaṭhamajhāna]
romn/s0403m1.mul.xml	265	A iii 273,5	AN	A	5.265	Aparadutiyajjhāna
romn/s0403m1.mul.xml	266	A iii 273,9	AN	A	5.266	Aparatatiyajjhāna
romn/s0403m1.mul.xml	267	A iii 273,11	AN	A	5.267	Aparacatutthajjhāna
romn/s0403m1.mul.xml	268	A iii 273,15	AN	A	5.268	Aparasotāpattiphalasacchikiriyā
romn/s0403m1.mul.xml	269	A iii 273,17	AN	A	5.269	Aparasakadāgāmiphalasacchikiriyā
romn/s0403m1.mul.xml	270	A iii 273,22	AN	A	5.270	Aparānāgāmiphalasacchikiriyā
romn/s0403m1.mul.xml	271	A iii 273,27	AN	A	5.271	Aparārahattaphalasacchikiriyā
romn/s0403m1.mul.xml	272	A iii 274	AN	A	5.272	Bhattuddesaka
romn/s0403m1.mul.xml	273	A iii 274,3	AN	A	5.273	Senāsanapaññāpaka
romn/s0403m1.mul.xml	274	A iii 274,8	AN	A	5.274	Senāsanagāhāpaka
romn/s0403m1.mul.xml	275	A iii 274,10	AN	A	5.275	Bhaṇḍāgārika
romn/s0403m1.mul.xml	276	A iii 274,16	AN	A	5.276	Cīvarapaṭiggāhaka
romn/s0403m1.mul.xml	277	A iii 275,25	AN	A	5.277	Cīvarabhājaka
romn/s0403m1.mul.xml	278	A iii 275,31	AN	A	5.278	Yāgubhājaka
romn/s0403m1.mul.xml	279	A iii 275,33	AN	A	5.279	Phalabhājaka
romn/s0403m1.mul.xml	280	A iii 275	AN	A	5.280	Khajjakabhājaka
romn/s0403m1.mul.xml	281	A iii 275	AN	A	5.281	Appamattakavissajjaka
romn/s0403m1.mul.xml	282	A iii 275	AN	A	5.282	Sāṭiyagāhāpaka
romn/s0403m1.mul.xml	283	A iii 275	AN	A	5.283	Pattagāhāpaka
romn/s0403m1.mul.xml	284	A iii 275	AN	A	5.284	Ārāmikapesaka
romn/s0403m1.mul.xml	285	A iii 275	AN	A	5.285	Sāmaṇerapesaka
romn/s0403m1.mul.xml	286	A iii 275	AN	A	5.286	Bhikkhu
romn/s0403m1.mul.xml	287	A iii 276,3	AN	A	5.287	Bhikkhunī
romn/s0403m1.mul.xml	288	A iii 276,5	AN	A	5.288	Sikkhamānā
romn/s0403m1.mul.xml	289	A iii 276,11	AN	A	5.289	Sāmaṇera
romn/s0403m1.mul.xml	290	A iii 276,14	AN	A	5.290	Sāmaṇerī
romn/s0403m1.mul.xml	291	A iii 276,19	AN	A	5.291	Upāsaka
romn/s0403m1.mul.xml	292	A iii 276,21	AN	A	5.292	Upāsikā
romn/s0403m1.mul.xml	293	A iii 276,27	AN	A	5.293	Ājīvaka
romn/s0403m1.mul.xml	294	A iii 276,29	AN	A	5.294	Nigaṇṭha
romn/s0403m1.mul.xml	295	A iii 276,34	AN	A	5.295	Muṇḍasāvaka
romn/s0403m1.mul.xml	296	A iii 276	AN	A	5.296	Jaṭilaka
romn/s0403m1.mul.xml	297	A iii 276	AN	A	5.297	Paribbājaka
romn/s0403m1.mul.xml	298	A iii 276	AN	A	5.298	Māgandika
romn/s0403m1.mul.xml	299	A iii 276	AN	A	5.299	Tedaṇḍika
romn/s0403m1.mul.xml	300	A iii 276	AN	A	5.300	Āruddhaka
romn/s0403m1.mul.xml	301	A iii 276	AN	A	5.301	Gotamaka
romn/s0403m1.mul.xml	302	A iii 277,3	AN	A	5.302	Devadhammika
romn/s0403m1.mul.xml	303	A iii 277,8	AN	A	5.303-307	Rāga abhiññāya peyyāla
romn/s0403m1.mul.xml	308	A iii 278	AN	A	5.308-312	Rāga pariññāya peyyāla
romn/s0403m1.mul.xml	313	A iii 278,3	AN	A	5.313-317	Rāga parikkhayāya peyyāla
romn/s0403m1.mul.xml	318	A iii 278,8	AN	A	5.318-322	Rāga pahānāya peyyāla
romn/s0403m1.mul.xml	323	A iii 278	AN	A	5.323-327	Rāga khayāya peyyāla
romn/s0403m1.mul.xml	328	A iii 278	AN	A	5.328-332	Rāga vayāya peyyāla
romn/s0403m1.mul.xml	333	A iii 278	AN	A	5.333-337	Rāga virāgāya peyyāla
romn/s0403m1.mul.xml	338	A iii 278	AN	A	5.338-342	Rāga nirodhāya peyyāla
romn/s0403m1.mul.xml	343	A iii 278	AN	A	5.343-347	Rāga cāgāya peyyāla
romn/s0403m1.mul.xml	348	A iii 278	AN	A	5.348-352	Rāga paṭinissagāya peyyāla
romn/s0403m1.mul.xml	353	A iii 278	AN	A	5.353-402	Dosa peyyāla
romn/s0403m1.mul.xml	403	A iii 278	AN	A	5.403-452	Moha peyyāla
romn/s0403m1.mul.xml	453	A iii 278	AN	A	5.453-502	Kodha peyyāla
romn/s0403m1.mul.xml	503	A iii 278	AN	A	5.503-552	Upanāha peyyāla
romn/s0403m1.mul.xml	553	A iii 278	AN	A	5.553-602	Makkha peyyāla
romn/s0403m1.mul.xml	603	A iii 278	AN	A	5.603-652	Paḷassa peyyāla
romn/s0403m1.mul.xml	653	A iii 278	AN	A	5.653-702	Issā peyyāla
romn/s0403m1.mul.xml	703	A iii 278	AN	A	5.703-752	Macchariya peyyāla
romn/s0403m1.mul.xml	753	A iii 278	AN	A	5.753-802	Māyā peyyāla
romn/s0403m1.mul.xml	803	A iii 278	AN	A	5.803-852	Sāṭheyya peyyāla
romn/s0403m1.mul.xml	853	A iii 278	AN	A	5.853-902	Thambha peyyāla
romn/s0403m1.mul.xml	903	A iii 278	AN	A	5.903-952	Sārambha peyyāla
romn/s0403m1.mul.xml	953	A iii 278	AN	A	5.953-1002	Māna peyyāla
romn/s0403m1.mul.xml	1003	A iii 278	AN	A	5.1003-1052	Atimāna peyyāla
romn/s0403m1.mul.xml	1053	A iii 278	AN	A	5.1053-1102	Mada peyyāla
romn/s0403m1.mul.xml	1103	A iii 278	AN	A	5.1103-1152	Pamāda peyyāla
romn/s0403m2.mul.xml	1	A iii 279,6	AN	A	6.1	Āhuneyya 1
romn/s0403m2.mul.xml	2	A iii 280,2	AN	A	6.2	Āhuneyya 2
romn/s0403m2.mul.xml	3	A iii 281,7	AN	A	6.3	Indriya
romn/s0403m2.mul.xml	4	A iii 282	AN	A	6.4	Bala
romn/s0403m2.mul.xml	5	A iii 282,9	AN	A	6.5	Ājānīya 1
romn/s0403m2.mul.xml	6	A iii 283	AN	A	6.6	Ājānīya 2
romn/s0403m2.mul.xml	7	A iii 283,8	AN	A	6.7	Ājānīya 3
romn/s0403m2.mul.xml	8	A iii 284,6	AN	A	6.8	Anuttariya
romn/s0403m2.mul.xml	9	A iii 284,12	AN	A	6.9	Anussatiṭṭhāna
romn/s0403m2.mul.xml	10	A iii 284,13	AN	A	6.10	Mahānāma
romn/s0403m2.mul.xml	11	A iii 288,21	AN	A	6.11	Sārāṇīya 1 [Sāraṇīya 1]
romn/s0403m2.mul.xml	12	A iii 289	AN	A	6.12	Sārāṇīya 2 [Sāraṇīya 2]
romn/s0403m2.mul.xml	13	A iii 290,4	AN	A	6.13	Nissāraṇīya
romn/s0403m2.mul.xml	14	A iii 292,4	AN	A	6.14	Bhaddaka
romn/s0403m2.mul.xml	15	A iii 294,10	AN	A	6.15	Anutappa [Anutappiya]
romn/s0403m2.mul.xml	16	A iii 295,13	AN	A	6.16	Nakulapitu
romn/s0403m2.mul.xml	17	A iii 297,30	AN	A	6.17	Kusala [Soppa]
romn/s0403m2.mul.xml	18	A iii 301,10	AN	A	6.18	Macchika [Macchabandha]
romn/s0403m2.mul.xml	19	A iii 303,24	AN	A	6.19	Maraṇasati 1 [Maraṇassati 1]
romn/s0403m2.mul.xml	20	A iii 306,14	AN	A	6.20	Maraṇasati 2 [Maraṇassati 2]
romn/s0403m2.mul.xml	21	A iii 309,2	AN	A	6.21	Sāmagāmaka [Sāmaka]
romn/s0403m2.mul.xml	22	A iii 310	AN	A	6.22	Aparihānīyadhamma [Aparihāniya]
romn/s0403m2.mul.xml	23	A iii 310,4	AN	A	6.23	Bhaya
romn/s0403m2.mul.xml	24	A iii 311,4	AN	A	6.24	Himavanta
romn/s0403m2.mul.xml	25	A iii 312,5	AN	A	6.25	Anussatiṭṭhāna
romn/s0403m2.mul.xml	26	A iii 314,17	AN	A	6.26	Mahākaccāna
romn/s0403m2.mul.xml	27	A iii 317,22	AN	A	6.27	Samaya 1
romn/s0403m2.mul.xml	28	A iii 320,2	AN	A	6.28	Samaya 2
romn/s0403m2.mul.xml	29	A iii 322,5	AN	A	6.29	Udāyi [Udāyī]
romn/s0403m2.mul.xml	30	A iii 325,4	AN	A	6.30	Anuttariya
romn/s0403m2.mul.xml	31	A iii 329,21	AN	A	6.31	Sekha
romn/s0403m2.mul.xml	32	A iii 330	AN	A	6.32	Aparihāna 1
romn/s0403m2.mul.xml	33	A iii 331,9	AN	A	6.33	Aparihāna 2
romn/s0403m2.mul.xml	34	A iii 331,24	AN	A	6.34	Moggallāna [Mahāmoggallāna]
romn/s0403m2.mul.xml	35	A iii 334,5	AN	A	6.35	Vijjābhāgiya
romn/s0403m2.mul.xml	36	A iii 334,7	AN	A	6.36	Vivādamūla
romn/s0403m2.mul.xml	37	A iii 336,2	AN	A	6.37	Chaḷaṅgadāna
romn/s0403m2.mul.xml	38	A iii 337,21	AN	A	6.38	Attakāra [Attakārī]
romn/s0403m2.mul.xml	39	A iii 338,20	AN	A	6.39	Kammanidāna [Nidāna]
romn/s0403m2.mul.xml	40	A iii 339,9	AN	A	6.40	Kimbila [Kimila]
romn/s0403m2.mul.xml	41	A iii 340	AN	A	6.41	Dārukkhandha
romn/s0403m2.mul.xml	42	A iii 341,4	AN	A	6.42	Nāgita
romn/s0403m2.mul.xml	43	A iii 344,4	AN	A	6.43	Nāga
romn/s0403m2.mul.xml	44	A iii 347,17	AN	A	6.44	Migasālā
romn/s0403m2.mul.xml	45	A iii 351,28	AN	A	6.45	Iṇa
romn/s0403m2.mul.xml	46	A iii 355,2	AN	A	6.46	Mahācunda
romn/s0403m2.mul.xml	47	A iii 356,4	AN	A	6.47	Sandiṭṭhika 1
romn/s0403m2.mul.xml	48	A iii 357	AN	A	6.48	Sandiṭṭhika 2
romn/s0403m2.mul.xml	49	A iii 358,3	AN	A	6.49	Khema
romn/s0403m2.mul.xml	50	A iii 360,2	AN	A	6.50	Indriyasaṁvara
romn/s0403m2.mul.xml	51	A iii 361,2	AN	A	6.51	Ānanda
romn/s0403m2.mul.xml	52	A iii 362,5	AN	A	6.52	Khattiya
romn/s0403m2.mul.xml	53	A iii 364,7	AN	A	6.53	Appamāda
romn/s0403m2.mul.xml	54	A iii 366,2	AN	A	6.54	Dhammika
romn/s0403m2.mul.xml	55	A iii 374,8	AN	A	6.55	Soṇa
romn/s0403m2.mul.xml	56	A iii 379,6	AN	A	6.56	Phagguṇa [Phagguna]
romn/s0403m2.mul.xml	57	A iii 383,13	AN	A	6.57	Chaḷābhijāti [Chaḷabhijāti]
romn/s0403m2.mul.xml	58	A iii 387	AN	A	6.58	Āsava
romn/s0403m2.mul.xml	59	A iii 391,2	AN	A	6.59	Dārukammika
romn/s0403m2.mul.xml	60	A iii 392	AN	A	6.60	Hatthisāriputta
romn/s0403m2.mul.xml	61	A iii 399,6	AN	A	6.61	Majjhe
romn/s0403m2.mul.xml	62	A iii 402,8	AN	A	6.62	Purisindriyañāṇa
romn/s0403m2.mul.xml	63	A iii 410,2	AN	A	6.63	Nibbedhika
romn/s0403m2.mul.xml	64	A iii 417,14	AN	A	6.64	Sīhanāda
romn/s0403m2.mul.xml	65	A iii 421,7	AN	A	6.65	Anāgāmiphala
romn/s0403m2.mul.xml	66	A iii 421,9	AN	A	6.66	Arahattaphala [Arahatta]
romn/s0403m2.mul.xml	67	A iii 422	AN	A	6.67	Mitta
romn/s0403m2.mul.xml	68	A iii 422,3	AN	A	6.68	Saṅgaṇikārāma
romn/s0403m2.mul.xml	69	A iii 423,8	AN	A	6.69	Devatā
romn/s0403m2.mul.xml	70	A iii 425,13	AN	A	6.70	Samādhi
romn/s0403m2.mul.xml	71	A iii 426,7	AN	A	6.71	Sakkhibhabba
romn/s0403m2.mul.xml	72	A iii 427	AN	A	6.72	Bala
romn/s0403m2.mul.xml	73	A iii 428	AN	A	6.73	Paṭhamajjhāna 1 [Tajjhāna 1]
romn/s0403m2.mul.xml	74	A iii 428,8	AN	A	6.74	Paṭhamajjhāna 2 [Tajjhāna 2]
romn/s0403m2.mul.xml	75	A iii 429,8	AN	A	6.75	Dukkha
romn/s0403m2.mul.xml	76	A iii 430,2	AN	A	6.76	Arahatta
romn/s0403m2.mul.xml	77	A iii 430,4	AN	A	6.77	Uttarīmanussadhamma [Uttarimanussadhamma]
romn/s0403m2.mul.xml	78	A iii 431,2	AN	A	6.78	Sukhasomanassa
romn/s0403m2.mul.xml	79	A iii 431,5	AN	A	6.79	Adhigama
romn/s0403m2.mul.xml	80	A iii 432,7	AN	A	6.80	Mahantatta
romn/s0403m2.mul.xml	81	A iii 432,10	AN	A	6.81	Niraya 1
romn/s0403m2.mul.xml	82	A iii 433,2	AN	A	6.82	Niraya 2
romn/s0403m2.mul.xml	83	A iii 433,4	AN	A	6.83	Aggadhamma
romn/s0403m2.mul.xml	84	A iii 434	AN	A	6.84	Rattidivasa
romn/s0403m2.mul.xml	85	A iii 435,4	AN	A	6.85	Sītibhāva
romn/s0403m2.mul.xml	86	A iii 435,7	AN	A	6.86	Āvaraṇa
romn/s0403m2.mul.xml	87	A iii 436	AN	A	6.87	Voropita
romn/s0403m2.mul.xml	88	A iii 437	AN	A	6.88	Sussūsati
romn/s0403m2.mul.xml	89	A iii 438,2	AN	A	6.89	Appahāya
romn/s0403m2.mul.xml	90	A iii 438,4	AN	A	6.90	Pahīṇa [Pahīna]
romn/s0403m2.mul.xml	91	A iii 438,9	AN	A	6.91	Abhabba
romn/s0403m2.mul.xml	92	A iii 438,11	AN	A	6.92	Abhabbaṭṭhāna 1
romn/s0403m2.mul.xml	93	A iii 439	AN	A	6.93	Abhabbaṭṭhāna 2
romn/s0403m2.mul.xml	94	A iii 439,11	AN	A	6.94	Abhabbaṭṭhāna 3
romn/s0403m2.mul.xml	95	A iii 440,2	AN	A	6.95	Abhabbaṭṭhāna 4
romn/s0403m2.mul.xml	96	A iii 441,2	AN	A	6.96	Pātubhāva
romn/s0403m2.mul.xml	97	A iii 441,4	AN	A	6.97	Ānisaṁsa
romn/s0403m2.mul.xml	98	A iii 441,13	AN	A	6.98	Anicca
romn/s0403m2.mul.xml	99	A iii 442	AN	A	6.99	Dukkha
romn/s0403m2.mul.xml	100	A iii 442,16	AN	A	6.100	Anatta
romn/s0403m2.mul.xml	101	A iii 442,23	AN	A	6.101	Nibbāna
romn/s0403m2.mul.xml	102	A iii 443,7	AN	A	6.102	Anavatthita
romn/s0403m2.mul.xml	103	A iii 443,10	AN	A	6.103	Ukkhittaasika [Ukkhittāsika]
romn/s0403m2.mul.xml	104	A iii 444,5	AN	A	6.104	Atammaya
romn/s0403m2.mul.xml	105	A iii 444,8	AN	A	6.105	Bhava
romn/s0403m2.mul.xml	106	A iii 445,2	AN	A	6.106	Taṇhā
romn/s0403m2.mul.xml	107	A iii 445,4	AN	A	6.107	Rāga
romn/s0403m2.mul.xml	108	A iii 446	AN	A	6.108	Duccarita
romn/s0403m2.mul.xml	109	A iii 446,7	AN	A	6.109	Vitakka
romn/s0403m2.mul.xml	110	A iii 446,8	AN	A	6.110	Saññā
romn/s0403m2.mul.xml	111	A iii 447,4	AN	A	6.111	Dhātu
romn/s0403m2.mul.xml	112	A iii 447,11	AN	A	6.112	Assāda
romn/s0403m2.mul.xml	113	A iii 448,2	AN	A	6.113	Arati
romn/s0403m2.mul.xml	114	A iii 448,3	AN	A	6.114	Asantuṭṭhi [Santuṭṭhitā]
romn/s0403m2.mul.xml	115	A iii 448,7	AN	A	6.115	Dovacassatā
romn/s0403m2.mul.xml	116	A iii 449	AN	A	6.116	Uddhacca
romn/s0403m2.mul.xml	117	A iii 449,7	AN	A	6.117	Kāyānupassī
romn/s0403m2.mul.xml	118	A iii 450	AN	A	6.118	Ajjhattakāyānupassī ādi [Dhammānupassī]
romn/s0403m2.mul.xml	119	A iii 450,3	AN	A	6.119	Tapussa
romn/s0403m2.mul.xml	120	A iii 451	AN	A	6.120-139	Bhallika ādi [Bhallikādi]
romn/s0403m2.mul.xml	140	A iii 451,8	AN	A	6.140	Rāga abhiññāya anuttariya
romn/s0403m2.mul.xml	141	A iii 452	AN	A	6.141	Rāga abhiññāya anussati
romn/s0403m2.mul.xml	142	A iii 452,6	AN	A	6.142	Rāga abhiññāya saññā
romn/s0403m2.mul.xml	143	A iii 452,8	AN	A	6.143-169	Rāga peyyāla
romn/s0403m2.mul.xml	170	A iii 452,12	AN	A	6.170-649	Dosādi peyyāla
romn/s0403m3.mul.xml	1	A iv 1,6	AN	A	7.1	Piyabhikkhū 1 [Piya 1]
romn/s0403m3.mul.xml	2	A iv 2	AN	A	7.2	Piyabhikkhū 2 [Piya 2]
romn/s0403m3.mul.xml	3	A iv 3,2	AN	A	7.3	Saṅkhittasattabala [Saṁkhittabala]
romn/s0403m3.mul.xml	4	A iv 3,3	AN	A	7.4	Vitthatasattabala [Vitthatabala]
romn/s0403m3.mul.xml	5	A iv 4,4	AN	A	7.5	Saṅkhittadhana [Saṁkhittadhana]
romn/s0403m3.mul.xml	6	A iv 5,9	AN	A	7.6	Vitthatadhana
romn/s0403m3.mul.xml	7	A iv 6	AN	A	7.7	Uggamahāmatta [Ugga]
romn/s0403m3.mul.xml	8	A iv 7,19	AN	A	7.8	Sattasaññojana [Saṁyojana]
romn/s0403m3.mul.xml	9	A iv 7,20	AN	A	7.9	Saññojanappahāna [Pahāna]
romn/s0403m3.mul.xml	10	A iv 8	AN	A	7.10	Macchariyasaṁyojana [Macchariya]
romn/s0403m3.mul.xml	11	A iv 9,5	AN	A	7.11	Anusaya [Anusaya 1]
romn/s0403m3.mul.xml	12	A iv 9,10	AN	A	7.12	Anusayappahāna [Anusaya 2]
romn/s0403m3.mul.xml	13	A iv 10,2	AN	A	7.13	Kulūpagamana [Kula]
romn/s0403m3.mul.xml	14	A iv 10,5	AN	A	7.14	Āhuneyyapuggala [Puggala]
romn/s0403m3.mul.xml	15	A iv 11,5	AN	A	7.15	Udakūpamapuggala [Udakūpamā]
romn/s0403m3.mul.xml	16	A iv 13	AN	A	7.16	Aniccānupassī
romn/s0403m3.mul.xml	17	A iv 14,11	AN	A	7.17	Dukkhānupassi [Dukkhānupassī]
romn/s0403m3.mul.xml	18	A iv 14,13	AN	A	7.18	Anattānupassī
romn/s0403m3.mul.xml	19	A iv 14,21	AN	A	7.19	Sukhānupassī [Nibbāna]
romn/s0403m3.mul.xml	20	A iv 15,8	AN	A	7.20	Niddasavatthu
romn/s0403m3.mul.xml	21	A iv 16,2	AN	A	7.21	Sārandada
romn/s0403m3.mul.xml	22	A iv 17,13	AN	A	7.22	Vassakāra
romn/s0403m3.mul.xml	23	A iv 21,7	AN	A	7.23	Bhikkhu aparihānīya 1 [Sattaka 1]
romn/s0403m3.mul.xml	24	A iv 22,12	AN	A	7.24	Bhikkhu aparihānīya 2 [Sattaka 2]
romn/s0403m3.mul.xml	25	A iv 22,14	AN	A	7.25	Bhikkhu aparihānīya 3 [Sattaka 3]
romn/s0403m3.mul.xml	26	A iv 23	AN	A	7.26	Bhikkhu aparihānīya 4 [Bojjhaṅga]
romn/s0403m3.mul.xml	27	A iv 24,2	AN	A	7.27	Bhikkhu aparihānīya 5 [Saññā]
romn/s0403m3.mul.xml	28	A iv 24,4	AN	A	7.28	Sekha aparihānīya [Parihāni 1]
romn/s0403m3.mul.xml	29	A iv 25	AN	A	7.29	Upāsaka aparihānīya [Parihāni 2]
romn/s0403m3.mul.xml	30	A iv 26,18	AN	A	7.30	Upāsaka vipatti [Vipatti]
romn/s0403m3.mul.xml	31	A iv 26,22	AN	A	7.31	Upāsaka parābhava [Parābhava]
romn/s0403m3.mul.xml	32	A iv 27,22	AN	A	7.32	Appamādagārava
romn/s0403m3.mul.xml	33	A iv 28,12	AN	A	7.33	Hirigārava
romn/s0403m3.mul.xml	34	A iv 29,16	AN	A	7.34	Sovacassatā 1
romn/s0403m3.mul.xml	35	A iv 30,2	AN	A	7.35	Sovacassatā 2
romn/s0403m3.mul.xml	36	A iv 31,12	AN	A	7.36	Mitta [Mitta 1]
romn/s0403m3.mul.xml	37	A iv 32,2	AN	A	7.37	Bhikkhumitta [Mitta 2]
romn/s0403m3.mul.xml	38	A iv 32,5	AN	A	7.38	Paṭisambhidā 1
romn/s0403m3.mul.xml	39	A iv 33,9	AN	A	7.39	Paṭisambhidā 2
romn/s0403m3.mul.xml	40	A iv 34,2	AN	A	7.40	Cittavasavattana 1 [Vasa 1]
romn/s0403m3.mul.xml	41	A iv 34,5	AN	A	7.41	Cittavasavattana 2 [Vasa 2]
romn/s0403m3.mul.xml	42	A iv 34,13	AN	A	7.42	Niddasavatthu 1 [Niddasa 1]
romn/s0403m3.mul.xml	43	A iv 37,7	AN	A	7.43	Niddasavatthu 2 [Niddasa 2]
romn/s0403m3.mul.xml	44	A iv 39	AN	A	7.44	Viññāṇaṭṭhiti [Sattaviññāṇaṭṭhiti]
romn/s0403m3.mul.xml	45	A iv 40	AN	A	7.45	Samādhiparikkhāra
romn/s0403m3.mul.xml	46	A iv 41,2	AN	A	7.46	Paṭhama aggi [Aggi 1]
romn/s0403m3.mul.xml	47	A iv 41,3	AN	A	7.47	Mahāyañña [Aggi 2]
romn/s0403m3.mul.xml	48	A iv 46,9	AN	A	7.48	Saṅkhittasattasaññā [Saññā 1]
romn/s0403m3.mul.xml	49	A iv 46,12	AN	A	7.49	Vitthatasattasaññā [Saññā 2]
romn/s0403m3.mul.xml	50	A iv 54,2	AN	A	7.50	Methuna
romn/s0403m3.mul.xml	51	A iv 57,2	AN	A	7.51	Saṁyogavisaṁyoga dhammapariyāya [Saṁyoga]
romn/s0403m3.mul.xml	52	A iv 59,6	AN	A	7.52	Dānamahapphala
romn/s0403m3.mul.xml	53	A iv 63,9	AN	A	7.53	Nandamātā
romn/s0403m3.mul.xml	54	A iv 67,7	AN	A	7.54	Abyākatavatthu [Abyākata]
romn/s0403m3.mul.xml	55	A iv 70,4	AN	A	7.55	Purisagati
romn/s0403m3.mul.xml	56	A iv 74,11	AN	A	7.56	Tissabrahma [Tissabrahmā]
romn/s0403m3.mul.xml	57	A iv 79,5	AN	A	7.57	Sīhasenāpati
romn/s0403m3.mul.xml	58	A iv 82,15	AN	A	7.58	Arakkheyya
romn/s0403m3.mul.xml	59	A iv 84,6	AN	A	7.59	Kimbila [Kimila]
romn/s0403m3.mul.xml	60	A iv 85,2	AN	A	7.60	Sattadhamma
romn/s0403m3.mul.xml	61	A iv 85,5	AN	A	7.61	Pacalāyana [Pacalāyamāna]
romn/s0403m3.mul.xml	62	A iv 88,7	AN	A	7.62	Māpuññabhāyi [Metta]
romn/s0403m3.mul.xml	63	A iv 91,4	AN	A	7.63	Sattabhariyā [Bhariyā]
romn/s0403m3.mul.xml	64	A iv 94,4	AN	A	7.64	Kodhana
romn/s0403m3.mul.xml	65	A iv 99,2	AN	A	7.65	Hirottappa [Hirīottappa]
romn/s0403m3.mul.xml	66	A iv 100,2	AN	A	7.66	Sattasuriyuggamana [Sattasūriya]
romn/s0403m3.mul.xml	67	A iv 106,8	AN	A	7.67	Nagarūpama [Nagaropama]
romn/s0403m3.mul.xml	68	A iv 113,7	AN	A	7.68	Dhammaññū
romn/s0403m3.mul.xml	69	A iv 117,5	AN	A	7.69	Pāricchattaka
romn/s0403m3.mul.xml	70	A iv 120,5	AN	A	7.70	Sakkāragarukāra [Sakkacca]
romn/s0403m3.mul.xml	71	A iv 125,11	AN	A	7.71	Bhāvanānuyutta [Bhāvanā]
romn/s0403m3.mul.xml	72	A iv 128,2	AN	A	7.72	Aggikkhandhopama
romn/s0403m3.mul.xml	73	A iv 135,10	AN	A	7.73	Sunetta
romn/s0403m3.mul.xml	74	A iv 136,7	AN	A	7.74	Araka
romn/s0403m3.mul.xml	75	A iv 140,6	AN	A	7.75	Vinayadhara 1
romn/s0403m3.mul.xml	76	A iv 140,8	AN	A	7.76	Vinayadhara 2
romn/s0403m3.mul.xml	77	A iv 141,7	AN	A	7.77	Vinayadhara 3
romn/s0403m3.mul.xml	78	A iv 141,9	AN	A	7.78	Vinayadhara 4
romn/s0403m3.mul.xml	79	A iv 142,2	AN	A	7.79	Vinayadharasobhana 1
romn/s0403m3.mul.xml	80	A iv 142,4	AN	A	7.80	Vinayadharasobhana 2
romn/s0403m3.mul.xml	81	A iv 142,12	AN	A	7.81	Vinayadharasobhana 3
romn/s0403m3.mul.xml	82	A iv 143,4	AN	A	7.82	Vinayadharasobhana 4
romn/s0403m3.mul.xml	83	A iv 143,6	AN	A	7.83	Satthusāsana
romn/s0403m3.mul.xml	84	A iv 144,2	AN	A	7.84	Adhikaraṇasamatha
romn/s0403m3.mul.xml	85	A iv 144,5	AN	A	7.85	Bhikkhudhamma [Bhikkhu]
romn/s0403m3.mul.xml	86	A iv 144,17	AN	A	7.86	Samaṇadhamma [Samaṇa]
romn/s0403m3.mul.xml	87	A iv 144,19	AN	A	7.87	Brāhmaṇadhamma [Brāhmaṇa]
romn/s0403m3.mul.xml	88	A iv 144,25	AN	A	7.88	Sotthiyadhamma [Sottiya]
romn/s0403m3.mul.xml	89	A iv 144,2	AN	A	7.89	Nahātakadhamma [Nhātaka]
romn/s0403m3.mul.xml	90	A iv 145,3	AN	A	7.90	Vedagudhamma [Vedagū]
romn/s0403m3.mul.xml	91	A iv 145,9	AN	A	7.91	Ariyadhamma [Ariya]
romn/s0403m3.mul.xml	92	A iv 145,10	AN	A	7.92	Arahattadhamma [Arahā]
romn/s0403m3.mul.xml	93	A iv 145,14	AN	A	7.93	Asaddhamma
romn/s0403m3.mul.xml	94	A iv 145,15	AN	A	7.94	Saddhamma
romn/s0403m3.mul.xml	95	A iv 145,19	AN	A	7.95	Cakkhu aniccānupassī
romn/s0403m3.mul.xml	96	A iv 146,3	AN	A	7.96-102	Cakkhudukkhānupassī peyyāla
romn/s0403m3.mul.xml	103	A iv 146,10	AN	A	7.103-614	Sotāniccānupassī peyyāla
romn/s0403m3.mul.xml	615	A iv 148	AN	A	7.615-644	Rāga peyyāla
romn/s0403m3.mul.xml	645	A iv 148,3	AN	A	7.645-1124	Dosādi peyyāla
romn/s0404m1.mul.xml	1	A iv 150,5	AN	A	8.1	Mettānisaṁsa [Mettā]
romn/s0404m1.mul.xml	2	A iv 151,15	AN	A	8.2	Ādibrahmacariyapaññā [Paññā]
romn/s0404m1.mul.xml	3	A iv 155	AN	A	8.3	Piya 1 [Appiya 1]
romn/s0404m1.mul.xml	4	A iv 156	AN	A	8.4	Piya 2 [Appiya 2]
romn/s0404m1.mul.xml	5	A iv 156,8	AN	A	8.5	Lokadhamma 1
romn/s0404m1.mul.xml	6	A iv 157	AN	A	8.6	Lokadhamma 2
romn/s0404m1.mul.xml	7	A iv 160,6	AN	A	8.7	Devadattavipatti
romn/s0404m1.mul.xml	8	A iv 162,2	AN	A	8.8	Uttara [Uttaravipatti]
romn/s0404m1.mul.xml	9	A iv 166	AN	A	8.9	Nanda
romn/s0404m1.mul.xml	10	A iv 168,10	AN	A	8.10	Kāraṇḍava
romn/s0404m1.mul.xml	11	A iv 172,17	AN	A	8.11	Verañja
romn/s0404m1.mul.xml	12	A iv 179,14	AN	A	8.12	Sīhasenāpati [Sīha]
romn/s0404m1.mul.xml	13	A iv 188,7	AN	A	8.13	Ājañña [Assājānīya]
romn/s0404m1.mul.xml	14	A iv 190,17	AN	A	8.14	Khaluṅka [Assakhaḷuṅka]
romn/s0404m1.mul.xml	15	A iv 195,14	AN	A	8.15	Mala
romn/s0404m1.mul.xml	16	A iv 196,2	AN	A	8.16	Dūteyya
romn/s0404m1.mul.xml	17	A iv 196,4	AN	A	8.17	Purisabandhana [Bandhana 1]
romn/s0404m1.mul.xml	18	A iv 197,9	AN	A	8.18	Itthibandhana [Bandhana 2]
romn/s0404m1.mul.xml	19	A iv 197,11	AN	A	8.19	Pahārāda
romn/s0404m1.mul.xml	20	A iv 204,21	AN	A	8.20	Uposatha
romn/s0404m1.mul.xml	21	A iv 208,18	AN	A	8.21	Vesālika-ugga [Ugga 1]
romn/s0404m1.mul.xml	22	A iv 212,5	AN	A	8.22	Hatthigāmaka ugga [Ugga 2]
romn/s0404m1.mul.xml	23	A iv 216	AN	A	8.23	Hatthakāḷavaka [Hatthaka 1]
romn/s0404m1.mul.xml	24	A iv 218,20	AN	A	8.24	Hatthakāḷavaka saṅgahavatthu [Hatthaka 2]
romn/s0404m1.mul.xml	25	A iv 220,3	AN	A	8.25	Mahānāma
romn/s0404m1.mul.xml	26	A iv 222,6	AN	A	8.26	Jīvaka
romn/s0404m1.mul.xml	27	A iv 223,17	AN	A	8.27	Bala [Bala 1]
romn/s0404m1.mul.xml	28	A iv 223,18	AN	A	8.28	Khīṇāsavabala [Bala 2]
romn/s0404m1.mul.xml	29	A iv 225,5	AN	A	8.29	Akkhaṇa
romn/s0404m1.mul.xml	30	A iv 228,16	AN	A	8.30	Anuruddha [Anuruddhamahāvitakka]
romn/s0404m1.mul.xml	31	A iv 236,2	AN	A	8.31	Dāna 1
romn/s0404m1.mul.xml	32	A iv 236,3	AN	A	8.32	Dāna 2
romn/s0404m1.mul.xml	33	A iv 236,16	AN	A	8.33	Dānavatthu
romn/s0404m1.mul.xml	34	A iv 237,5	AN	A	8.34	Khettūpama [Khetta]
romn/s0404m1.mul.xml	35	A iv 239,4	AN	A	8.35	Dānūpapatti
romn/s0404m1.mul.xml	36	A iv 241,12	AN	A	8.36	Puññakiriyavatthu
romn/s0404m1.mul.xml	37	A iv 243,5	AN	A	8.37	Sappurisadāna
romn/s0404m1.mul.xml	38	A iv 244	AN	A	8.38	Sappurisa
romn/s0404m1.mul.xml	39	A iv 245,12	AN	A	8.39	Puññābhisanda [Abhisanda]
romn/s0404m1.mul.xml	40	A iv 247,8	AN	A	8.40	Apāyasaṁvattanika [Duccaritavipāka]
romn/s0404m1.mul.xml	41	A iv 248	AN	A	8.41	Saṅkhitta aṭṭhaṅguposatha [Saṁkhittūposatha]
romn/s0404m1.mul.xml	42	A iv 251,7	AN	A	8.42	Vitthata aṭṭhaṅguposatha [Vitthatūposatha]
romn/s0404m1.mul.xml	43	A iv 255,13	AN	A	8.43	Visākhūposatha [Visākhā]
romn/s0404m1.mul.xml	44	A iv 258,20	AN	A	8.44	Vāseṭṭhuposatha [Vāseṭṭha]
romn/s0404m1.mul.xml	45	A iv 259,9	AN	A	8.45	Bojjhuposatha [Bojjha]
romn/s0404m1.mul.xml	46	A iv 261,5	AN	A	8.46	Anuruddhamanāpakāyika [Anuruddha]
romn/s0404m1.mul.xml	47	A iv 267,2	AN	A	8.47	Visākhamanāpakāyika [Visākhā 2]
romn/s0404m1.mul.xml	48	A iv 268,2	AN	A	8.48	Nakulamātumanāpakāyika [Nakulamātā]
romn/s0404m1.mul.xml	49	A iv 269,15	AN	A	8.49	Lokavijaya 1 [Idhalokika 1]
romn/s0404m1.mul.xml	50	A iv 271	AN	A	8.50	Lokavijaya 2 [Idhalokika 2]
romn/s0404m1.mul.xml	51	A iv 274,2	AN	A	8.51	Gotamī
romn/s0404m1.mul.xml	52	A iv 279,15	AN	A	8.52	Bhikkhunovādaka [Ovāda]
romn/s0404m1.mul.xml	53	A iv 280,10	AN	A	8.53	Saṅkhitta gotamiyovāda [Saṁkhitta]
romn/s0404m1.mul.xml	54	A iv 281,6	AN	A	8.54	Byagghapajja [Dīghajāṇu]
romn/s0404m1.mul.xml	55	A iv 285	AN	A	8.55	Ujjaya
romn/s0404m1.mul.xml	56	A iv 289	AN	A	8.56	Kāmādhivacana [Bhaya]
romn/s0404m1.mul.xml	57	A iv 290,3	AN	A	8.57	Āhuneyyabhikkhu 1 [Āhuneyya 1]
romn/s0404m1.mul.xml	58	A iv 291,14	AN	A	8.58	Āhuneyyabhikkhu 2 [Āhuneyya 2]
romn/s0404m1.mul.xml	59	A iv 292,9	AN	A	8.59	Aṭṭhapuggala 1 [Puggala 1]
romn/s0404m1.mul.xml	60	A iv 292,24	AN	A	8.60	Aṭṭhapuggala 2 [Puggala 2]
romn/s0404m1.mul.xml	61	A iv 293	AN	A	8.61	Lābhicchā [Icchā]
romn/s0404m1.mul.xml	62	A iv 296,2	AN	A	8.62	Alaṁ
romn/s0404m1.mul.xml	63	A iv 299,9	AN	A	8.63	Saṅkhittadesita [Saṁkhitta]
romn/s0404m1.mul.xml	64	A iv 302,5	AN	A	8.64	Adhidevañāṇadassana [Gayāsīsa]
romn/s0404m1.mul.xml	65	A iv 305,7	AN	A	8.65	Abhibhāyatana
romn/s0404m1.mul.xml	66	A iv 306	AN	A	8.66	Vimokkha
romn/s0404m1.mul.xml	67	A iv 307,2	AN	A	8.67	Anariyavohāra
romn/s0404m1.mul.xml	68	A iv 307,3	AN	A	8.68	Ariyavohāra
romn/s0404m1.mul.xml	69	A iv 307,9	AN	A	8.69	Parisa [Parisā]
romn/s0404m1.mul.xml	70	A iv 308	AN	A	8.70	Bhumicāla [Bhūmicāla]
romn/s0404m1.mul.xml	71	A iv 314,4	AN	A	8.71	Samantapāsādika 1 [Saddhā 1]
romn/s0404m1.mul.xml	72	A iv 315,19	AN	A	8.72	Samantapāsādika 2 [Saddhā 2]
romn/s0404m1.mul.xml	73	A iv 316,23	AN	A	8.73	Maraṇasati 1 [Maraṇassati 1]
romn/s0404m1.mul.xml	74	A iv 320,2	AN	A	8.74	Maraṇasati 2 [Maraṇassati 2]
romn/s0404m1.mul.xml	75	A iv 322,8	AN	A	8.75	Sampadā 1
romn/s0404m1.mul.xml	76	A iv 322,9	AN	A	8.76	Sampadā 2
romn/s0404m1.mul.xml	77	A iv 325	AN	A	8.77	Icchā
romn/s0404m1.mul.xml	78	A iv 328,6	AN	A	8.78	Alaṁ
romn/s0404m1.mul.xml	79	A iv 331	AN	A	8.79	Sekhaparihāniya [Parihāna]
romn/s0404m1.mul.xml	80	A iv 332,2	AN	A	8.80	Kusītārambhavatthu
romn/s0404m1.mul.xml	81	A iv 336,4	AN	A	8.81	Satisampajañña
romn/s0404m1.mul.xml	82	A iv 337,10	AN	A	8.82	Puṇṇiya
romn/s0404m1.mul.xml	83	A iv 338,9	AN	A	8.83	Kiṁmūlaka [Mūlaka]
romn/s0404m1.mul.xml	84	A iv 339,12	AN	A	8.84	Mahācoraṅga [Cora]
romn/s0404m1.mul.xml	85	A iv 340,2	AN	A	8.85	Tathāgatādhivacana [Samaṇa]
romn/s0404m1.mul.xml	86	A iv 340,21	AN	A	8.86	Nāgita [Yasa]
romn/s0404m1.mul.xml	87	A iv 344,3	AN	A	8.87	Pattanikkujjana [Pattanikujjana]
romn/s0404m1.mul.xml	88	A iv 345	AN	A	8.88	Appasādappasāda [Appasādapavedanīya]
romn/s0404m1.mul.xml	89	A iv 346	AN	A	8.89	Paṭisāraṇiyakamma [Paṭisāraṇīya]
romn/s0404m1.mul.xml	90	A iv 347,7	AN	A	8.90	Tassapāpiyyasikā sammāvattana [Sammāvattana]
romn/s0404m1.mul.xml	91	A iv 347	AN	A	8.91-117	Upāsikā
romn/s0404m1.mul.xml	117	A iv 348,6	AN	A	8.118	Aṭṭhamaggaṅga
romn/s0404m1.mul.xml	118	A iv 348,8	AN	A	8.119	Aṭṭhābhibhāyatana
romn/s0404m1.mul.xml	119	A iv 349	AN	A	8.120	Aṭṭhavimokkha
romn/s0404m1.mul.xml	120	A iv 349,9	AN	A	8.121-147	Rāga pariññāya peyyāla
romn/s0404m1.mul.xml	147	A iv 349,11	AN	A	8.148-627	Dosādi peyyāla
romn/s0404m2.mul.xml	1	A iv 351,5	AN	A	9.1	Sambodhipakkhiya [Sambodhi]
romn/s0404m2.mul.xml	2	A iv 353,16	AN	A	9.2	Nissayasampanna [Nissaya]
romn/s0404m2.mul.xml	3	A iv 354,6	AN	A	9.3	Meghiya
romn/s0404m2.mul.xml	4	A iv 358,22	AN	A	9.4	Nandaka
romn/s0404m2.mul.xml	5	A iv 363,7	AN	A	9.5	Balasaṅgahavatthu [Bala]
romn/s0404m2.mul.xml	6	A iv 365,3	AN	A	9.6	Sevitabbāsevitabba [Sevanā]
romn/s0404m2.mul.xml	7	A iv 369,6	AN	A	9.7	Sutavāparibbājaka [Sutavā]
romn/s0404m2.mul.xml	8	A iv 371,7	AN	A	9.8	Sajjhaparibbājaka [Sajjha]
romn/s0404m2.mul.xml	9	A iv 372	AN	A	9.9	Puggala
romn/s0404m2.mul.xml	10	A iv 373,2	AN	A	9.10	Āhuneyyapuggala [Āhuneyya]
romn/s0404m2.mul.xml	11	A iv 373,5	AN	A	9.11	Sāriputta sīhanāda [Sīhanāda]
romn/s0404m2.mul.xml	12	A iv 378	AN	A	9.12	Sopādisesa [Saupādisesa]
romn/s0404m2.mul.xml	13	A iv 382,4	AN	A	9.13	Mahākoṭṭhita [Koṭṭhika]
romn/s0404m2.mul.xml	14	A iv 385,12	AN	A	9.14	Samiddhi
romn/s0404m2.mul.xml	15	A iv 386,16	AN	A	9.15	Gaṇḍopama [Gaṇḍa]
romn/s0404m2.mul.xml	16	A iv 387,5	AN	A	9.16	Saññā
romn/s0404m2.mul.xml	17	A iv 387,8	AN	A	9.17	Kulopagamana [Kula]
romn/s0404m2.mul.xml	18	A iv 388,8	AN	A	9.18	Navaṅguposatha [Mettā]
romn/s0404m2.mul.xml	19	A iv 390,7	AN	A	9.19	Devatā
romn/s0404m2.mul.xml	20	A iv 392,12	AN	A	9.20	Velāma
romn/s0404m2.mul.xml	21	A iv 396,8	AN	A	9.21	Ṭhāna [Tiṭhāna]
romn/s0404m2.mul.xml	22	A iv 397,2	AN	A	9.22	Khaluṅka [Assakhaḷuṅka]
romn/s0404m2.mul.xml	23	A iv 400,2	AN	A	9.23	Taṇhāmūlaka [Taṇhā]
romn/s0404m2.mul.xml	24	A iv 401,5	AN	A	9.24	Sattāvāsa [Sattā]
romn/s0404m2.mul.xml	25	A iv 402,2	AN	A	9.25	Paññāparicita [Paññā]
romn/s0404m2.mul.xml	26	A iv 402,7	AN	A	9.26	Silāyūpopama [Silāyūpa]
romn/s0404m2.mul.xml	27	A iv 405,17	AN	A	9.27	Verabhaya 1 [Vera 1]
romn/s0404m2.mul.xml	28	A iv 407,9	AN	A	9.28	Verabhaya 2 [Vera 2]
romn/s0404m2.mul.xml	29	A iv 408	AN	A	9.29	Āghātavatthu [Āghāta 1]
romn/s0404m2.mul.xml	30	A iv 408,8	AN	A	9.30	Āghātapaṭivinaya [Āghāta 2]
romn/s0404m2.mul.xml	31	A iv 409,7	AN	A	9.31	Anupubbanirodha
romn/s0404m2.mul.xml	32	A iv 410,2	AN	A	9.32	Anupubbavihāra [Vihāra 1]
romn/s0404m2.mul.xml	33	A iv 410,3	AN	A	9.33	Anupubbavihārasamāpatti [Vihāra 2]
romn/s0404m2.mul.xml	34	A iv 414,8	AN	A	9.34	Nibbānasukha [Nibbāna]
romn/s0404m2.mul.xml	35	A iv 418	AN	A	9.35	Gāvīupamā [Gāvī]
romn/s0404m2.mul.xml	36	A iv 422,8	AN	A	9.36	Jhānanissaya [Jhāna]
romn/s0404m2.mul.xml	37	A iv 426,16	AN	A	9.37	Ānanda
romn/s0404m2.mul.xml	38	A iv 428,16	AN	A	9.38	Lokāyatika brāhmaṇa [Lokāyatika]
romn/s0404m2.mul.xml	39	A iv 432,4	AN	A	9.39	Devāsurasaṅgāma [Deva]
romn/s0404m2.mul.xml	40	A iv 435,2	AN	A	9.40	Āraññakanāgopama [Nāga]
romn/s0404m2.mul.xml	41	A iv 438,5	AN	A	9.41	Tapussagahapati [Tapussa]
romn/s0404m2.mul.xml	42	A iv 449,2	AN	A	9.42	Sambādha
romn/s0404m2.mul.xml	43	A iv 451,6	AN	A	9.43	Kāyasakkhi [Kāyasakkhī]
romn/s0404m2.mul.xml	44	A iv 452	AN	A	9.44	Paññāvimutta [Paññā]
romn/s0404m2.mul.xml	45	A iv 453	AN	A	9.45	Ubhatobhāgavimutta [Ubhata]
romn/s0404m2.mul.xml	46	A iv 453,7	AN	A	9.46	Sandiṭṭhikadhamma [Sandiṭṭhika 1]
romn/s0404m2.mul.xml	47	A iv 453,10	AN	A	9.47	Sandiṭṭhikanibbāna [Sandiṭṭhika 2]
romn/s0404m2.mul.xml	48	A iv 454,8	AN	A	9.48	Nibbāna
romn/s0404m2.mul.xml	49	A iv 454,11	AN	A	9.49	Parinibbāna
romn/s0404m2.mul.xml	50	A iv 454,15	AN	A	9.50	Tadaṅganibbāna [Tadaṅga]
romn/s0404m2.mul.xml	51	A iv 454,2	AN	A	9.51	Diṭṭhadhammanibbāna [Diṭṭhadhammika]
romn/s0404m2.mul.xml	52	A iv 455	AN	A	9.52	Khema [Khema 1]
romn/s0404m2.mul.xml	53	A iv 455	AN	A	9.53	Khemappatta [Khema 2]
romn/s0404m2.mul.xml	54	A iv 455	AN	A	9.54	Amata [Amata 1]
romn/s0404m2.mul.xml	55	A iv 455	AN	A	9.55	Amatappatta [Amata 2]
romn/s0404m2.mul.xml	56	A iv 455	AN	A	9.56	Abhaya [Abhaya 1]
romn/s0404m2.mul.xml	57	A iv 455	AN	A	9.57	Abhayappatta [Abhaya 2]
romn/s0404m2.mul.xml	58	A iv 455	AN	A	9.58	Passaddhi [Passaddhi 1]
romn/s0404m2.mul.xml	59	A iv 456,7	AN	A	9.59	Anupubbapassaddhi [Passaddhi 2]
romn/s0404m2.mul.xml	60	A iv 456,10	AN	A	9.60	Nirodha
romn/s0404m2.mul.xml	61	A iv 456,14	AN	A	9.61	Anupubbanirodha
romn/s0404m2.mul.xml	62	A iv 456,20	AN	A	9.62	Arahattā bhabbābhabbadhamma [Abhabba]
romn/s0404m2.mul.xml	63	A iv 457,5	AN	A	9.63	Sikkhādubbalya satipaṭṭhāna [Sikkhādubbalya]
romn/s0404m2.mul.xml	64	A iv 457,7	AN	A	9.64	Nīvaraṇa satipaṭṭhāna [Nīvaraṇa]
romn/s0404m2.mul.xml	65	A iv 458,4	AN	A	9.65	Kāmaguṇa satipaṭṭhāna [Kāmaguṇa]
romn/s0404m2.mul.xml	66	A iv 458,7	AN	A	9.66	Upādānakkhandha satipaṭṭhāna [Upādānakkhandha]
romn/s0404m2.mul.xml	67	A iv 459,2	AN	A	9.67	Orambhāgiya satipaṭṭhāna [Orambhāgiya]
romn/s0404m2.mul.xml	68	A iv 459,6	AN	A	9.68	Gati satipaṭṭhāna [Gati]
romn/s0404m2.mul.xml	69	A iv 459,8	AN	A	9.69	Macchariya satipaṭṭhāna [Macchariya]
romn/s0404m2.mul.xml	70	A iv 460,2	AN	A	9.70	Uddhambhāgiya satipaṭṭhāna [Uddhambhāgiya]
romn/s0404m2.mul.xml	71	A iv 460,4	AN	A	9.71	Cetokhila satipaṭṭhāna [Cetokhila]
romn/s0404m2.mul.xml	72	A iv 461,2	AN	A	9.72	Vinibandha satipaṭṭhāna [Cetasovinibandha]
romn/s0404m2.mul.xml	73	A iv 462,5	AN	A	9.73	Sikkhādubbalya sammappadhāna
romn/s0404m2.mul.xml	74	A iv 462,7	AN	A	9.74	Nīvaraṇa sammappadhāna
romn/s0404m2.mul.xml	75	A iv 462,10	AN	A	9.75	Kāmaguṇa sammappadhāna
romn/s0404m2.mul.xml	76	A iv 462,13	AN	A	9.76	Upādānakkhandha sammappadhāna
romn/s0404m2.mul.xml	77	A iv 462	AN	A	9.77	Orambhāgiya sammappadhāna
romn/s0404m2.mul.xml	78	A iv 462	AN	A	9.78	Gati sammappadhāna
romn/s0404m2.mul.xml	79	A iv 462	AN	A	9.79	Macchariya sammappadhāna
romn/s0404m2.mul.xml	80	A iv 462	AN	A	9.80	Uddhambhāgiya sammappadhāna
romn/s0404m2.mul.xml	81	A iv 462	AN	A	9.81	Cetokhila sammappadhāna
romn/s0404m2.mul.xml	82	A iv 463,2	AN	A	9.82	Vinibandha sammappadhāna
romn/s0404m2.mul.xml	83	A iv 463,4	AN	A	9.83	Sikkhādubbalya iddhipāda
romn/s0404m2.mul.xml	84	A iv 463,7	AN	A	9.84	Nīvaraṇa iddhipāda
romn/s0404m2.mul.xml	85	A iv 463,10	AN	A	9.85	Kāmaguṇa iddhipāda
romn/s0404m2.mul.xml	86	A iv 463,23	AN	A	9.86	Upādānakkhandha iddhipāda
romn/s0404m2.mul.xml	87	A iv 463,25	AN	A	9.87	Orambhāgiya iddhipāda
romn/s0404m2.mul.xml	88	A iv 463,28	AN	A	9.88	Gati iddhipāda
romn/s0404m2.mul.xml	89	A iv 463,2	AN	A	9.89	Macchariya iddhipāda
romn/s0404m2.mul.xml	90	A iv 463,2	AN	A	9.90	Uddhambhāgiya iddhipāda
romn/s0404m2.mul.xml	91	A iv 463,2	AN	A	9.91	Cetokhila iddhipāda
romn/s0404m2.mul.xml	92	A iv 464	AN	A	9.92	Vinibandha iddhipāda
romn/s0404m2.mul.xml	93	A iv 465,2	AN	A	9.93	Navasaññā
romn/s0404m2.mul.xml	94	A iv 465,4	AN	A	9.94	Jhānasamāpatti
romn/s0404m2.mul.xml	95	A iv 465,10	AN	A	9.95-112	Rāga pariññāya peyyāla
romn/s0404m2.mul.xml	113	A iv 465,19	AN	A	9.113-432	Dosādi peyyāla
romn/s0404m3.mul.xml	1	A v 1,6	AN	A	10.1	Kimatthiya
romn/s0404m3.mul.xml	2	A v 2,10	AN	A	10.2	Cetanākaraṇīya [Cetana]
romn/s0404m3.mul.xml	3	A v 4,4	AN	A	10.3	Upanisa 1 [Sīla]
romn/s0404m3.mul.xml	4	A v 5,14	AN	A	10.4	Upanisa 2 [Upanisa]
romn/s0404m3.mul.xml	5	A v 6,2	AN	A	10.5	Upanisa 3 [Ānanda]
romn/s0404m3.mul.xml	6	A v 7,8	AN	A	10.6	Samādhi
romn/s0404m3.mul.xml	7	A v 8,20	AN	A	10.7	Sāriputta
romn/s0404m3.mul.xml	8	A v 10,4	AN	A	10.8	Saddhā [Jhāna]
romn/s0404m3.mul.xml	9	A v 11	AN	A	10.9	Santavimokkha [Santa]
romn/s0404m3.mul.xml	10	A v 12,23	AN	A	10.10	Vijjā
romn/s0404m3.mul.xml	11	A v 15,2	AN	A	10.11	Senāsana
romn/s0404m3.mul.xml	12	A v 16,13	AN	A	10.12	Pañcaṅga
romn/s0404m3.mul.xml	13	A v 17,6	AN	A	10.13	Saṁyojana
romn/s0404m3.mul.xml	14	A v 17,7	AN	A	10.14	Cetokhila
romn/s0404m3.mul.xml	15	A v 21,12	AN	A	10.15	Appamāda
romn/s0404m3.mul.xml	16	A v 23,2	AN	A	10.16	Āhuneyya
romn/s0404m3.mul.xml	17	A v 23,5	AN	A	10.17	Nāthakaraṇa 1 [Nātha 1]
romn/s0404m3.mul.xml	18	A v 25	AN	A	10.18	Nāthakaraṇa 2 [Nātha 2]
romn/s0404m3.mul.xml	19	A v 29,9	AN	A	10.19	Ariyavāsa 1 [Ariyāvāsa 1]
romn/s0404m3.mul.xml	20	A v 29,11	AN	A	10.20	Ariyavāsa 2 [Ariyāvāsa 2]
romn/s0404m3.mul.xml	21	A v 32	AN	A	10.21	Sīhanāda [Sīha]
romn/s0404m3.mul.xml	22	A v 36,7	AN	A	10.22	Adhivuttipada [Adhivutti]
romn/s0404m3.mul.xml	23	A v 39,2	AN	A	10.23	Kāya
romn/s0404m3.mul.xml	24	A v 41,4	AN	A	10.24	Mahācunda [Cunda]
romn/s0404m3.mul.xml	25	A v 46,2	AN	A	10.25	Kasiṇa
romn/s0404m3.mul.xml	26	A v 46,4	AN	A	10.26	Kālī [Kāḷī]
romn/s0404m3.mul.xml	27	A v 48,6	AN	A	10.27	Mahāpañha 1 [Mahāpañhā 1]
romn/s0404m3.mul.xml	28	A v 54,7	AN	A	10.28	Mahāpañha 2 [Mahāpañhā 2]
romn/s0404m3.mul.xml	29	A v 59,5	AN	A	10.29	Kosala 1
romn/s0404m3.mul.xml	30	A v 65	AN	A	10.30	Kosala 2
romn/s0404m3.mul.xml	31	A v 70,4	AN	A	10.31	Upāli
romn/s0404m3.mul.xml	32	A v 70,8	AN	A	10.32	Pātimokkhaṭṭhapana [Ṭhapana]
romn/s0404m3.mul.xml	33	A v 71,9	AN	A	10.33	Ubbāhikā
romn/s0404m3.mul.xml	34	A v 72,7	AN	A	10.34	Upasampadā
romn/s0404m3.mul.xml	35	A v 73,2	AN	A	10.35	Nissaya
romn/s0404m3.mul.xml	36	A v 73,7	AN	A	10.36	Sāmaṇera
romn/s0404m3.mul.xml	37	A v 73,21	AN	A	10.37	Saṅghabheda [Bheda 1]
romn/s0404m3.mul.xml	38	A v 74,13	AN	A	10.38	Saṅghasāmaggi [Bheda 2]
romn/s0404m3.mul.xml	39	A v 75	AN	A	10.39	Ānanda 1
romn/s0404m3.mul.xml	40	A v 76,5	AN	A	10.40	Ānanda 2
romn/s0404m3.mul.xml	41	A v 77,10	AN	A	10.41	Vivāda
romn/s0404m3.mul.xml	42	A v 78,7	AN	A	10.42	Vivādamūla 1 [Mūla 1]
romn/s0404m3.mul.xml	43	A v 78,8	AN	A	10.43	Vivādamūla 2 [Mūla 2]
romn/s0404m3.mul.xml	44	A v 79,5	AN	A	10.44	Kusinārā [Kusināra]
romn/s0404m3.mul.xml	45	A v 81,7	AN	A	10.45	Rājantepurappavesana [Pavesana]
romn/s0404m3.mul.xml	46	A v 83,4	AN	A	10.46	Sakya [Sakka]
romn/s0404m3.mul.xml	47	A v 86,15	AN	A	10.47	Mahāli
romn/s0404m3.mul.xml	48	A v 87,7	AN	A	10.48	Dasadhamma [Pabbajitaabhiṇha]
romn/s0404m3.mul.xml	49	A v 88,22	AN	A	10.49	Sarīraṭṭhadhamma [Sarīraṭṭha]
romn/s0404m3.mul.xml	50	A v 88,24	AN	A	10.50	Bhaṇḍana
romn/s0404m3.mul.xml	51	A v 92,6	AN	A	10.51	Sacitta
romn/s0404m3.mul.xml	52	A v 94	AN	A	10.52	Sāriputta
romn/s0404m3.mul.xml	53	A v 96,2	AN	A	10.53	Ṭhiti
romn/s0404m3.mul.xml	54	A v 98,11	AN	A	10.54	Samatha
romn/s0404m3.mul.xml	55	A v 102,9	AN	A	10.55	Parihāna
romn/s0404m3.mul.xml	56	A v 105,16	AN	A	10.56	Saññā 1
romn/s0404m3.mul.xml	57	A v 106,2	AN	A	10.57	Saññā 2
romn/s0404m3.mul.xml	58	A v 106,5	AN	A	10.58	Mūlaka [Mūlā]
romn/s0404m3.mul.xml	59	A v 107,15	AN	A	10.59	Pabbajjā
romn/s0404m3.mul.xml	60	A v 108,2	AN	A	10.60	Girimānanda
romn/s0404m3.mul.xml	61	A v 113,2	AN	A	10.61	Avijjā
romn/s0404m3.mul.xml	62	A v 116,16	AN	A	10.62	Taṇhā
romn/s0404m3.mul.xml	63	A v 119,4	AN	A	10.63	Niṭṭhaṅgata [Niṭṭhā]
romn/s0404m3.mul.xml	64	A v 120	AN	A	10.64	Aveccappasanna [Avecca]
romn/s0404m3.mul.xml	65	A v 120,5	AN	A	10.65	Sukha 1
romn/s0404m3.mul.xml	66	A v 121,7	AN	A	10.66	Sukha 2
romn/s0404m3.mul.xml	67	A v 122,3	AN	A	10.67	Lakapāna 1 [Naḷakapāna 1]
romn/s0404m3.mul.xml	68	A v 125,24	AN	A	10.68	Lakapāna 2 [Naḷakapāna 2]
romn/s0404m3.mul.xml	69	A v 128,8	AN	A	10.69	Kathāvatthu 1
romn/s0404m3.mul.xml	70	A v 129,12	AN	A	10.70	Kathāvatthu 2
romn/s0404m3.mul.xml	71	A v 131,5	AN	A	10.71	Ākaṅkheyya [Ākaṅkha]
romn/s0404m3.mul.xml	72	A v 133,11	AN	A	10.72	Kaṇṭaka
romn/s0404m3.mul.xml	73	A v 135,11	AN	A	10.73	Iṭṭhadhamma [Iṭṭha]
romn/s0404m3.mul.xml	74	A v 137,2	AN	A	10.74	Vaḍḍha [Vaḍḍhi]
romn/s0404m3.mul.xml	75	A v 137,5	AN	A	10.75	Migasālā
romn/s0404m3.mul.xml	76	A v 144,6	AN	A	10.76	Tayodhamma [Abhabba]
romn/s0404m3.mul.xml	77	A v 149,17	AN	A	10.77	Kāka
romn/s0404m3.mul.xml	78	A v 150,2	AN	A	10.78	Nigaṇṭha
romn/s0404m3.mul.xml	79	A v 150,4	AN	A	10.79	Āghātavatthu [Vatthu 1]
romn/s0404m3.mul.xml	80	A v 150,14	AN	A	10.80	Āghātapaṭivinaya [Vatthu 2]
romn/s0404m3.mul.xml	81	A v 151,16	AN	A	10.81	Bāhuna [Vāhana]
romn/s0404m3.mul.xml	82	A v 152	AN	A	10.82	Ānanda
romn/s0404m3.mul.xml	83	A v 154,13	AN	A	10.83	Puṇṇiya
romn/s0404m3.mul.xml	84	A v 155,10	AN	A	10.84	Byākaraṇa
romn/s0404m3.mul.xml	85	A v 157,15	AN	A	10.85	Katthī
romn/s0404m3.mul.xml	86	A v 161,23	AN	A	10.86	Adhimāna [Aññā]
romn/s0404m3.mul.xml	87	A v 164,14	AN	A	10.87	Adhikaraṇika [Nappiya]
romn/s0404m3.mul.xml	88	A v 169,12	AN	A	10.88	Akkosaka
romn/s0404m3.mul.xml	89	A v 170,2	AN	A	10.89	Kokālika
romn/s0404m3.mul.xml	90	A v 174,17	AN	A	10.90	Khīṇāsavabala [Bala]
romn/s0404m3.mul.xml	91	A v 176,17	AN	A	10.91	Kāmabhogī
romn/s0404m3.mul.xml	92	A v 182,17	AN	A	10.92	Bhaya [Vera]
romn/s0404m3.mul.xml	93	A v 185,2	AN	A	10.93	Kiṁdiṭṭhika [Diṭṭhi]
romn/s0404m3.mul.xml	94	A v 189,3	AN	A	10.94	Vajjiyamāhita [Vajja]
romn/s0404m3.mul.xml	95	A v 193,2	AN	A	10.95	Uttiya
romn/s0404m3.mul.xml	96	A v 196,2	AN	A	10.96	Kokanada [Kokanuda]
romn/s0404m3.mul.xml	97	A v 198,15	AN	A	10.97	Āhuneyya
romn/s0404m3.mul.xml	98	A v 201,5	AN	A	10.98	Thera
romn/s0404m3.mul.xml	99	A v 201,8	AN	A	10.99	Upāli
romn/s0404m3.mul.xml	100	A v 209,7	AN	A	10.100	Bhabbābhabba [Abhabba]
romn/s0404m3.mul.xml	101	A v 210,8	AN	A	10.101	Samaṇasaññā [Saññā]
romn/s0404m3.mul.xml	102	A v 211,6	AN	A	10.102	Bojjhaṅga
romn/s0404m3.mul.xml	103	A v 211,8	AN	A	10.103	Micchatta
romn/s0404m3.mul.xml	104	A v 212,8	AN	A	10.104	Bīja
romn/s0404m3.mul.xml	105	A v 214,10	AN	A	10.105	Vijjā
romn/s0404m3.mul.xml	106	A v 215,2	AN	A	10.106	Nijjara
romn/s0404m3.mul.xml	107	A v 216,12	AN	A	10.107	Dhovana
romn/s0404m3.mul.xml	108	A v 218,2	AN	A	10.108	Tikicchaka
romn/s0404m3.mul.xml	109	A v 219,7	AN	A	10.109	Vamana
romn/s0404m3.mul.xml	110	A v 220,3	AN	A	10.110	Niddhamanīya [Niddhamana]
romn/s0404m3.mul.xml	111	A v 221,16	AN	A	10.111	Aseka [Asekha 1]
romn/s0404m3.mul.xml	112	A v 222,2	AN	A	10.112	Asekhiyadhamma [Asekha 2]
romn/s0404m3.mul.xml	113	A v 222,4	AN	A	10.113	Adhamma 1
romn/s0404m3.mul.xml	114	A v 223,3	AN	A	10.114	Adhamma 2
romn/s0404m3.mul.xml	115	A v 224,28	AN	A	10.115	Adhamma 3
romn/s0404m3.mul.xml	116	A v 229,21	AN	A	10.116	Ajita
romn/s0404m3.mul.xml	117	A v 232,5	AN	A	10.117	Saṅgārava
romn/s0404m3.mul.xml	118	A v 233,5	AN	A	10.118	Orimatīra [Orima]
romn/s0404m3.mul.xml	119	A v 233,9	AN	A	10.119	Paccorohaṇī 1
romn/s0404m3.mul.xml	120	A v 236,5	AN	A	10.120	Paccorohaṇī 2
romn/s0404m3.mul.xml	121	A v 236,8	AN	A	10.121	Pubbaṅgama
romn/s0404m3.mul.xml	122	A v 237,4	AN	A	10.122	Āsavakkhaya [Āsava]
romn/s0404m3.mul.xml	123	A v 237,6	AN	A	10.123	Paṭhama
romn/s0404m3.mul.xml	124	A v 237,17	AN	A	10.124	Dutiya
romn/s0404m3.mul.xml	125	A v 238	AN	A	10.125	Tatiya
romn/s0404m3.mul.xml	126	A v 238,5	AN	A	10.126	Catuttha
romn/s0404m3.mul.xml	127	A v 238,7	AN	A	10.127	Pañcama
romn/s0404m3.mul.xml	128	A v 238,11	AN	A	10.128	Chaṭṭhama [Chaṭṭha]
romn/s0404m3.mul.xml	129	A v 239	AN	A	10.129	Sapata [Sattama]
romn/s0404m3.mul.xml	130	A v 239,5	AN	A	10.130	Aṭṭhama
romn/s0404m3.mul.xml	131	A v 239,8	AN	A	10.131	Navama
romn/s0404m3.mul.xml	132	A v 240,2	AN	A	10.132	Dasama
romn/s0404m3.mul.xml	133	A v 240,3	AN	A	10.133	Ekādasama
romn/s0404m3.mul.xml	134	A v 240,8	AN	A	10.134	Sādhu
romn/s0404m3.mul.xml	135	A v 241,6	AN	A	10.135	Ariyadhamma
romn/s0404m3.mul.xml	136	A v 241,9	AN	A	10.136	Kusala [Akusala]
romn/s0404m3.mul.xml	137	A v 241,12	AN	A	10.137	Attha
romn/s0404m3.mul.xml	138	A v 242,3	AN	A	10.138	Dhamma
romn/s0404m3.mul.xml	139	A v 242,7	AN	A	10.139	Sāsava
romn/s0404m3.mul.xml	140	A v 242,9	AN	A	10.140	Sāvajja
romn/s0404m3.mul.xml	141	A v 243,2	AN	A	10.141	Tapanīya
romn/s0404m3.mul.xml	142	A v 243,4	AN	A	10.142	Ācayagāmī [Ācayagāmi]
romn/s0404m3.mul.xml	143	A v 243,7	AN	A	10.143	Dukkhudraya
romn/s0404m3.mul.xml	144	A v 244,2	AN	A	10.144	Dukkhavipāka
romn/s0404m3.mul.xml	145	A v 244,4	AN	A	10.145	Ariyamagga
romn/s0404m3.mul.xml	146	A v 244,7	AN	A	10.146	Sukkamagga [Kaṇhamagga]
romn/s0404m3.mul.xml	147	A v 245	AN	A	10.147	Saddhamma
romn/s0404m3.mul.xml	148	A v 245,4	AN	A	10.148	Sappurisadhamma
romn/s0404m3.mul.xml	149	A v 245,8	AN	A	10.149	Uppādetabba
romn/s0404m3.mul.xml	150	A v 246	AN	A	10.150	Āsevitabba
romn/s0404m3.mul.xml	151	A v 246,5	AN	A	10.151	Bhāvetabba
romn/s0404m3.mul.xml	152	A v 246,7	AN	A	10.152	Bahulīkattabba [Bahulīkātabba]
romn/s0404m3.mul.xml	153	A v 247,2	AN	A	10.153	Anussaritabba
romn/s0404m3.mul.xml	154	A v 247,4	AN	A	10.154	Sacchikātabba
romn/s0404m3.mul.xml	155	A v 247,7	AN	A	10.155	Sevitabba
romn/s0404m3.mul.xml	156	A v 248	AN	A	10.156-166	Bhajitabbādi
romn/s0404m3.mul.xml	167	A v 249,4	AN	A	10.167	Brāhmaṇa paccorohaṇī [Brāhmaṇapaccorohaṇī]
romn/s0404m3.mul.xml	168	A v 251,20	AN	A	10.168	Ariyapaccorohaṇī
romn/s0404m3.mul.xml	169	A v 252	AN	A	10.169	Saṅgārava
romn/s0404m3.mul.xml	170	A v 253,13	AN	A	10.170	Orimatīra [Orima]
romn/s0404m3.mul.xml	171	A v 254,13	AN	A	10.171	Adhamma 1
romn/s0404m3.mul.xml	172	A v 255,2	AN	A	10.172	Adhamma 2
romn/s0404m3.mul.xml	173	A v 260,11	AN	A	10.173	Adhamma 3
romn/s0404m3.mul.xml	174	A v 261,14	AN	A	10.174	Kammanidāna
romn/s0404m3.mul.xml	175	A v 262,7	AN	A	10.175	Saparikkamana [Parikkamana]
romn/s0404m3.mul.xml	176	A v 263,2	AN	A	10.176	Cunda
romn/s0404m3.mul.xml	177	A v 269,2	AN	A	10.177	Jāṇussoṇī [Jāṇussoṇi]
romn/s0404m3.mul.xml	178	A v 273,9	AN	A	10.178	Sādhu
romn/s0404m3.mul.xml	179	A v 274,3	AN	A	10.179	Ariyadhamma
romn/s0404m3.mul.xml	180	A v 274,8	AN	A	10.180	Kusala
romn/s0404m3.mul.xml	181	A v 275	AN	A	10.181	Attha
romn/s0404m3.mul.xml	182	A v 275,5	AN	A	10.182	Dhamma
romn/s0404m3.mul.xml	183	A v 275,7	AN	A	10.183	Sāsavadhamma [Āsava]
romn/s0404m3.mul.xml	184	A v 276	AN	A	10.184	Sāvajja [Vajja]
romn/s0404m3.mul.xml	185	A v 276,5	AN	A	10.185	Tapanīya
romn/s0404m3.mul.xml	186	A v 276,7	AN	A	10.186	Ācayagāmī [Ācayagāmi]
romn/s0404m3.mul.xml	187	A v 277	AN	A	10.187	Dukkhudraya
romn/s0404m3.mul.xml	188	A v 277,5	AN	A	10.188	Dukkhavipāka [Vipāka]
romn/s0404m3.mul.xml	189	A v 278,2	AN	A	10.189	Ariyamagga
romn/s0404m3.mul.xml	190	A v 278,4	AN	A	10.190	Kaṇhamagga
romn/s0404m3.mul.xml	191	A v 278,7	AN	A	10.191	Saddhamma
romn/s0404m3.mul.xml	192	A v 279,2	AN	A	10.192	Sappurisadhamma
romn/s0404m3.mul.xml	193	A v 279,4	AN	A	10.193	Uppādetabbadhamma
romn/s0404m3.mul.xml	194	A v 279,7	AN	A	10.194	Āsevitabbadhamma
romn/s0404m3.mul.xml	195	A v 280,2	AN	A	10.195	Bhāvetabbadhamma
romn/s0404m3.mul.xml	196	A v 280,4	AN	A	10.196	Bahulīkātabbadhamma [Bahulīkātabba]
romn/s0404m3.mul.xml	197	A v 280,7	AN	A	10.197	Anussaritabbadhamma [Anussaritabba]
romn/s0404m3.mul.xml	198	A v 281,2	AN	A	10.198	Sacchikātabbadhamma [Sacchikātabba]
romn/s0404m3.mul.xml	199	A v 281,4	AN	A	10.199-210	Sevitabbādi dvādasa [Nasevitabbādi]
romn/s0404m3.mul.xml	211	A v 283,2	AN	A	10.211	Niraya 1 [Nirayasagga 1]
romn/s0404m3.mul.xml	212	A v 285,27	AN	A	10.212	Niraya 2 [Nirayasagga 2]
romn/s0404m3.mul.xml	213	A v 286,11	AN	A	10.213	Mātugāma
romn/s0404m3.mul.xml	214	A v 287	AN	A	10.214	Upāsikā
romn/s0404m3.mul.xml	215	A v 288,2	AN	A	10.215	Visārada
romn/s0404m3.mul.xml	216	A v 288,4	AN	A	10.216	Saṁsappaniya pariyāya [Saṁsappanīya]
romn/s0404m3.mul.xml	217	A v 292,2	AN	A	10.217	Sañcetanika 1
romn/s0404m3.mul.xml	218	A v 297,8	AN	A	10.218	Sañcetanika 2
romn/s0404m3.mul.xml	219	A v 299,5	AN	A	10.219	Karajakāya
romn/s0404m3.mul.xml	220	A v 301,8	AN	A	10.220	Adhammacariyā
romn/s0404m3.mul.xml	221	A v 303,18	AN	A	10.221	Paṭhama
romn/s0404m3.mul.xml	222	A v 304	AN	A	10.222	Dutiya
romn/s0404m3.mul.xml	223	A v 305,11	AN	A	10.223	Tatiya
romn/s0404m3.mul.xml	224	A v 306	AN	A	10.224	Catuttha
romn/s0404m3.mul.xml	225	A v 308	AN	A	10.225	Pañcama
romn/s0404m3.mul.xml	226	A v 308	AN	A	10.226-228	Chaṭṭhamādi
romn/s0404m3.mul.xml	229	A v 308	AN	A	10.229	Navama
romn/s0404m3.mul.xml	230	A v 309,18	AN	A	10.230-232	Dasamādi
romn/s0404m3.mul.xml	233	A v 309,20	AN	A	10.233	Terasama
romn/s0404m3.mul.xml	234	A v 309	AN	A	10.234-236	Catuddasamādi
romn/s0404m3.mul.xml	237	A v 309	AN	A	10.237-746	Rāgādi peyyāla
romn/s0404m4.mul.xml	1	A v 311,5	AN	A	11.1	Kimatthiya
romn/s0404m4.mul.xml	2	A v 312,4	AN	A	11.2	Cetanākaraṇīya [Cetana]
romn/s0404m4.mul.xml	3	A v 313,10	AN	A	11.3	Upanisā 1
romn/s0404m4.mul.xml	4	A v 315,2	AN	A	11.4	Upanisā 2
romn/s0404m4.mul.xml	5	A v 316,4	AN	A	11.5	Upanisā 3
romn/s0404m4.mul.xml	6	A v 317,12	AN	A	11.6	Vyasana [Byasana]
romn/s0404m4.mul.xml	7	A v 318,11	AN	A	11.7	Saññā 1 [Saññā]
romn/s0404m4.mul.xml	8	A v 321,8	AN	A	11.8	Manasikāra
romn/s0404m4.mul.xml	9	A v 322,9	AN	A	11.9	Sandha [Saddha]
romn/s0404m4.mul.xml	10	A v 326,21	AN	A	11.10	Moranivāpa
romn/s0404m4.mul.xml	11	A v 328,11	AN	A	11.11	Mahānāma 1
romn/s0404m4.mul.xml	12	A v 332,25	AN	A	11.12	Mahānāma 2
romn/s0404m4.mul.xml	13	A v 334	AN	A	11.13	Nandiya
romn/s0404m4.mul.xml	14	A v 337,13	AN	A	11.14	Subhūti
romn/s0404m4.mul.xml	15	A v 342,2	AN	A	11.15	Mettānisaṁsa [Mettā]
romn/s0404m4.mul.xml	16	A v 342,6	AN	A	11.16	Aṭṭhakanāgara [Dasama]
romn/s0404m4.mul.xml	17	A v 347,8	AN	A	11.17	Gopālaka [Gopāla]
romn/s0404m4.mul.xml	18	A v 353,5	AN	A	11.18	Samādhi 1
romn/s0404m4.mul.xml	19	A v 354,9	AN	A	11.19	Samādhi 2
romn/s0404m4.mul.xml	20	A v 356,8	AN	A	11.20	Samādhi 3
romn/s0404m4.mul.xml	21	A v 357	AN	A	11.21	Samādhi 4
romn/s0404m4.mul.xml	22	A v 359	AN	A	11.22	Aniccānupassanā
romn/s0404m4.mul.xml	23	A v 359,4	AN	A	11.23	Dukkhānupassanā
romn/s0404m4.mul.xml	24	A v 359,12	AN	A	11.24	Anattānupassanā
romn/s0404m4.mul.xml	25	A v 359	AN	A	11.25	Khayānupassanā
romn/s0404m4.mul.xml	26	A v 359	AN	A	11.26	Vayānupassanā
romn/s0404m4.mul.xml	27	A v 359	AN	A	11.27	Virāgānupassanā
romn/s0404m4.mul.xml	28	A v 359	AN	A	11.28	Nirodhānupassanā
romn/s0404m4.mul.xml	29	A v 359	AN	A	11.29	Paṭinissaggānupassanā
romn/s0404m4.mul.xml	30	A v 359	AN	A	11.30-501	Aniccānupassanā
romn/s0404m4.mul.xml	502	A v 360,17	AN	A	11.982-1151	Rāgādi peyyāla
romn/s0502m.mul.xml	1	Dhp 1-20	KN	Dhp	2.1	Dhp 1 Yamakavagga
romn/s0502m.mul.xml	21	Dhp 21-32	KN	Dhp	2.2	Dhp 2 Appamādavagga
romn/s0502m.mul.xml	33	Dhp 33-43	KN	Dhp	2.3	Dhp 3 Cittavagga
romn/s0502m.mul.xml	44	Dhp 44-59	KN	Dhp	2.4	Dhp 4 Pupphavagga
romn/s0502m.mul.xml	60	Dhp 60-75	KN	Dhp	2.5	Dhp 5 Bālavagga
romn/s0502m.mul.xml	76	Dhp 76-89	KN	Dhp	2.6	Dhp 6 Paṇḍitavagga
romn/s0502m.mul.xml	90	Dhp 90-99	KN	Dhp	2.7	Dhp 7 Arahantavagga
romn/s0502m.mul.xml	100	Dhp 100-115	KN	Dhp	2.8	Dhp 8 Sahassavagga
romn/s0502m.mul.xml	116	Dhp 116-128	KN	Dhp	2.9	Dhp 9 Pāpavagga
romn/s0502m.mul.xml	129	Dhp 129-145	KN	Dhp	2.10	Dhp 10 Daṇḍavagga
romn/s0502m.mul.xml	146	Dhp 146-156	KN	Dhp	2.11	Dhp 11 Jarāvagga
romn/s0502m.mul.xml	157	Dhp 157-166	KN	Dhp	2.12	Dhp 12 Attavagga
romn/s0502m.mul.xml	167	Dhp 167-178	KN	Dhp	2.13	Dhp 13 Lokavagga
romn/s0502m.mul.xml	179	Dhp 179-196	KN	Dhp	2.14	Dhp 14 Buddhavagga
romn/s0502m.mul.xml	197	Dhp 197-208	KN	Dhp	2.15	Dhp 15 Sukhavagga
romn/s0502m.mul.xml	209	Dhp 209-220	KN	Dhp	2.16	Dhp 16 Piyavagga
romn/s0502m.mul.xml	221	Dhp 221-234	KN	Dhp	2.17	Dhp 17 Kodhavagga
romn/s0502m.mul.xml	235	Dhp 235-255	KN	Dhp	2.18	Dhp 18 Malavagga
romn/s0502m.mul.xml	256	Dhp 256-272	KN	Dhp	2.19	Dhp 19 Dhammaṭṭhavagga
romn/s0502m.mul.xml	273	Dhp 273-289	KN	Dhp	2.20	Dhp 20 Maggavagga
romn/s0502m.mul.xml	290	Dhp 290-305	KN	Dhp	2.21	Dhp 21 Pakiṇṇakavagga
romn/s0502m.mul.xml	306	Dhp 306-319	KN	Dhp	2.22	Dhp 22 Nirayavagga
romn/s0502m.mul.xml	320	Dhp 320-333	KN	Dhp	2.23	Dhp 23 Nāgavagga
romn/s0502m.mul.xml	334	Dhp 334-359	KN	Dhp	2.24	Dhp 24 Taṇhāvagga
romn/s0502m.mul.xml	360	Dhp 360-382	KN	Dhp	2.25	Dhp 25 Bhikkhuvagga
romn/s0502m.mul.xml	383	Dhp 383-423	KN	Dhp	2.26	Dhp 26 Brāhmaṇavagga
romn/s0503m.mul.xml	1	Ud 1.1	KN	Ud	3.1.1	(KN 3.1) Ud 1.1 Pathamabodhi
romn/s0503m.mul.xml	2	Ud 1.2	KN	Ud	3.1.2	(KN 3.2) Ud 1.2 Dutiyabodhi
romn/s0503m.mul.xml	3	Ud 1.3	KN	Ud	3.1.3	(KN 3.3) Ud 1.3 Tatiyabodhi
romn/s0503m.mul.xml	4	Ud 1.4	KN	Ud	3.1.4	(KN 3.4) Ud 1.4 Nigrodha (Huṁhuṅka)
romn/s0503m.mul.xml	5	Ud 1.5	KN	Ud	3.1.5	(KN 3.5) Ud 1.5 Thera (Brāhmaṇa)
romn/s0503m.mul.xml	6	Ud 1.6	KN	Ud	3.1.6	(KN 3.6) Ud 1.6 Kassapa (Mahākassapa)
romn/s0503m.mul.xml	7	Ud 1.7	KN	Ud	3.1.7	(KN 3.7) Ud 1.7 Pāvā (Ajakalāpaka)
romn/s0503m.mul.xml	8	Ud 1.8	KN	Ud	3.1.8	(KN 3.8) Ud 1.8 Saṅgāmaji
romn/s0503m.mul.xml	9	Ud 1.9	KN	Ud	3.1.9	(KN 3.9) Ud 1.9 Jaṭila
romn/s0503m.mul.xml	10	Ud 1.10	KN	Ud	3.1.10	(KN 3.10) Ud 1.10 Bāhiya
romn/s0503m.mul.xml	11	Ud 2.1	KN	Ud	3.2.1	(KN 3.11) Ud 2.1 Mucalinda
romn/s0503m.mul.xml	12	Ud 2.2	KN	Ud	3.2.2	(KN 3.12) Ud 2.2 Rāja
romn/s0503m.mul.xml	13	Ud 2.3	KN	Ud	3.2.3	(KN 3.13) Ud 2.3 Daṇḍa
romn/s0503m.mul.xml	14	Ud 2.4	KN	Ud	3.2.4	(KN 3.14) Ud 2.4 Sakkāra
romn/s0503m.mul.xml	15	Ud 2.5	KN	Ud	3.2.5	(KN 3.15) Ud 2.5 Upāsaka
romn/s0503m.mul.xml	16	Ud 2.6	KN	Ud	3.2.6	(KN 3.16) Ud 2.6 Gabbhinī
romn/s0503m.mul.xml	17	Ud 2.7	KN	Ud	3.2.7	(KN 3.17) Ud 2.7 Ekaputtaka
romn/s0503m.mul.xml	18	Ud 2.8	KN	Ud	3.2.8	(KN 3.18) Ud 2.8 Suppavāsā
romn/s0503m.mul.xml	19	Ud 2.9	KN	Ud	3.2.9	(KN 3.19) Ud 2.9 Visākhā
romn/s0503m.mul.xml	20	Ud 2.10	KN	Ud	3.2.10	(KN 3.20) Ud 2.10 Bhadiya Kaligodha (Bhaddiya)
romn/s0503m.mul.xml	21	Ud 3.1	KN	Ud	3.3.1	(KN 3.21) Ud 3.1 Kamma (Kammavipākaja)
romn/s0503m.mul.xml	22	Ud 3.2	KN	Ud	3.3.2	(KN 3.22) Ud 3.2 Nanda
romn/s0503m.mul.xml	23	Ud 3.3	KN	Ud	3.3.3	(KN 3.23) Ud 3.3 Yasoja
romn/s0503m.mul.xml	24	Ud 3.4	KN	Ud	3.3.4	(KN 3.24) Ud 3.4 Sāriputta
romn/s0503m.mul.xml	25	Ud 3.5	KN	Ud	3.3.5	(KN 3.25) Ud 3.5 Kolita (Mahāmoggallāna)
romn/s0503m.mul.xml	26	Ud 3.6	KN	Ud	3.3.6	(KN 3.26) Ud 3.6 Pilindavaccha
romn/s0503m.mul.xml	27	Ud 3.7	KN	Ud	3.3.7	(KN 3.27) Ud 3.7 Kassapa (Sakkudāna)
romn/s0503m.mul.xml	28	Ud 3.8	KN	Ud	3.3.8	(KN 3.28) Ud 3.8 Piṇḍapātika
romn/s0503m.mul.xml	29	Ud 3.9	KN	Ud	3.3.9	(KN 3.29) Ud 3.9 Sippa
romn/s0503m.mul.xml	30	Ud 3.10	KN	Ud	3.3.10	(KN 3.30) Ud 3.10 Lokavolokana (Loka)
romn/s0503m.mul.xml	31	Ud 4.1	KN	Ud	3.4.1	(KN 3.31) Ud 4.1 Meghiya
romn/s0503m.mul.xml	32	Ud 4.2	KN	Ud	3.4.2	(KN 3.32) Ud 4.2 Uddhata
romn/s0503m.mul.xml	33	Ud 4.3	KN	Ud	3.4.3	(KN 3.33) Ud 4.3 Gopala (Gopālaka)
romn/s0503m.mul.xml	34	Ud 4.4	KN	Ud	3.4.4	(KN 3.34) Ud 4.4 Juṇha (Yakkhapahāra)
romn/s0503m.mul.xml	35	Ud 4.5	KN	Ud	3.4.5	(KN 3.35) Ud 4.5 Nāga
romn/s0503m.mul.xml	36	Ud 4.6	KN	Ud	3.4.6	(KN 3.36) Ud 4.6 Piṇḍola
romn/s0503m.mul.xml	37	Ud 4.7	KN	Ud	3.4.7	(KN 3.37) Ud 4.7 Sāriputta
romn/s0503m.mul.xml	38	Ud 4.8	KN	Ud	3.4.8	(KN 3.38) Ud 4.8 Sundarī
romn/s0503m.mul.xml	39	Ud 4.9	KN	Ud	3.4.9	(KN 3.39) Ud 4.9 Upasena Vangantaputta (Upasena)
romn/s0503m.mul.xml	40	Ud 4.10	KN	Ud	3.4.10	(KN 3.40) Ud 4.10 Sariputta (Sāriputtaupasama)
romn/s0503m.mul.xml	41	Ud 5.1	KN	Ud	3.5.1	(KN 3.41) Ud 5.1 Rāja (Piyatara)
romn/s0503m.mul.xml	42	Ud 5.2	KN	Ud	3.5.2	(KN 3.42) Ud 5.2 Appāyuka
romn/s0503m.mul.xml	43	Ud 5.3	KN	Ud	3.5.3	(KN 3.43) Ud 5.3 Suppabuddhakuṭṭhi
romn/s0503m.mul.xml	44	Ud 5.4	KN	Ud	3.5.4	(KN 3.44) Ud 5.4 Kumāraka
romn/s0503m.mul.xml	45	Ud 5.5	KN	Ud	3.5.5	(KN 3.45) Ud 5.5 Uposatha
romn/s0503m.mul.xml	46	Ud 5.6	KN	Ud	3.5.6	(KN 3.46) Ud 5.6 Soṇa
romn/s0503m.mul.xml	47	Ud 5.7	KN	Ud	3.5.7	(KN 3.47) Ud 5.7 Revata (Kaṅkhārevata)
romn/s0503m.mul.xml	48	Ud 5.8	KN	Ud	3.5.8	(KN 3.48) Ud 5.8 Ananda (Saṁghabheda)
romn/s0503m.mul.xml	49	Ud 5.9	KN	Ud	3.5.9	(KN 3.49) Ud 5.9 Saddhāyamāna (Sadhāyamāna)
romn/s0503m.mul.xml	50	Ud 5.10	KN	Ud	3.5.10	(KN 3.50) Ud 5.10 Panthaka (Cūḷapanthaka)
romn/s0503m.mul.xml	51	Ud 6.1	KN	Ud	3.6.1	(KN 3.51) Ud 6.1 Āyusaṅkhārossajjana
romn/s0503m.mul.xml	52	Ud 6.2	KN	Ud	3.6.2	(KN 3.52) Ud 6.2 Jaṭila (Sattajaṭila)
romn/s0503m.mul.xml	53	Ud 6.3	KN	Ud	3.6.3	(KN 3.53) Ud 6.3 Paccavekkhana
romn/s0503m.mul.xml	54	Ud 6.4	KN	Ud	3.6.4	(KN 3.54) Ud 6.4 Paṭhamanānātitthiya
romn/s0503m.mul.xml	55	Ud 6.5	KN	Ud	3.6.5	(KN 3.55) Ud 6.5 Dutiyanānātitthiya
romn/s0503m.mul.xml	56	Ud 6.6	KN	Ud	3.6.6	(KN 3.56) Ud 6.6 Tatiyanānātitthiya
romn/s0503m.mul.xml	57	Ud 6.7	KN	Ud	3.6.7	(KN 3.57) Ud 6.7 Subhūti
romn/s0503m.mul.xml	58	Ud 6.8	KN	Ud	3.6.8	(KN 3.58) Ud 6.8 Gaṇikā
romn/s0503m.mul.xml	59	Ud 6.9	KN	Ud	3.6.9	(KN 3.59) Ud 6.9 Upāti (Upātidhāvanti )
romn/s0503m.mul.xml	60	Ud 6.10	KN	Ud	3.6.10	(KN 3.60) Ud 6.10 Tathāgatuppāda (Uppajjanti )
romn/s0503m.mul.xml	61	Ud 7.1	KN	Ud	3.7.1	(KN 3.61) Ud 7.1 Paṭhamalakuṇḍakabhaddiya
romn/s0503m.mul.xml	62	Ud 7.2	KN	Ud	3.7.2	(KN 3.62) Ud 7.2 Dutiyalakuṇḍakabhaddiya
romn/s0503m.mul.xml	63	Ud 7.3	KN	Ud	3.7.3	(KN 3.63) Ud 7.3 Satta (Paṭhamasatta )
romn/s0503m.mul.xml	64	Ud 7.4	KN	Ud	3.7.4	(KN 3.64) Ud 7.4 Dutiyasatta
romn/s0503m.mul.xml	65	Ud 7.5	KN	Ud	3.7.5	(KN 3.65) Ud 7.5 Lakuṭhamakabhaddiya (Aparalakuṇḍakabhaddiya )
romn/s0503m.mul.xml	66	Ud 7.6	KN	Ud	3.7.6	(KN 3.66) Ud 7.6 Tanhakkhaya (Taṇhāsaṅkhaya )
romn/s0503m.mul.xml	67	Ud 7.7	KN	Ud	3.7.7	(KN 3.67) Ud 7.7 Papañcakkhaya (Papañcakhaya )
romn/s0503m.mul.xml	68	Ud 7.8	KN	Ud	3.7.8	(KN 3.68) Ud 7.8 Kaccāna
romn/s0503m.mul.xml	69	Ud 7.9	KN	Ud	3.7.9	(KN 3.69) Ud 7.9 Udapāna
romn/s0503m.mul.xml	70	Ud 7.10	KN	Ud	3.7.10	(KN 3.70) Ud 7.10 Udena (Utena )
romn/s0503m.mul.xml	71	Ud 8.1	KN	Ud	3.8.1	(KN 3.71) Ud 8.1 Pathamanibbana (Paṭhamanibbānapaṭisaṁyutta )
romn/s0503m.mul.xml	72	Ud 8.2	KN	Ud	3.8.2	(KN 3.72) Ud 8.2 Dutiyanibbana (Dutiyanibbānapaṭisaṁyutta )
romn/s0503m.mul.xml	73	Ud 8.3	KN	Ud	3.8.3	(KN 3.73) Ud 8.3 Tatiyanibbana (Tatiyanibbānapaṭisaṁyutta )
romn/s0503m.mul.xml	74	Ud 8.4	KN	Ud	3.8.4	(KN 3.74) Ud 8.4 Catutthanibbana (Catutthanibbānapaṭisaṁyutta )
romn/s0503m.mul.xml	75	Ud 8.5	KN	Ud	3.8.5	(KN 3.75) Ud 8.5 Cunda
romn/s0503m.mul.xml	76	Ud 8.6	KN	Ud	3.8.6	(KN 3.76) Ud 8.6 Pāṭaligāmiya
romn/s0503m.mul.xml	77	Ud 8.7	KN	Ud	3.8.7	(KN 3.77) Ud 8.7 Dvidhāpatha
romn/s0503m.mul.xml	78	Ud 8.8	KN	Ud	3.8.8	(KN 3.78) Ud 8.8 Visākhā
romn/s0503m.mul.xml	79	Ud 8.9	KN	Ud	3.8.9	(KN 3.79) Ud 8.9 Paṭhamadabba
romn/s0503m.mul.xml	80	Ud 8.10	KN	Ud	3.8.10	(KN 3.80) Ud 8.10 Dutiyadabba
romn/s0504m.mul.xml	1	It 1	KN	It	4.1.1	(KN 4.1) Iti 1 Lobha
romn/s0504m.mul.xml	2	It 2	KN	It	4.1.2	(KN 4.2) Iti 2 Dosa
romn/s0504m.mul.xml	3	It 3	KN	It	4.1.3	(KN 4.3) Iti 3 Moha
romn/s0504m.mul.xml	4	It 4	KN	It	4.1.4	(KN 4.4) Iti 4 Kodha
romn/s0504m.mul.xml	5	It 5	KN	It	4.1.5	(KN 4.5) Iti 5 Makkha
romn/s0504m.mul.xml	6	It 6	KN	It	4.1.6	(KN 4.6) Iti 6 Māna
romn/s0504m.mul.xml	7	It 7	KN	It	4.1.7	(KN 4.7) Iti 7 Sabbapariññā
romn/s0504m.mul.xml	8	It 8	KN	It	4.1.8	(KN 4.8) Iti 8 Mānapariññā
romn/s0504m.mul.xml	9	It 9	KN	It	4.1.9	(KN 4.9) Iti 9 Lobhapariñña
romn/s0504m.mul.xml	10	It 10	KN	It	4.1.10	(KN 4.10) Iti 10 Dosapariññā
romn/s0504m.mul.xml	11	It 11	KN	It	4.1.11	(KN 4.11) Iti 11 Mohapariñña
romn/s0504m.mul.xml	12	It 12	KN	It	4.1.12	(KN 4.12) Iti 12 Kodhapariñña
romn/s0504m.mul.xml	13	It 13	KN	It	4.1.13	(KN 4.13) Iti 13 Makkhapariñña
romn/s0504m.mul.xml	14	It 14	KN	It	4.1.14	(KN 4.14) Iti 14 Avijjānīvaraṇa
romn/s0504m.mul.xml	15	It 15	KN	It	4.1.15	(KN 4.15) Iti 15 Taṇhāsaṁyojana
romn/s0504m.mul.xml	16	It 16	KN	It	4.1.16	(KN 4.16) Iti 16 Paṭhamasekha
romn/s0504m.mul.xml	17	It 17	KN	It	4.1.17	(KN 4.17) Iti 17 Dutiyasekha
romn/s0504m.mul.xml	18	It 18	KN	It	4.1.18	(KN 4.18) Iti 18 Sanghabheda (Saṁghabheda )
romn/s0504m.mul.xml	19	It 19	KN	It	4.1.19	(KN 4.19) Iti 19 Sanghasamaggi (Saṁghasāmaggī )
romn/s0504m.mul.xml	20	It 20	KN	It	4.1.20	(KN 4.20) Iti 20 Padutthapuggala (Paduṭṭhacitta )
romn/s0504m.mul.xml	21	It 21	KN	It	4.1.21	(KN 4.21) Iti 21 Pasannacitta
romn/s0504m.mul.xml	22	It 22	KN	It	4.1.22	(KN 4.22) Iti 22 Māpuññabhāyī (Metta )
romn/s0504m.mul.xml	23	It 23	KN	It	4.1.23	(KN 4.23) Iti 23 Ubho-attha (Ubhayattha )
romn/s0504m.mul.xml	24	It 24	KN	It	4.1.24	(KN 4.24) Iti 24 Aṭṭhipuñja
romn/s0504m.mul.xml	25	It 25	KN	It	4.1.25	(KN 4.25) Iti 25 Sampajanamusavada (Musāvāda )
romn/s0504m.mul.xml	26	It 26	KN	It	4.1.26	(KN 4.26) Iti 26 Dānasaɱvibhāga (Dāna )
romn/s0504m.mul.xml	27	It 27	KN	It	4.1.27	(KN 4.27) Iti 27 Mettacetovimutti (Mettābhāvanā )
romn/s0504m.mul.xml	28	It 28	KN	It	4.2.1	(KN 4.28) Iti 28 Pathamabhikkhu (Dukkhavihāra )
romn/s0504m.mul.xml	29	It 29	KN	It	4.2.2	(KN 4.29) Iti 29 Dutiyabhikkhu (Sukhavihāra )
romn/s0504m.mul.xml	30	It 30	KN	It	4.2.3	(KN 4.30) Iti 30 Tapaniya (Tapanīya )
romn/s0504m.mul.xml	31	It 31	KN	It	4.2.4	(KN 4.31) Iti 31 Atapanīya
romn/s0504m.mul.xml	32	It 32	KN	It	4.2.5	(KN 4.32) Iti 32 Papakasila (Paṭhamasīla )
romn/s0504m.mul.xml	33	It 33	KN	It	4.2.6	(KN 4.33) Iti 33 Bhaddakasila (Dutiyasīla )
romn/s0504m.mul.xml	34	It 34	KN	It	4.2.7	(KN 4.34) Iti 34 Anātāpī (Ātāpī )
romn/s0504m.mul.xml	35	It 35	KN	It	4.2.8	(KN 4.35) Iti 35 Pathamajanakuhana (Paṭhamajananakuhana )
romn/s0504m.mul.xml	36	It 36	KN	It	4.2.9	(KN 4.36) Iti 36 Dutiyajanakuhana (Dutiyajananakuhana )
romn/s0504m.mul.xml	37	It 37	KN	It	4.2.10	(KN 4.37) Iti 37 Somanassa
romn/s0504m.mul.xml	38	It 38	KN	It	4.2.11	(KN 4.38) Iti 38 Vitakka
romn/s0504m.mul.xml	39	It 39	KN	It	4.2.12	(KN 4.39) Iti 39 Desanā
romn/s0504m.mul.xml	40	It 40	KN	It	4.2.13	(KN 4.40) Iti 40 Vijjā
romn/s0504m.mul.xml	41	It 41	KN	It	4.2.14	(KN 4.41) Iti 41 Paññaparihani (Paññāparihīna )
romn/s0504m.mul.xml	42	It 42	KN	It	4.2.15	(KN 4.42) Iti 42 Sukkadhamma
romn/s0504m.mul.xml	43	It 43	KN	It	4.2.16	(KN 4.43) Iti 43 Ajāta
romn/s0504m.mul.xml	44	It 44	KN	It	4.2.17	(KN 4.44) Iti 44 Nibbānadhātu
romn/s0504m.mul.xml	45	It 45	KN	It	4.2.18	(KN 4.45) Iti 45 Paṭisallāna
romn/s0504m.mul.xml	46	It 46	KN	It	4.2.19	(KN 4.46) Iti 46 Sikkhānisaṁsa
romn/s0504m.mul.xml	47	It 47	KN	It	4.2.20	(KN 4.47) Iti 47 Jāgariya
romn/s0504m.mul.xml	48	It 48	KN	It	4.2.21	(KN 4.48) Iti 48 Āpāyika
romn/s0504m.mul.xml	49	It 49	KN	It	4.2.22	(KN 4.49) Iti 49 Diṭṭhigata
romn/s0504m.mul.xml	50	It 50	KN	It	4.3.1	(KN 4.50) Iti 50 Akusalamula (Mūla )
romn/s0504m.mul.xml	51	It 51	KN	It	4.3.2	(KN 4.51) Iti 51 Dhātu
romn/s0504m.mul.xml	52	It 52	KN	It	4.3.3	(KN 4.52) Iti 52 Paṭhamavedanā
romn/s0504m.mul.xml	53	It 53	KN	It	4.3.4	(KN 4.53) Iti 53 Dutiyavedanā
romn/s0504m.mul.xml	54	It 54	KN	It	4.3.5	(KN 4.54) Iti 54 Paṭhamaesanā
romn/s0504m.mul.xml	55	It 55	KN	It	4.3.6	(KN 4.55) Iti 55 Dutiyaesanā (Moha)
romn/s0504m.mul.xml	56	It 56	KN	It	4.3.7	(KN 4.56) Iti 56 Paṭhamaāsava
romn/s0504m.mul.xml	57	It 57	KN	It	4.3.8	(KN 4.57) Iti 57 Dutiyaāsava
romn/s0504m.mul.xml	58	It 58	KN	It	4.3.9	(KN 4.58) Iti 58 Taṇhā
romn/s0504m.mul.xml	59	It 59	KN	It	4.3.10	(KN 4.59) Iti 59 Māradheyya
romn/s0504m.mul.xml	60	It 60	KN	It	4.3.11	(KN 4.60) Iti 60 Puññakiriyavatthu
romn/s0504m.mul.xml	61	It 61	KN	It	4.3.12	(KN 4.61) Iti 61 Cakkhu
romn/s0504m.mul.xml	62	It 62	KN	It	4.3.13	(KN 4.62) Iti 62 Indriya
romn/s0504m.mul.xml	63	It 63	KN	It	4.3.14	(KN 4.63) Iti 63 Addhā
romn/s0504m.mul.xml	64	It 64	KN	It	4.3.15	(KN 4.64) Iti 64 Duccarita
romn/s0504m.mul.xml	65	It 65	KN	It	4.3.16	(KN 4.65) Iti 65 Sucarita
romn/s0504m.mul.xml	66	It 66	KN	It	4.3.17	(KN 4.66) Iti 66 Soceyya
romn/s0504m.mul.xml	67	It 67	KN	It	4.3.18	(KN 4.67) Iti 67 Moneyya
romn/s0504m.mul.xml	68	It 68	KN	It	4.3.19	(KN 4.68) Iti 68 Paṭhamarāga
romn/s0504m.mul.xml	69	It 69	KN	It	4.3.20	(KN 4.69) Iti 69 Dutiyarāga
romn/s0504m.mul.xml	70	It 70	KN	It	4.3.21	(KN 4.70) Iti 70 Micchaditthikammasamadana (Micchādiṭṭhika )
romn/s0504m.mul.xml	71	It 71	KN	It	4.3.22	(KN 4.71) Iti 71 Sammaditthikammasamadana (Sammādiṭṭhika )
romn/s0504m.mul.xml	72	It 72	KN	It	4.3.23	(KN 4.72) Iti 72 Nissaraniya
romn/s0504m.mul.xml	73	It 73	KN	It	4.3.24	(KN 4.73) Iti 73 Santatara
romn/s0504m.mul.xml	74	It 74	KN	It	4.3.25	(KN 4.74) Iti 74 Putta
romn/s0504m.mul.xml	75	It 75	KN	It	4.3.26	(KN 4.75) Iti 75 Vutthi (Avuṭṭhika )
romn/s0504m.mul.xml	76	It 76	KN	It	4.3.27	(KN 4.76) Iti 76 Sukhapatthanā
romn/s0504m.mul.xml	77	It 77	KN	It	4.3.28	(KN 4.77) Iti 77 Bhidura
romn/s0504m.mul.xml	78	It 78	KN	It	4.3.29	(KN 4.78) Iti 78 Dhatusamsandana (Dhātusosaṁsandana )
romn/s0504m.mul.xml	79	It 79	KN	It	4.3.30	(KN 4.79) Iti 79 Parihāna (Moha)
romn/s0504m.mul.xml	80	It 80	KN	It	4.3.31	(KN 4.80) Iti 80 Vitakka
romn/s0504m.mul.xml	81	It 81	KN	It	4.3.32	(KN 4.81) Iti 81 Sakkāra
romn/s0504m.mul.xml	82	It 82	KN	It	4.3.33	(KN 4.82) Iti 82 Devasadda
romn/s0504m.mul.xml	83	It 83	KN	It	4.3.34	(KN 4.83) Iti 83 Pubbanimitta (Pañcapubbanimitta)
romn/s0504m.mul.xml	84	It 84	KN	It	4.3.35	(KN 4.84) Iti 84 Bahujanahita
romn/s0504m.mul.xml	85	It 85	KN	It	4.3.36	(KN 4.85) Iti 85 Asubhānupassī
romn/s0504m.mul.xml	86	It 86	KN	It	4.3.37	(KN 4.86) Iti 86 Dhammānudhammapaṭipanna
romn/s0504m.mul.xml	87	It 87	KN	It	4.3.38	(KN 4.87) Iti 87 Andhakarana
romn/s0504m.mul.xml	88	It 88	KN	It	4.3.39	(KN 4.88) Iti 88 Antarāmala
romn/s0504m.mul.xml	89	It 89	KN	It	4.3.40	(KN 4.89) Iti 89 Devadatta
romn/s0504m.mul.xml	90	It 90	KN	It	4.3.41	(KN 4.90) Iti 90 Aggappasāda
romn/s0504m.mul.xml	91	It 91	KN	It	4.3.42	(KN 4.91) Iti 91 Jīvika
romn/s0504m.mul.xml	92	It 92	KN	It	4.3.43	(KN 4.92) Iti 92 Saṅghāṭikaṇṇa
romn/s0504m.mul.xml	93	It 93	KN	It	4.3.44	(KN 4.93) Iti 93 Aggi
romn/s0504m.mul.xml	94	It 94	KN	It	4.3.45	(KN 4.94) Iti 94 Upaparikkha
romn/s0504m.mul.xml	95	It 95	KN	It	4.3.46	(KN 4.95) Iti 95 Kāmūpapatti
romn/s0504m.mul.xml	96	It 96	KN	It	4.3.47	(KN 4.96) Iti 96 Kāmayoga
romn/s0504m.mul.xml	97	It 97	KN	It	4.3.48	(KN 4.97) Iti 97 Kalyāṇasīla
romn/s0504m.mul.xml	98	It 98	KN	It	4.3.49	(KN 4.98) Iti 98 Dāna
romn/s0504m.mul.xml	99	It 99	KN	It	4.3.50	(KN 4.99) Iti 99 Tevijja
romn/s0504m.mul.xml	100	It 100	KN	It	4.4.1	(KN 4.100) Iti 100 Brāhmaṇa (Brāhmaṇadhammayāga )
romn/s0504m.mul.xml	101	It 101	KN	It	4.4.2	(KN 4.101) Iti 101 Caturanavajja (Sulabha )
romn/s0504m.mul.xml	102	It 102	KN	It	4.4.3	(KN 4.102) Iti 102 Āsavakkhaya
romn/s0504m.mul.xml	103	It 103	KN	It	4.4.4	(KN 4.103) Iti 103 Samaṇabrāhmaṇa
romn/s0504m.mul.xml	104	It 104	KN	It	4.4.5	(KN 4.104) Iti 104 Sīlasampanna
romn/s0504m.mul.xml	105	It 105	KN	It	4.4.6	(KN 4.105) Iti 105 Taṇhuppāda
romn/s0504m.mul.xml	106	It 106	KN	It	4.4.7	(KN 4.106) Iti 106 Sabrahmaka
romn/s0504m.mul.xml	107	It 107	KN	It	4.4.8	(KN 4.107) Iti 107 Bahukāra
romn/s0504m.mul.xml	108	It 108	KN	It	4.4.9	(KN 4.108) Iti 108 Kuha
romn/s0504m.mul.xml	109	It 109	KN	It	4.4.10	(KN 4.109) Iti 109 Purisapiyarupa (Nadīsota )
romn/s0504m.mul.xml	110	It 110	KN	It	4.4.11	(KN 4.110) Iti 110 Cara
romn/s0504m.mul.xml	111	It 111	KN	It	4.4.12	(KN 4.111) Iti 111 Sampannasīla
romn/s0504m.mul.xml	112	It 112	KN	It	4.4.13	(KN 4.112) Iti 112 Lokavabodha (Loka )
romn/s0505m.mul.xml	1	Sn 1.1	KN	Sn	5.1.1	(KN 5.1) Snp 1.1 Uraga
romn/s0505m.mul.xml	18	Sn 1.2	KN	Sn	5.1.2	(KN 5.2) Snp 1.2 Dhaniya
romn/s0505m.mul.xml	35	Sn 1.3	KN	Sn	5.1.3	(KN 5.3) Snp 1.3 Khaggavisana
romn/s0505m.mul.xml	76	Sn 1.4	KN	Sn	5.1.4	(KN 5.4) Snp 1.4 Kasibhāradvāja
romn/s0505m.mul.xml	83	Sn 1.5	KN	Sn	5.1.5	(KN 5.5) Snp 1.5 Cunda
romn/s0505m.mul.xml	91	Sn 1.6	KN	Sn	5.1.6	(KN 5.6) Snp 1.6 Parābhava
romn/s0505m.mul.xml	116	Sn 1.7	KN	Sn	5.1.7	(KN 5.7) Snp 1.7 Vasala
romn/s0505m.mul.xml	143	Sn 1.8	KN	Sn	5.1.8	(KN 5.8) Snp 1.8 Metta
romn/s0505m.mul.xml	153	Sn 1.9	KN	Sn	5.1.9	(KN 5.9) Snp 1.9 Hemavata
romn/s0505m.mul.xml	183	Sn 1.10	KN	Sn	5.1.10	(KN 5.10) Snp 1.10 Āḷavaka
romn/s0505m.mul.xml	195	Sn 1.11	KN	Sn	5.1.11	(KN 5.11) Snp 1.11 Vijaya
romn/s0505m.mul.xml	209	Sn 1.12	KN	Sn	5.1.12	(KN 5.12) Snp 1.12 Muni
romn/s0505m.mul.xml	224	Sn 2.1	KN	Sn	5.2.1	(KN 5.13) Snp 2.1 Ratana
romn/s0505m.mul.xml	242	Sn 2.2	KN	Sn	5.2.2	(KN 5.14) Snp 2.2 Āmagandha
romn/s0505m.mul.xml	256	Sn 2.3	KN	Sn	5.2.3	(KN 5.15) Snp 2.3 Hiri
romn/s0505m.mul.xml	261	Sn 2.4	KN	Sn	5.2.4	(KN 5.16) Snp 2.4 Maṅgala (Mahāmaṅgala )
romn/s0505m.mul.xml	273	Sn 2.5	KN	Sn	5.2.5	(KN 5.17) Snp 2.5 Sūciloma
romn/s0505m.mul.xml	276	Sn 2.6	KN	Sn	5.2.6	(KN 5.18) Snp 2.6 Kapila (Dhammacariya )
romn/s0505m.mul.xml	286	Sn 2.7	KN	Sn	5.2.7	(KN 5.19) Snp 2.7 Brāhmaṇadhammika
romn/s0505m.mul.xml	318	Sn 2.8	KN	Sn	5.2.8	(KN 5.20) Snp 2.8 Nāvā (Dhamma)
romn/s0505m.mul.xml	326	Sn 2.9	KN	Sn	5.2.9	(KN 5.21) Snp 2.9 Kiṁsīla
romn/s0505m.mul.xml	333	Sn 2.10	KN	Sn	5.2.10	(KN 5.22) Snp 2.10 Uṭṭhāna
romn/s0505m.mul.xml	337	Sn 2.11	KN	Sn	5.2.11	(KN 5.23) Snp 2.11 Rāhula
romn/s0505m.mul.xml	345	Sn 2.12	KN	Sn	5.2.12	(KN 5.24) Snp 2.12 Nigrodhakappa (Vaṅgīsa )
romn/s0505m.mul.xml	361	Sn 2.13	KN	Sn	5.2.13	(KN 5.25) Snp 2.13 Sammāparibbājanīya
romn/s0505m.mul.xml	378	Sn 2.14	KN	Sn	5.2.14	(KN 5.26) Snp 2.14 Dhammika
romn/s0505m.mul.xml	407	Sn 3.1	KN	Sn	5.3.1	(KN 5.27) Snp 3.1 Pabbajjā
romn/s0505m.mul.xml	427	Sn 3.2	KN	Sn	5.3.2	(KN 5.28) Snp 3.2 Padhāna
romn/s0505m.mul.xml	452	Sn 3.3	KN	Sn	5.3.3	(KN 5.29) Snp 3.3 Subhāsita
romn/s0505m.mul.xml	457	Sn 3.4	KN	Sn	5.3.4	(KN 5.30) Snp 3.4 Sundarikabharadvaja (Pūraḷāsa )
romn/s0505m.mul.xml	491	Sn 3.5	KN	Sn	5.3.5	(KN 5.31) Snp 3.5 Mala (Māgha )
romn/s0505m.mul.xml	515	Sn 3.6	KN	Sn	5.3.6	(KN 5.32) Snp 3.6 Sabhiya
romn/s0505m.mul.xml	553	Sn 3.7	KN	Sn	5.3.7	(KN 5.33) Snp 3.7 Sela
romn/s0505m.mul.xml	579	Sn 3.8	KN	Sn	5.3.8	(KN 5.34) Snp 3.8 Salla
romn/s0505m.mul.xml	599	Sn 3.9	KN	Sn	5.3.9	(KN 5.35) Snp 3.9 Vāseṭṭha
romn/s0505m.mul.xml	662	Sn 3.10	KN	Sn	5.3.10	(KN 5.36) Snp 3.10 Kokālika
romn/s0505m.mul.xml	684	Sn 3.11	KN	Sn	5.3.11	(KN 5.37) Snp 3.11 Nālaka
romn/s0505m.mul.xml	729	Sn 3.12	KN	Sn	5.3.12	(KN 5.38) Snp 3.12 Dvayatānupassanā
romn/s0505m.mul.xml	772	Sn 4.1	KN	Sn	5.4.1	(KN 5.39) Snp 4.1 Kāma
romn/s0505m.mul.xml	778	Sn 4.2	KN	Sn	5.4.2	(KN 5.40) Snp 4.2 Guhaṭṭhaka
romn/s0505m.mul.xml	786	Sn 4.3	KN	Sn	5.4.3	(KN 5.41) Snp 4.3 Duṭṭhaṭṭhaka
romn/s0505m.mul.xml	794	Sn 4.4	KN	Sn	5.4.4	(KN 5.42) Snp 4.4 Suddhaṭṭhaka
romn/s0505m.mul.xml	802	Sn 4.5	KN	Sn	5.4.5	(KN 5.43) Snp 4.5 Paramaṭṭhaka
romn/s0505m.mul.xml	810	Sn 4.6	KN	Sn	5.4.6	(KN 5.44) Snp 4.6 Jarā
romn/s0505m.mul.xml	820	Sn 4.7	KN	Sn	5.4.7	(KN 5.45) Snp 4.7 Tissametteyya
romn/s0505m.mul.xml	830	Sn 4.8	KN	Sn	5.4.8	(KN 5.46) Snp 4.8 Pasūra
romn/s0505m.mul.xml	841	Sn 4.9	KN	Sn	5.4.9	(KN 5.47) Snp 4.9 Māgaṇḍiya
romn/s0505m.mul.xml	854	Sn 4.10	KN	Sn	5.4.10	(KN 5.48) Snp 4.10 Suribheda (Purābheda )
romn/s0505m.mul.xml	868	Sn 4.11	KN	Sn	5.4.11	(KN 5.49) Snp 4.11 Kalahavivāda
romn/s0505m.mul.xml	884	Sn 4.12	KN	Sn	5.4.12	(KN 5.50) Snp 4.12 Culaviyuha (Cūḷabyūha )
romn/s0505m.mul.xml	901	Sn 4.13	KN	Sn	5.4.13	(KN 5.51) Snp 4.13 Mahaviyuha (Mahābyūha )
romn/s0505m.mul.xml	921	Sn 4.14	KN	Sn	5.4.14	(KN 5.52) Snp 4.14 Tuvaṭaka
romn/s0505m.mul.xml	941	Sn 4.15	KN	Sn	5.4.15	(KN 5.53) Snp 4.15 Attadaṇḍa
romn/s0505m.mul.xml	961	Sn 4.16	KN	Sn	5.4.16	(KN 5.54) Snp 4.16 Sāriputta
romn/s0505m.mul.xml	976	Nidd II 1	KN	Nidd II		(Cnd 1) Nd 2 1 Vatthugāthā
romn/s0505m.mul.xml	982	Sn 5.1	KN	Sn	5.5.1	(KN 5.55) Snp 5.1 (Vatthugāthā )
romn/s0505m.mul.xml	1038	Sn 5.2	KN	Sn	5.5.2	(KN 5.56) Snp 5.2 Ajita (Ajitamāṇavapucchā )
romn/s0505m.mul.xml	1046	Sn 5.3	KN	Sn	5.5.3	(KN 5.57) Snp 5.3 Tissametetayya (Tissametteyyamāṇavapucchā )
romn/s0505m.mul.xml	1049	Sn 5.4	KN	Sn	5.5.4	(KN 5.58) Snp 5.4 Punnaka (Puṇṇakamāṇavapucchā )
romn/s0505m.mul.xml	1055	Sn 5.5	KN	Sn	5.5.5	(KN 5.59) Snp 5.5 Mettagu (Mettagūmāṇavapucchā )
romn/s0505m.mul.xml	1067	Sn 5.6	KN	Sn	5.5.6	(KN 5.60) Snp 5.6 Dhotuka (Dhotakamāṇavapucchā )
romn/s0505m.mul.xml	1075	Sn 5.7	KN	Sn	5.5.7	(KN 5.61) Snp 5.7 Upasiva (Upasīvamāṇavapucchā )
romn/s0505m.mul.xml	1083	Sn 5.8	KN	Sn	5.5.8	(KN 5.62) Snp 5.8 Nanda (Nandamāṇavapucchā )
romn/s0505m.mul.xml	1090	Sn 5.9	KN	Sn	5.5.9	(KN 5.63) Snp 5.9 Hemaka (Hemakamāṇavapucchā )
romn/s0505m.mul.xml	1094	Sn 5.10	KN	Sn	5.5.10	(KN 5.64) Snp 5.10 Todeyya (Todeyyamāṇavapucchā )
romn/s0505m.mul.xml	1098	Sn 5.11	KN	Sn	5.5.11	(KN 5.65) Snp 5.11 Kappa (Kappamāṇavapucchā )
romn/s0505m.mul.xml	1102	Sn 5.12	KN	Sn	5.5.12	(KN 5.66) Snp 5.12 Jatukanni (Jatukaṇṇimāṇavapucchā )
romn/s0505m.mul.xml	1107	Sn 5.13	KN	Sn	5.5.13	(KN 5.67) Snp 5.13 Bhadravudha (Bhadrāvudhamāṇavapucchā )
romn/s0505m.mul.xml	1111	Sn 5.14	KN	Sn	5.5.14	(KN 5.68) Snp 5.14 Udaya (Udayamāṇavapucchā )
romn/s0505m.mul.xml	1118	Sn 5.15	KN	Sn	5.5.15	(KN 5.69) Snp 5.15 Posala (Posālamāṇavapucchā )
romn/s0505m.mul.xml	1122	Sn 5.16	KN	Sn	5.5.16	(KN 5.70) Snp 5.16 Mogharaja (Mogharājamāṇavapucchā )
romn/s0505m.mul.xml	1126	Sn 5.17	KN	Sn	5.5.17	(KN 5.71) Snp 5.17 Pingiya (Piṅgiyamāṇavapucchā )
romn/s0505m.mul.xml	1130	Sn 5.18	KN	Sn	5.5.18	(KN 5.72) Snp 5.18 (Pārāyanatthutigāthā )
romn/s0505m.mul.xml	1137	Sn 5.19	KN	Sn	5.5.19	(KN 5.73) Snp 5.19 (Pārāyanānugītigāthā )
romn/s0506m.mul.xml	1	Vv 1	KN	Vv	6.1.1.1	(KN 6.1) Vv 1 Paṭhamapīṭhavimānavatthu
romn/s0506m.mul.xml	8	Vv 2	KN	Vv	6.1.1.2	(KN 6.2) Vv 2 Dutiyapīṭhavimānavatthu
romn/s0506m.mul.xml	15	Vv 3	KN	Vv	6.1.1.3	(KN 6.3) Vv 3 Tatiyapīṭhavimānavatthu
romn/s0506m.mul.xml	23	Vv 4	KN	Vv	6.1.1.4	(KN 6.4) Vv 4 Catutthapīṭhavimānavatthu
romn/s0506m.mul.xml	31	Vv 5	KN	Vv	6.1.1.5	(KN 6.5) Vv 5 Kuñjaravimānavatthu
romn/s0506m.mul.xml	43	Vv 6	KN	Vv	6.1.1.6	(KN 6.6) Vv 6 Paṭhamanāvāvimānavatthu
romn/s0506m.mul.xml	53	Vv 7	KN	Vv	6.1.1.7	(KN 6.7) Vv 7 Dutiyanāvāvimānavatthu
romn/s0506m.mul.xml	63	Vv 8	KN	Vv	6.1.1.8	(KN 6.8) Vv 8 Tatiyanāvāvimānavatthu
romn/s0506m.mul.xml	75	Vv 9	KN	Vv	6.1.1.9	(KN 6.9) Vv 9 Dīpavimānavatthu
romn/s0506m.mul.xml	85	Vv 10	KN	Vv	6.1.1.10	(KN 6.10) Vv 10 Tiladakkhiṇavimānavatthu
romn/s0506m.mul.xml	93	Vv 11	KN	Vv	6.1.1.11	(KN 6.11) Vv 11 Paṭhamapatibbatāvimānavatthu
romn/s0506m.mul.xml	101	Vv 12	KN	Vv	6.1.1.12	(KN 6.12) Vv 12 Dutiyapatibbatāvimānavatthu
romn/s0506m.mul.xml	108	Vv 13	KN	Vv	6.1.1.13	(KN 6.13) Vv 13 Paṭhamasuṇisāvimānavatthu
romn/s0506m.mul.xml	116	Vv 14	KN	Vv	6.1.1.14	(KN 6.14) Vv 14 Dutiyasuṇisāvimānavatthu
romn/s0506m.mul.xml	124	Vv 15	KN	Vv	6.1.1.15	(KN 6.15) Vv 15 Uttarāvimānavatthu
romn/s0506m.mul.xml	137	Vv 16	KN	Vv	6.1.1.16	(KN 6.16) Vv 16 Sirimāvimānavatthu
romn/s0506m.mul.xml	150	Vv 17	KN	Vv	6.1.1.17	(KN 6.17) Vv 17 Kesakārīvimānavatthu
romn/s0506m.mul.xml	157	Vv 18	KN	Vv	6.1.2.1	(KN 6.18) Vv 18 Dāsivimānavatthu
romn/s0506m.mul.xml	173	Vv 19	KN	Vv	6.1.2.2	(KN 6.19) Vv 19 Lakhumāvimānavatthu
romn/s0506m.mul.xml	185	Vv 20	KN	Vv	6.1.2.3	(KN 6.20) Vv 20 Ācāmadāyikāvimānavatthu
romn/s0506m.mul.xml	195	Vv 21	KN	Vv	6.1.2.4	(KN 6.21) Vv 21 Caṇḍālivimānavatthu
romn/s0506m.mul.xml	206	Vv 22	KN	Vv	6.1.2.5	(KN 6.22) Vv 22 Bhadditthivimānavatthu
romn/s0506m.mul.xml	217	Vv 23	KN	Vv	6.1.2.6	(KN 6.23) Vv 23 Soṇadinnāvimānavatthu
romn/s0506m.mul.xml	229	Vv 24	KN	Vv	6.1.2.7	(KN 6.24) Vv 24 Uposathāvimānavatthu
romn/s0506m.mul.xml	246	Vv 25	KN	Vv	6.1.2.8	(KN 6.25) Vv 25 Niddāvimānavatthu
romn/s0506m.mul.xml	258	Vv 26	KN	Vv	6.1.2.9	(KN 6.26) Vv 26 Suniddāvimānavatthu
romn/s0506m.mul.xml	270	Vv 27	KN	Vv	6.1.2.10	(KN 6.27) Vv 27 Paṭhamabhikkhādāyikāvimānavatthu
romn/s0506m.mul.xml	278	Vv 28	KN	Vv	6.1.2.11	(KN 6.28) Vv 28 Dutiyabhikkhādāyikāvimānavatthu
romn/s0506m.mul.xml	286	Vv 29	KN	Vv	6.1.3.1	(KN 6.29) Vv 29 Uḷāravimānavatthu
romn/s0506m.mul.xml	296	Vv 30	KN	Vv	6.1.3.2	(KN 6.30) Vv 30 Ucchudāyikāvimānavatthu
romn/s0506m.mul.xml	307	Vv 31	KN	Vv	6.1.3.3	(KN 6.31) Vv 31 Pallaṅkavimānavatthu
romn/s0506m.mul.xml	316	Vv 32	KN	Vv	6.1.3.4	(KN 6.32) Vv 32 Latāvimānavatthu
romn/s0506m.mul.xml	327	Vv 33	KN	Vv	6.1.3.5	(KN 6.33) Vv 33 Guttilavimānavatthu
romn/s0506m.mul.xml	619	Vv 34	KN	Vv	6.1.3.6	(KN 6.34) Vv 34 Daddallavimānavatthu
romn/s0506m.mul.xml	646	Vv 35	KN	Vv	6.1.3.7	(KN 6.35) Vv 35 Pesavatīvimānavatthu
romn/s0506m.mul.xml	658	Vv 36	KN	Vv	6.1.3.8	(KN 6.36) Vv 36 Mallikāvimānavatthu
romn/s0506m.mul.xml	666	Vv 37	KN	Vv	6.1.3.9	(KN 6.37) Vv 37 Visālakkhivimānavatthu
romn/s0506m.mul.xml	680	Vv 38	KN	Vv	6.1.3.10	(KN 6.38) Vv 38 Pāricchattakavimānavatthu
romn/s0506m.mul.xml	689	Vv 39	KN	Vv	6.1.4.1	(KN 6.39) Vv 39 Mañjiṭṭhakavimānavatthu
romn/s0506m.mul.xml	697	Vv 40	KN	Vv	6.1.4.2	(KN 6.40) Vv 40 Pabhassaravimānavatthu
romn/s0506m.mul.xml	705	Vv 41	KN	Vv	6.1.4.3	(KN 6.41) Vv 41 Nāgavimānavatthu
romn/s0506m.mul.xml	711	Vv 42	KN	Vv	6.1.4.4	(KN 6.42) Vv 42 Alomavimānavatthu
romn/s0506m.mul.xml	719	Vv 43	KN	Vv	6.1.4.5	(KN 6.43) Vv 43 Kañjikadāyikāvimānavatthu
romn/s0506m.mul.xml	729	Vv 44	KN	Vv	6.1.4.6	(KN 6.44) Vv 44 Vihāravimānavatthu
romn/s0506m.mul.xml	755	Vv 45	KN	Vv	6.1.4.7	(KN 6.45) Vv 45 Caturitthivimānavatthu
romn/s0506m.mul.xml	783	Vv 46	KN	Vv	6.1.4.8	(KN 6.46) Vv 46 Ambavimānavatthu
romn/s0506m.mul.xml	795	Vv 47	KN	Vv	6.1.4.9	(KN 6.47) Vv 47 Pītavimānavatthu
romn/s0506m.mul.xml	808	Vv 48	KN	Vv	6.1.4.10	(KN 6.48) Vv 48 Ucchuvimānavatthu
romn/s0506m.mul.xml	819	Vv 49	KN	Vv	6.1.4.11	(KN 6.49) Vv 49 Vandanavimānavatthu
romn/s0506m.mul.xml	826	Vv 50	KN	Vv	6.1.4.12	(KN 6.50) Vv 50 Rajjumālāvimānavatthu
romn/s0506m.mul.xml	857	Vv 51	KN	Vv	6.2.5.1	(KN 6.51) Vv 51 Maṇḍūkadevaputtavimānavatthu
romn/s0506m.mul.xml	861	Vv 52	KN	Vv	6.2.5.2	(KN 6.52) Vv 52 Revatīvimānavatthu
romn/s0506m.mul.xml	886	Vv 53	KN	Vv	6.2.5.3	(KN 6.53) Vv 53 Chattamāṇavakavimānavatthu
romn/s0506m.mul.xml	910	Vv 54	KN	Vv	6.2.5.4	(KN 6.54) Vv 54 Kakkaṭakarasadāyakavimānavatthu
romn/s0506m.mul.xml	918	Vv 55	KN	Vv	6.2.5.5	(KN 6.55) Vv 55 Dvārapālavimānavatthu
romn/s0506m.mul.xml	926	Vv 56	KN	Vv	6.2.5.6	(KN 6.56) Vv 56 Paṭhamakaraṇīyavimānavatthu
romn/s0506m.mul.xml	935	Vv 57	KN	Vv	6.2.5.7	(KN 6.57) Vv 57 Dutiyakaraṇīyavimānavatthu
romn/s0506m.mul.xml	944	Vv 58	KN	Vv	6.2.5.8	(KN 6.58) Vv 58 Paṭhamasūcivimānavatthu
romn/s0506m.mul.xml	952	Vv 59	KN	Vv	6.2.5.9	(KN 6.59) Vv 59 Dutiyasūcivimānavatthu
romn/s0506m.mul.xml	961	Vv 60	KN	Vv	6.2.5.10	(KN 6.60) Vv 60 Paṭhamanāgavimānavatthu
romn/s0506m.mul.xml	968	Vv 61	KN	Vv	6.2.5.11	(KN 6.61) Vv 61 Dutiyanāgavimānavatthu
romn/s0506m.mul.xml	976	Vv 62	KN	Vv	6.2.5.12	(KN 6.62) Vv 62 Tatiyanāgavimānavatthu
romn/s0506m.mul.xml	981	Vv 63	KN	Vv	6.2.5.13	(KN 6.63) Vv 63 Cūḷarathavimānavatthu
romn/s0506m.mul.xml	1015	Vv 64	KN	Vv	6.2.5.14	(KN 6.64) Vv 64 Mahārathavimānavatthu
romn/s0506m.mul.xml	1048	Vv 65	KN	Vv	6.2.6.1	(KN 6.65) Vv 65 Paṭhamaagāriyavimānavatthu
romn/s0506m.mul.xml	1054	Vv 66	KN	Vv	6.2.6.2	(KN 6.66) Vv 66 Dutiyaagāriyavimānavatthu
romn/s0506m.mul.xml	1060	Vv 67	KN	Vv	6.2.6.3	(KN 6.67) Vv 67 Phaladāyakavimānavatthu
romn/s0506m.mul.xml	1069	Vv 68	KN	Vv	6.2.6.4	(KN 6.68) Vv 68 Paṭhamaupassayadāyakavimānavatthu
romn/s0506m.mul.xml	1075	Vv 69	KN	Vv	6.2.6.5	(KN 6.69) Vv 69 Dutiyaupassayadāyakavimānavatthu
romn/s0506m.mul.xml	1081	Vv 70	KN	Vv	6.2.6.6	(KN 6.70) Vv 70 Bhikkhādāyakavimānavatthu
romn/s0506m.mul.xml	1087	Vv 71	KN	Vv	6.2.6.7	(KN 6.71) Vv 71 Yavapālakavimānavatthu
romn/s0506m.mul.xml	1094	Vv 72	KN	Vv	6.2.6.8	(KN 6.72) Vv 72 Paṭhamakuṇḍalīvimānavatthu
romn/s0506m.mul.xml	1101	Vv 73	KN	Vv	6.2.6.9	(KN 6.73) Vv 73 Dutiyakuṇḍalīvimānavatthu
romn/s0506m.mul.xml	1108	Vv 74	KN	Vv	6.2.6.10	(KN 6.74) Vv 74 Pāyāsivimānavatthu (Uttara )
romn/s0506m.mul.xml	1114	Vv 75	KN	Vv	6.2.7.1	(KN 6.75) Vv 75 Cittalatāvimānavatthu
romn/s0506m.mul.xml	1120	Vv 76	KN	Vv	6.2.7.2	(KN 6.76) Vv 76 Nandanavimānavatthu
romn/s0506m.mul.xml	1126	Vv 77	KN	Vv	6.2.7.3	(KN 6.77) Vv 77 Maṇithūṇavimānavatthu
romn/s0506m.mul.xml	1134	Vv 78	KN	Vv	6.2.7.4	(KN 6.78) Vv 78 Suvaṇṇavimānavatthu
romn/s0506m.mul.xml	1146	Vv 79	KN	Vv	6.2.7.5	(KN 6.79) Vv 79 Ambavimānavatthu
romn/s0506m.mul.xml	1159	Vv 80	KN	Vv	6.2.7.6	(KN 6.80) Vv 80 Gopālavimānavatthu
romn/s0506m.mul.xml	1171	Vv 81	KN	Vv	6.2.7.7	(KN 6.81) Vv 81 Kaṇḍakavimānavatthu
romn/s0506m.mul.xml	1199	Vv 82	KN	Vv	6.2.7.8	(KN 6.82) Vv 82 Anekavaṇṇavimānavatthu
romn/s0506m.mul.xml	1207	Vv 83	KN	Vv	6.2.7.9	(KN 6.83) Vv 83 Maṭṭhakuṇḍalīvimānavatthu
romn/s0506m.mul.xml	1228	Vv 84	KN	Vv	6.2.7.10	(KN 6.84) Vv 84 Serīsakavimānavatthu
romn/s0506m.mul.xml	1282	Vv 85	KN	Vv	6.2.7.11	(KN 6.85) Vv 85 Sunikkhittavimānavatthu
romn/s0507m.mul.xml	1	Pv 1	KN	Pv	7.1.1	(KN 7.1) Pv 1 Khettūpamapetavatthu
romn/s0507m.mul.xml	4	Pv 2	KN	Pv	7.1.2	(KN 7.2) Pv 2 Sūkaramukhapetavatthu
romn/s0507m.mul.xml	7	Pv 3	KN	Pv	7.1.3	(KN 7.3) Pv 3 Pūtimukhapetavatthu
romn/s0507m.mul.xml	10	Pv 4	KN	Pv	7.1.4	(KN 7.4) Pv 4 Piṭṭhadhītalikapetavatthu
romn/s0507m.mul.xml	14	Pv 5	KN	Pv	7.1.5	(KN 7.5) Pv 5 Tirokuṭṭapetavatthu
romn/s0507m.mul.xml	26	Pv 6	KN	Pv	7.1.6	(KN 7.6) Pv 6 Pañcaputtakhādapetivatthu
romn/s0507m.mul.xml	35	Pv 7	KN	Pv	7.1.7	(KN 7.7) Pv 7 Sattaputtakhādapetivatthu
romn/s0507m.mul.xml	46	Pv 8	KN	Pv	7.1.8	(KN 7.8) Pv 8 Goṇapetavatthu
romn/s0507m.mul.xml	54	Pv 9	KN	Pv	7.1.9	(KN 7.9) Pv 9 Mahāpesakārapetivatthu
romn/s0507m.mul.xml	58	Pv 10	KN	Pv	7.1.10	(KN 7.10) Pv 10 Khallāṭiyapetivatthu
romn/s0507m.mul.xml	73	Pv 11	KN	Pv	7.1.11	(KN 7.11) Pv 11 Nāgapetavatthu
romn/s0507m.mul.xml	85	Pv 12	KN	Pv	7.1.12	(KN 7.12) Pv 12 Uragapetavatthu
romn/s0507m.mul.xml	95	Pv 13	KN	Pv	7.2.1	(KN 7.13) Pv 13 Saṁsāramocakapetivatthu
romn/s0507m.mul.xml	116	Pv 14	KN	Pv	7.2.2	(KN 7.14) Pv 14 Sāriputtattheramātupetivatthu
romn/s0507m.mul.xml	134	Pv 15	KN	Pv	7.2.3	(KN 7.15) Pv 15 Mattāpetivatthu
romn/s0507m.mul.xml	168	Pv 16	KN	Pv	7.2.4	(KN 7.16) Pv 16 Nandāpetivatthu
romn/s0507m.mul.xml	186	Pv 17	KN	Pv	7.2.5	(KN 7.17) Pv 17 Maṭṭhakuṇḍalīpetavatthu
romn/s0507m.mul.xml	207	Pv 18	KN	Pv	7.2.6	(KN 7.18) Pv 18 Kaṇhapetavatthu
romn/s0507m.mul.xml	227	Pv 19	KN	Pv	7.2.7	(KN 7.19) Pv 19 Dhanapālaseṭṭhipetavatthu
romn/s0507m.mul.xml	246	Pv 20	KN	Pv	7.2.8	(KN 7.20) Pv 20 Cūḷaseṭṭhipetavatthu
romn/s0507m.mul.xml	257	Pv 21	KN	Pv	7.2.9	(KN 7.21) Pv 21 Aṅkurapetavatthu
romn/s0507m.mul.xml	331	Pv 22	KN	Pv	7.2.10	(KN 7.22) Pv 22 Uttaramātupetivatthu
romn/s0507m.mul.xml	341	Pv 23	KN	Pv	7.2.11	(KN 7.23) Pv 23 Suttapetavatthu
romn/s0507m.mul.xml	348	Pv 24	KN	Pv	7.2.12	(KN 7.24) Pv 24 Kaṇṇamuṇḍapetivatthu
romn/s0507m.mul.xml	368	Pv 25	KN	Pv	7.2.13	(KN 7.25) Pv 25 Ubbaripetavatthu
romn/s0507m.mul.xml	387	Pv 26	KN	Pv	7.3.1	(KN 7.26) Pv 26 Abhijjamānapetavatthu
romn/s0507m.mul.xml	408	Pv 27	KN	Pv	7.3.2	(KN 7.27) Pv 27 Sāṇavāsītherapetavatthu
romn/s0507m.mul.xml	439	Pv 28	KN	Pv	7.3.3	(KN 7.28) Pv 28 Rathakārapetivatthu
romn/s0507m.mul.xml	447	Pv 29	KN	Pv	7.3.4	(KN 7.29) Pv 29 Bhusapetavatthu
romn/s0507m.mul.xml	453	Pv 30	KN	Pv	7.3.5	(KN 7.30) Pv 30 Kumārapetavatthu
romn/s0507m.mul.xml	464	Pv 31	KN	Pv	7.3.6	(KN 7.31) Pv 31 Seriṇīpetivatthu
romn/s0507m.mul.xml	478	Pv 32	KN	Pv	7.3.7	(KN 7.32) Pv 32 Migaluddakapetavatthu
romn/s0507m.mul.xml	488	Pv 33	KN	Pv	7.3.8	(KN 7.33) Pv 33 Dutiyamigaluddakapetavatthu
romn/s0507m.mul.xml	499	Pv 34	KN	Pv	7.3.9	(KN 7.34) Pv 34 Kūṭavinicchayikapetavatthu
romn/s0507m.mul.xml	507	Pv 35	KN	Pv	7.3.10	(KN 7.35) Pv 35 Dhātuvivaṇṇapetavatthu
romn/s0507m.mul.xml	517	Pv 36	KN	Pv	7.4.1	(KN 7.36) Pv 36 Ambasakkarapetavatthu
romn/s0507m.mul.xml	604	Pv 37	KN	Pv	7.4.2	(KN 7.37) Pv 37 Serīsakapetavatthu
romn/s0507m.mul.xml	658	Pv 38	KN	Pv	7.4.3	(KN 7.38) Pv 38 Nandakapetavatthu
romn/s0507m.mul.xml	714	Pv 39	KN	Pv	7.4.4	(KN 7.39) Pv 39 Revatīpetavatthu
romn/s0507m.mul.xml	737	Pv 40	KN	Pv	7.4.5	(KN 7.40) Pv 40 Ucchupetavatthu
romn/s0507m.mul.xml	746	Pv 41	KN	Pv	7.4.6	(KN 7.41) Pv 41 Kumārapetavatthu
romn/s0507m.mul.xml	753	Pv 42	KN	Pv	7.4.7	(KN 7.42) Pv 42 Rājaputtapetavatthu
romn/s0507m.mul.xml	766	Pv 43	KN	Pv	7.4.8	(KN 7.43) Pv 43 Gūthakhādakapetavatthu
romn/s0507m.mul.xml	774	Pv 44	KN	Pv	7.4.9	(KN 7.44) Pv 44 Gūthakhādakapetivatthu
romn/s0507m.mul.xml	782	Pv 45	KN	Pv	7.4.10	(KN 7.45) Pv 45 Gaṇapetavatthu
romn/s0507m.mul.xml	793	Pv 46	KN	Pv	7.4.11	(KN 7.46) Pv 46 Pāṭaliputtapetavatthu
romn/s0507m.mul.xml	796	Pv 47	KN	Pv	7.4.12	(KN 7.47) Pv 47 Ambavanapetavatthu
romn/s0507m.mul.xml	800	Pv 48	KN	Pv	7.4.13	(KN 7.48) Pv 48 Akkharukkhapetavatthu
romn/s0507m.mul.xml	801	Pv 49	KN	Pv	7.4.14	(KN 7.49) Pv 49 Bhogasaṁharaṇapetavatthu
romn/s0507m.mul.xml	802	Pv 50	KN	Pv	7.4.15	(KN 7.50) Pv 50 Seṭṭhiputtapetavatthu
romn/s0507m.mul.xml	806	Pv 51	KN	Pv	7.4.16	(KN 7.51) Pv 51 Saṭṭhikūṭapetavatthu
romn/s0508m.mul.xml	1	Th 1	KN	Th	8.1.1.1	(KN 8.1) Thag 1.1 Subhūti
romn/s0508m.mul.xml	2	Th 2	KN	Th	8.1.1.2	(KN 8.2) Thag 1.2 MahāKoṭṭhika
romn/s0508m.mul.xml	3	Th 3	KN	Th	8.1.1.3	(KN 8.3) Thag 1.3 KañkhāRevata
romn/s0508m.mul.xml	4	Th 4	KN	Th	8.1.1.4	(KN 8.4) Thag 1.4 PuṇṇoMantāputta (Puṇṇa )
romn/s0508m.mul.xml	5	Th 5	KN	Th	8.1.1.5	(KN 8.5) Thag 1.5 Dabba
romn/s0508m.mul.xml	6	Th 6	KN	Th	8.1.1.6	(KN 8.6) Thag 1.6 Sītavaniya
romn/s0508m.mul.xml	7	Th 7	KN	Th	8.1.1.7	(KN 8.7) Thag 1.7 Balliya
romn/s0508m.mul.xml	8	Th 8	KN	Th	8.1.1.8	(KN 8.8) Thag 1.8 Vīra
romn/s0508m.mul.xml	9	Th 9	KN	Th	8.1.1.9	(KN 8.9) Thag 1.9 PilindaVaccha
romn/s0508m.mul.xml	10	Th 10	KN	Th	8.1.1.10	(KN 8.10) Thag 1.10 Puṇṇamāsa
romn/s0508m.mul.xml	11	Th 11	KN	Th	8.1.2.1	(KN 8.11) Thag 1.11 CūlaGavaccha (Cūḷavaccha)
romn/s0508m.mul.xml	12	Th 12	KN	Th	8.1.2.2	(KN 8.12) Thag 1.12 MahāGavaccha (Mahāvaccha)
romn/s0508m.mul.xml	13	Th 13	KN	Th	8.1.2.3	(KN 8.13) Thag 1.13 Vanavaccha
romn/s0508m.mul.xml	14	Th 14	KN	Th	8.1.2.4	(KN 8.14) Thag 1.14 Vanavacchassatherassasāmaṇera (Sivakasāmaṇera )
romn/s0508m.mul.xml	15	Th 15	KN	Th	8.1.2.5	(KN 8.15) Thag 1.15 Kuṇḍadhāna
romn/s0508m.mul.xml	16	Th 16	KN	Th	8.1.2.6	(KN 8.16) Thag 1.16 Belaṭṭhasīsa
romn/s0508m.mul.xml	17	Th 17	KN	Th	8.1.2.7	(KN 8.17) Thag 1.17 Dāsaka
romn/s0508m.mul.xml	18	Th 18	KN	Th	8.1.2.8	(KN 8.18) Thag 1.18 Siṅgālapitā
romn/s0508m.mul.xml	19	Th 19	KN	Th	8.1.2.9	(KN 8.19) Thag 1.19 Kuḷa
romn/s0508m.mul.xml	20	Th 20	KN	Th	8.1.2.10	(KN 8.20) Thag 1.20 Ajita
romn/s0508m.mul.xml	21	Th 21	KN	Th	8.1.3.1	(KN 8.21) Thag 1.21 Nigrodha
romn/s0508m.mul.xml	22	Th 22	KN	Th	8.1.3.2	(KN 8.22) Thag 1.22 Cittaka
romn/s0508m.mul.xml	23	Th 23	KN	Th	8.1.3.3	(KN 8.23) Thag 1.23 Vodāla (Gosāla)
romn/s0508m.mul.xml	24	Th 24	KN	Th	8.1.3.4	(KN 8.24) Thag 1.24 Sugandha
romn/s0508m.mul.xml	25	Th 25	KN	Th	8.1.3.5	(KN 8.25) Thag 1.25 Nandiya
romn/s0508m.mul.xml	26	Th 26	KN	Th	8.1.3.6	(KN 8.26) Thag 1.26 Abhaya
romn/s0508m.mul.xml	27	Th 27	KN	Th	8.1.3.7	(KN 8.27) Thag 1.27 Lomasakaṅgiya
romn/s0508m.mul.xml	28	Th 28	KN	Th	8.1.3.8	(KN 8.28) Thag 1.28 Jambugāmikaputta
romn/s0508m.mul.xml	29	Th 29	KN	Th	8.1.3.9	(KN 8.29) Thag 1.29 Hārita
romn/s0508m.mul.xml	30	Th 30	KN	Th	8.1.3.10	(KN 8.30) Thag 1.30 Uttiya
romn/s0508m.mul.xml	31	Th 31	KN	Th	8.1.4.1	(KN 8.31) Thag 1.31 Gahvaratīriya
romn/s0508m.mul.xml	32	Th 32	KN	Th	8.1.4.2	(KN 8.32) Thag 1.32 Suppiya
romn/s0508m.mul.xml	33	Th 33	KN	Th	8.1.4.3	(KN 8.33) Thag 1.33 Sopāka
romn/s0508m.mul.xml	34	Th 34	KN	Th	8.1.4.4	(KN 8.34) Thag 1.34 Posiya
romn/s0508m.mul.xml	35	Th 35	KN	Th	8.1.4.5	(KN 8.35) Thag 1.35 Sāmaññakāni
romn/s0508m.mul.xml	36	Th 36	KN	Th	8.1.4.6	(KN 8.36) Thag 1.36 Kumāputta
romn/s0508m.mul.xml	37	Th 37	KN	Th	8.1.4.7	(KN 8.37) Thag 1.37 Kumāputtassatherassasahāyaka (Kumāputtasahāyaka)
romn/s0508m.mul.xml	38	Th 38	KN	Th	8.1.4.8	(KN 8.38) Thag 1.38 Gavampati
romn/s0508m.mul.xml	39	Th 39	KN	Th	8.1.4.9	(KN 8.39) Thag 1.39 Tissa
romn/s0508m.mul.xml	40	Th 40	KN	Th	8.1.4.10	(KN 8.40) Thag 1.40 Vaḍḍhamāna
romn/s0508m.mul.xml	41	Th 41	KN	Th	8.1.5.1	(KN 8.41) Thag 1.41 Sirivaḍḍha
romn/s0508m.mul.xml	42	Th 42	KN	Th	8.1.5.2	(KN 8.42) Thag 1.42 Khadiravaniya
romn/s0508m.mul.xml	43	Th 43	KN	Th	8.1.5.3	(KN 8.43) Thag 1.43 Sumaṅgala
romn/s0508m.mul.xml	44	Th 44	KN	Th	8.1.5.4	(KN 8.44) Thag 1.44 Sānu
romn/s0508m.mul.xml	45	Th 45	KN	Th	8.1.5.5	(KN 8.45) Thag 1.45 Ramaṇīyavihārī
romn/s0508m.mul.xml	46	Th 46	KN	Th	8.1.5.6	(KN 8.46) Thag 1.46 Samiddhi
romn/s0508m.mul.xml	47	Th 47	KN	Th	8.1.5.7	(KN 8.47) Thag 1.47 Ujjaya
romn/s0508m.mul.xml	48	Th 48	KN	Th	8.1.5.8	(KN 8.48) Thag 1.48 Sañjaya
romn/s0508m.mul.xml	49	Th 49	KN	Th	8.1.5.9	(KN 8.49) Thag 1.49 Rāmaṇeyyaka
romn/s0508m.mul.xml	50	Th 50	KN	Th	8.1.5.10	(KN 8.50) Thag 1.50 Vimala
romn/s0508m.mul.xml	51	Th 51	KN	Th	8.1.6.1	(KN 8.51) Thag 1.51 Godhika
romn/s0508m.mul.xml	52	Th 52	KN	Th	8.1.6.2	(KN 8.52) Thag 1.52 Subāhu
romn/s0508m.mul.xml	53	Th 53	KN	Th	8.1.6.3	(KN 8.53) Thag 1.53 Valliya
romn/s0508m.mul.xml	54	Th 54	KN	Th	8.1.6.4	(KN 8.54) Thag 1.54 Uttiya (2)
romn/s0508m.mul.xml	55	Th 55	KN	Th	8.1.6.5	(KN 8.55) Thag 1.55 Añjanāvaniya
romn/s0508m.mul.xml	56	Th 56	KN	Th	8.1.6.6	(KN 8.56) Thag 1.56 Kuṭivihārī
romn/s0508m.mul.xml	57	Th 57	KN	Th	8.1.6.7	(KN 8.57) Thag 1.57 Kuṭivihārī (2)
romn/s0508m.mul.xml	58	Th 58	KN	Th	8.1.6.8	(KN 8.58) Thag 1.58 Ramaṇīyakuṭika
romn/s0508m.mul.xml	59	Th 59	KN	Th	8.1.6.9	(KN 8.59) Thag 1.59 Kosallavihārī
romn/s0508m.mul.xml	60	Th 60	KN	Th	8.1.6.10	(KN 8.60) Thag 1.60 Sīvali
romn/s0508m.mul.xml	61	Th 61	KN	Th	8.1.7.1	(KN 8.61) Thag 1.61 Vappa
romn/s0508m.mul.xml	62	Th 62	KN	Th	8.1.7.2	(KN 8.62) Thag 1.62 Vajjiputta
romn/s0508m.mul.xml	63	Th 63	KN	Th	8.1.7.3	(KN 8.63) Thag 1.63 Pakkha
romn/s0508m.mul.xml	64	Th 64	KN	Th	8.1.7.4	(KN 8.64) Thag 1.64 Vimalakoṇḍañña
romn/s0508m.mul.xml	65	Th 65	KN	Th	8.1.7.5	(KN 8.65) Thag 1.65 Ukkhepakatavacchava
romn/s0508m.mul.xml	66	Th 66	KN	Th	8.1.7.6	(KN 8.66) Thag 1.66 Meghiya
romn/s0508m.mul.xml	67	Th 67	KN	Th	8.1.7.7	(KN 8.67) Thag 1.67 Ekadhammasavanīya
romn/s0508m.mul.xml	68	Th 68	KN	Th	8.1.7.8	(KN 8.68) Thag 1.68 Ekuddāniya
romn/s0508m.mul.xml	69	Th 69	KN	Th	8.1.7.9	(KN 8.69) Thag 1.69 Channa
romn/s0508m.mul.xml	70	Th 70	KN	Th	8.1.7.10	(KN 8.70) Thag 1.70 Puṇṇa (2)
romn/s0508m.mul.xml	71	Th 71	KN	Th	8.1.8.1	(KN 8.71) Thag 1.71 Vacchapāla
romn/s0508m.mul.xml	72	Th 72	KN	Th	8.1.8.2	(KN 8.72) Thag 1.72 Ātuma
romn/s0508m.mul.xml	73	Th 73	KN	Th	8.1.8.3	(KN 8.73) Thag 1.73 Māṇava
romn/s0508m.mul.xml	74	Th 74	KN	Th	8.1.8.4	(KN 8.74) Thag 1.74 Suyāmana
romn/s0508m.mul.xml	75	Th 75	KN	Th	8.1.8.5	(KN 8.75) Thag 1.75 Susārada
romn/s0508m.mul.xml	76	Th 76	KN	Th	8.1.8.6	(KN 8.76) Thag 1.76 Piyañjaha
romn/s0508m.mul.xml	77	Th 77	KN	Th	8.1.8.7	(KN 8.77) Thag 1.77 Hatthārohaputta
romn/s0508m.mul.xml	78	Th 78	KN	Th	8.1.8.8	(KN 8.78) Thag 1.78 Meṇḍasira
romn/s0508m.mul.xml	79	Th 79	KN	Th	8.1.8.9	(KN 8.79) Thag 1.79 Rakkhita
romn/s0508m.mul.xml	80	Th 80	KN	Th	8.1.8.10	(KN 8.80) Thag 1.80 Ugga
romn/s0508m.mul.xml	81	Th 81	KN	Th	8.1.9.1	(KN 8.81) Thag 1.81 Samitigutta
romn/s0508m.mul.xml	82	Th 82	KN	Th	8.1.9.2	(KN 8.82) Thag 1.82 Kassapa
romn/s0508m.mul.xml	83	Th 83	KN	Th	8.1.9.3	(KN 8.83) Thag 1.83 Sīha
romn/s0508m.mul.xml	84	Th 84	KN	Th	8.1.9.4	(KN 8.84) Thag 1.84 Nīta
romn/s0508m.mul.xml	85	Th 85	KN	Th	8.1.9.5	(KN 8.85) Thag 1.85 Sunāga
romn/s0508m.mul.xml	86	Th 86	KN	Th	8.1.9.6	(KN 8.86) Thag 1.86 Nāgita
romn/s0508m.mul.xml	87	Th 87	KN	Th	8.1.9.7	(KN 8.87) Thag 1.87 Paviṭṭha
romn/s0508m.mul.xml	88	Th 88	KN	Th	8.1.9.8	(KN 8.88) Thag 1.88 Ajjuna
romn/s0508m.mul.xml	89	Th 89	KN	Th	8.1.9.9	(KN 8.89) Thag 1.89 Devasabha
romn/s0508m.mul.xml	90	Th 90	KN	Th	8.1.9.10	(KN 8.90) Thag 1.90 Sāmidatta
romn/s0508m.mul.xml	91	Th 91	KN	Th	8.1.10.1	(KN 8.91) Thag 1.91 Paripuṇṇaka
romn/s0508m.mul.xml	92	Th 92	KN	Th	8.1.10.2	(KN 8.92) Thag 1.92 Vajaya
romn/s0508m.mul.xml	93	Th 93	KN	Th	8.1.10.3	(KN 8.93) Thag 1.93 Eraka
romn/s0508m.mul.xml	94	Th 94	KN	Th	8.1.10.4	(KN 8.94) Thag 1.94 Mettaji
romn/s0508m.mul.xml	95	Th 95	KN	Th	8.1.10.5	(KN 8.95) Thag 1.95 Cakkhupāla
romn/s0508m.mul.xml	96	Th 96	KN	Th	8.1.10.6	(KN 8.96) Thag 1.96 Khaṇḍasumana
romn/s0508m.mul.xml	97	Th 97	KN	Th	8.1.10.7	(KN 8.97) Thag 1.97 Tissa (2)
romn/s0508m.mul.xml	98	Th 98	KN	Th	8.1.10.8	(KN 8.98) Thag 1.98 Abhaya
romn/s0508m.mul.xml	99	Th 99	KN	Th	8.1.10.9	(KN 8.99) Thag 1.99 Uttiya (3)
romn/s0508m.mul.xml	100	Th 100	KN	Th	8.1.10.10	(KN 8.100) Thag 1.100 Devasabha (2)
romn/s0508m.mul.xml	101	Th 101	KN	Th	8.1.11.1	(KN 8.101) Thag 1.101 Belaṭṭhakāni (Belaṭṭhānika)
romn/s0508m.mul.xml	102	Th 102	KN	Th	8.1.11.2	(KN 8.102) Thag 1.102 Setuccha
romn/s0508m.mul.xml	103	Th 103	KN	Th	8.1.11.3	(KN 8.103) Thag 1.103 Bandhura
romn/s0508m.mul.xml	104	Th 104	KN	Th	8.1.11.4	(KN 8.104) Thag 1.104 Khitaka
romn/s0508m.mul.xml	105	Th 105	KN	Th	8.1.11.5	(KN 8.105) Thag 1.105 Malitavambha
romn/s0508m.mul.xml	106	Th 106	KN	Th	8.1.11.6	(KN 8.106) Thag 1.106 Suhemanta
romn/s0508m.mul.xml	107	Th 107	KN	Th	8.1.11.7	(KN 8.107) Thag 1.107 Dhammasava
romn/s0508m.mul.xml	108	Th 108	KN	Th	8.1.11.8	(KN 8.108) Thag 1.108 Dhammasavapitu
romn/s0508m.mul.xml	109	Th 109	KN	Th	8.1.11.9	(KN 8.109) Thag 1.109 Saṃgharakkhita
romn/s0508m.mul.xml	110	Th 110	KN	Th	8.1.11.10	(KN 8.110) Thag 1.110 Usabha
romn/s0508m.mul.xml	111	Th 111	KN	Th	8.1.12.1	(KN 8.111) Thag 1.111 Jenta
romn/s0508m.mul.xml	112	Th 112	KN	Th	8.1.12.2	(KN 8.112) Thag 1.112 Vacchagotta
romn/s0508m.mul.xml	113	Th 113	KN	Th	8.1.12.3	(KN 8.113) Thag 1.113 Vanavaccha (2)
romn/s0508m.mul.xml	114	Th 114	KN	Th	8.1.12.4	(KN 8.114) Thag 1.114 Adhimutta
romn/s0508m.mul.xml	115	Th 115	KN	Th	8.1.12.5	(KN 8.115) Thag 1.115 Mahanāma
romn/s0508m.mul.xml	116	Th 116	KN	Th	8.1.12.6	(KN 8.116) Thag 1.116 Pārāpariya
romn/s0508m.mul.xml	117	Th 117	KN	Th	8.1.12.7	(KN 8.117) Thag 1.117 Yassa (Yasa)
romn/s0508m.mul.xml	118	Th 118	KN	Th	8.1.12.8	(KN 8.118) Thag 1.118 Kimbila
romn/s0508m.mul.xml	119	Th 119	KN	Th	8.1.12.9	(KN 8.119) Thag 1.119 Vajjiputta (2)
romn/s0508m.mul.xml	120	Th 120	KN	Th	8.1.12.10	(KN 8.120) Thag 1.120 Isidatta
romn/s0508m.mul.xml	121	Th 121-122	KN	Th	8.2.1.1	(KN 8.121) Thag 2.1 Uttara
romn/s0508m.mul.xml	123	Th 123-124	KN	Th	8.2.1.2	(KN 8.122) Thag 2.2 Piṇḍolabhāradvāja
romn/s0508m.mul.xml	125	Th 125-126	KN	Th	8.2.1.3	(KN 8.123) Thag 2.3 Valliya (2)
romn/s0508m.mul.xml	127	Th 127-128	KN	Th	8.2.1.4	(KN 8.124) Thag 2.4 Gaṅgātīriya
romn/s0508m.mul.xml	129	Th 129-130	KN	Th	8.2.1.5	(KN 8.125) Thag 2.5 Ajina
romn/s0508m.mul.xml	131	Th 131-132	KN	Th	8.2.1.6	(KN 8.126) Thag 2.6 Meḷajina
romn/s0508m.mul.xml	133	Th 133-134	KN	Th	8.2.1.7	(KN 8.127) Thag 2.7 Rādha
romn/s0508m.mul.xml	135	Th 135-136	KN	Th	8.2.1.8	(KN 8.128) Thag 2.8 Surādha
romn/s0508m.mul.xml	137	Th 137-138	KN	Th	8.2.1.9	(KN 8.129) Thag 2.9 Gotama
romn/s0508m.mul.xml	139	Th 139-140	KN	Th	8.2.1.10	(KN 8.130) Thag 2.10 Vasabha
romn/s0508m.mul.xml	141	Th 141-142	KN	Th	8.2.2.1	(KN 8.131) Thag 2.11 Mahācunda
romn/s0508m.mul.xml	143	Th 143-144	KN	Th	8.2.2.2	(KN 8.132) Thag 2.12 Jotidāsa
romn/s0508m.mul.xml	145	Th 145-146	KN	Th	8.2.2.3	(KN 8.133) Thag 2.13 Heraññakāni
romn/s0508m.mul.xml	147	Th 147-148	KN	Th	8.2.2.4	(KN 8.134) Thag 2.14 Somamitta
romn/s0508m.mul.xml	149	Th 149-150	KN	Th	8.2.2.5	(KN 8.135) Thag 2.15 Sabbamitta
romn/s0508m.mul.xml	151	Th 151-152	KN	Th	8.2.2.6	(KN 8.136) Thag 2.16 Mahākāla
romn/s0508m.mul.xml	153	Th 153-154	KN	Th	8.2.2.7	(KN 8.137) Thag 2.17 Tissa (3)
romn/s0508m.mul.xml	155	Th 155-156	KN	Th	8.2.2.8	(KN 8.138) Thag 2.18 Kimbila (2)
romn/s0508m.mul.xml	157	Th 157-158	KN	Th	8.2.2.9	(KN 8.139) Thag 2.19 Nanda
romn/s0508m.mul.xml	159	Th 159-160	KN	Th	8.2.2.10	(KN 8.140) Thag 2.20 Sirima
romn/s0508m.mul.xml	161	Th 161-162	KN	Th	8.2.3.1	(KN 8.141) Thag 2.21 Uttara (2)
romn/s0508m.mul.xml	163	Th 163-164	KN	Th	8.2.3.2	(KN 8.142) Thag 2.22 Bhaddaji
romn/s0508m.mul.xml	165	Th 165-166	KN	Th	8.2.3.3	(KN 8.143) Thag 2.23 Sobhita
romn/s0508m.mul.xml	167	Th 167-168	KN	Th	8.2.3.4	(KN 8.144) Thag 2.24 Valliya (3)
romn/s0508m.mul.xml	169	Th 169-170	KN	Th	8.2.3.5	(KN 8.145) Thag 2.25 Vitasoka
romn/s0508m.mul.xml	171	Th 171-172	KN	Th	8.2.3.6	(KN 8.146) Thag 2.26 Puṇṇamāsa (2)
romn/s0508m.mul.xml	173	Th 173-174	KN	Th	8.2.3.7	(KN 8.147) Thag 2.27 Nandaka
romn/s0508m.mul.xml	175	Th 175-176	KN	Th	8.2.3.8	(KN 8.148) Thag 2.28 Bharata
romn/s0508m.mul.xml	177	Th 177-178	KN	Th	8.2.3.9	(KN 8.149) Thag 2.29 Bhāradvāja
romn/s0508m.mul.xml	179	Th 179-180	KN	Th	8.2.3.10	(KN 8.150) Thag 2.30 Kaṇhadinna
romn/s0508m.mul.xml	181	Th 181-182	KN	Th	8.2.4.1	(KN 8.151) Thag 2.31 Migasira
romn/s0508m.mul.xml	183	Th 183-184	KN	Th	8.2.4.2	(KN 8.152) Thag 2.32 Sivaka
romn/s0508m.mul.xml	185	Th 185-186	KN	Th	8.2.4.3	(KN 8.153) Thag 2.33 Upavāna
romn/s0508m.mul.xml	187	Th 187-188	KN	Th	8.2.4.4	(KN 8.154) Thag 2.34 Isidinna
romn/s0508m.mul.xml	189	Th 189-190	KN	Th	8.2.4.5	(KN 8.155) Thag 2.35 Sambulakaccāna
romn/s0508m.mul.xml	191	Th 191-192	KN	Th	8.2.4.6	(KN 8.156) Thag 2.36 Khitaka (Nitaka)
romn/s0508m.mul.xml	193	Th 193-194	KN	Th	8.2.4.7	(KN 8.157) Thag 2.37 SoṇaPoṭiriyaputta (Soṇapoṭiriya)
romn/s0508m.mul.xml	195	Th 195-196	KN	Th	8.2.4.8	(KN 8.158) Thag 2.38 Nisabha
romn/s0508m.mul.xml	197	Th 197-198	KN	Th	8.2.4.9	(KN 8.159) Thag 2.39 Usabha (2)
romn/s0508m.mul.xml	199	Th 199-200	KN	Th	8.2.4.10	(KN 8.160) Thag 2.40 Kappaṭakura
romn/s0508m.mul.xml	201	Th 201-202	KN	Th	8.2.5.1	(KN 8.161) Thag 2.41 Kumārakassapa
romn/s0508m.mul.xml	203	Th 203-204	KN	Th	8.2.5.2	(KN 8.162) Thag 2.42 Dhammapāla
romn/s0508m.mul.xml	205	Th 205-206	KN	Th	8.2.5.3	(KN 8.163) Thag 2.43 Brahmāli
romn/s0508m.mul.xml	207	Th 207-208	KN	Th	8.2.5.4	(KN 8.164) Thag 2.44 Moghaarājā
romn/s0508m.mul.xml	209	Th 209-210	KN	Th	8.2.5.5	(KN 8.165) Thag 2.45 VisākhaPañcālīputta
romn/s0508m.mul.xml	211	Th 211-212	KN	Th	8.2.5.6	(KN 8.166) Thag 2.46 Cūḷaka
romn/s0508m.mul.xml	213	Th 213-214	KN	Th	8.2.5.7	(KN 8.167) Thag 2.47 Anūpama
romn/s0508m.mul.xml	215	Th 215-216	KN	Th	8.2.5.8	(KN 8.168) Thag 2.48 Vajjita
romn/s0508m.mul.xml	217	Th 217-218	KN	Th	8.2.5.9	(KN 8.169) Thag 2.49 Sandhita
romn/s0508m.mul.xml	219	Th 219-221	KN	Th	8.3.1.1	(KN 8.170) Thag 3.1 Aṅgaṇikabhāradvāja
romn/s0508m.mul.xml	222	Th 222-224	KN	Th	8.3.1.2	(KN 8.171) Thag 3.2 Paccaya
romn/s0508m.mul.xml	225	Th 225-227	KN	Th	8.3.1.3	(KN 8.172) Thag 3.3 Bākula
romn/s0508m.mul.xml	228	Th 228-230	KN	Th	8.3.1.4	(KN 8.173) Thag 3.4 Dhaniya
romn/s0508m.mul.xml	231	Th 231-233	KN	Th	8.3.1.5	(KN 8.174) Thag 3.5 Mātaṅgaputta
romn/s0508m.mul.xml	234	Th 234-236	KN	Th	8.3.1.6	(KN 8.175) Thag 3.6 Khujjasobhita
romn/s0508m.mul.xml	237	Th 237-239	KN	Th	8.3.1.7	(KN 8.176) Thag 3.7 Vāraṇa
romn/s0508m.mul.xml	240	Th 240-242	KN	Th	8.3.1.8	(KN 8.177) Thag 3.8 Passika (Vassika)
romn/s0508m.mul.xml	243	Th 243-245	KN	Th	8.3.1.9	(KN 8.178) Thag 3.9 Yasoja
romn/s0508m.mul.xml	246	Th 246-248	KN	Th	8.3.1.10	(KN 8.179) Thag 3.10 Sāṭimattiya
romn/s0508m.mul.xml	249	Th 249-251	KN	Th	8.3.1.11	(KN 8.180) Thag 3.11 Upāli
romn/s0508m.mul.xml	252	Th 252-254	KN	Th	8.3.1.12	(KN 8.181) Thag 3.12 Uttarapāla
romn/s0508m.mul.xml	255	Th 255-257	KN	Th	8.3.1.13	(KN 8.182) Thag 3.13 Abhibhūta
romn/s0508m.mul.xml	258	Th 258-260	KN	Th	8.3.1.14	(KN 8.183) Thag 3.14 Gotama (2)
romn/s0508m.mul.xml	261	Th 261-263	KN	Th	8.3.1.15	(KN 8.184) Thag 3.15 Hārita
romn/s0508m.mul.xml	264	Th 264-266	KN	Th	8.3.1.16	(KN 8.185) Thag 3.16 Vimala (2)
romn/s0508m.mul.xml	267	Th 267-270	KN	Th	8.4.1.1	(KN 8.186) Thag 4.1 Nāgasamāla
romn/s0508m.mul.xml	271	Th 271-274	KN	Th	8.4.1.2	(KN 8.187) Thag 4.2 Bhagu
romn/s0508m.mul.xml	275	Th 275-278	KN	Th	8.4.1.3	(KN 8.188) Thag 4.3 Sabhiya
romn/s0508m.mul.xml	279	Th 279-282	KN	Th	8.4.1.4	(KN 8.189) Thag 4.4 Nandaka (2)
romn/s0508m.mul.xml	283	Th 283-286	KN	Th	8.4.1.5	(KN 8.190) Thag 4.5 Jmbuka
romn/s0508m.mul.xml	287	Th 287-290	KN	Th	8.4.1.6	(KN 8.191) Thag 4.6 Senaka
romn/s0508m.mul.xml	291	Th 291-294	KN	Th	8.4.1.7	(KN 8.192) Thag 4.7 Sambhūta
romn/s0508m.mul.xml	295	Th 295-298	KN	Th	8.4.1.8	(KN 8.193) Thag 4.8 Rāhula
romn/s0508m.mul.xml	299	Th 299-302	KN	Th	8.4.1.9	(KN 8.194) Thag 4.9 Candana
romn/s0508m.mul.xml	303	Th 303-306	KN	Th	8.4.1.10	(KN 8.195) Thag 4.10 Dhammika
romn/s0508m.mul.xml	307	Th 307-310	KN	Th	8.4.1.11	(KN 8.196) Thag 4.11 Sappaka
romn/s0508m.mul.xml	311	Th 311-314	KN	Th	8.4.1.12	(KN 8.197) Thag 4.12 Mudita
romn/s0508m.mul.xml	315	Th 315-319	KN	Th	8.5.1.1	(KN 8.198) Thag 5.1 Rājadatta
romn/s0508m.mul.xml	320	Th 320-324	KN	Th	8.5.1.2	(KN 8.199) Thag 5.2 Subhūta
romn/s0508m.mul.xml	325	Th 325-329	KN	Th	8.5.1.3	(KN 8.200) Thag 5.3 Grimānanda
romn/s0508m.mul.xml	330	Th 330-334	KN	Th	8.5.1.4	(KN 8.201) Thag 5.4 Sumana
romn/s0508m.mul.xml	335	Th 335-339	KN	Th	8.5.1.5	(KN 8.202) Thag 5.5 Vaḍḍha
romn/s0508m.mul.xml	340	Th 340-344	KN	Th	8.5.1.6	(KN 8.203) Thag 5.6 Nadīkassapa
romn/s0508m.mul.xml	345	Th 345-349	KN	Th	8.5.1.7	(KN 8.204) Thag 5.7 Gayākassapa
romn/s0508m.mul.xml	350	Th 350-354	KN	Th	8.5.1.8	(KN 8.205) Thag 5.8 Vakkali
romn/s0508m.mul.xml	355	Th 355-359	KN	Th	8.5.1.9	(KN 8.206) Thag 5.9 Vijitasena
romn/s0508m.mul.xml	360	Th 360-364	KN	Th	8.5.1.10	(KN 8.207) Thag 5.10 Yasadatta
romn/s0508m.mul.xml	365	Th 365-369	KN	Th	8.5.1.11	(KN 8.208) Thag 5.11 SoṇoKuṭikaṇṇa
romn/s0508m.mul.xml	370	Th 370-374	KN	Th	8.5.1.12	(KN 8.209) Thag 5.12 Kosiya
romn/s0508m.mul.xml	375	Th 375-380	KN	Th	8.6.1.1	(KN 8.210) Thag 6.1 Uruveḷakassapa
romn/s0508m.mul.xml	381	Th 381-386	KN	Th	8.6.1.2	(KN 8.211) Thag 6.2 Tekicchakāri
romn/s0508m.mul.xml	387	Th 387-392	KN	Th	8.6.1.3	(KN 8.212) Thag 6.3 Mahānāga
romn/s0508m.mul.xml	393	Th 393-398	KN	Th	8.6.1.4	(KN 8.213) Thag 6.4 Kulla
romn/s0508m.mul.xml	399	Th 399-404	KN	Th	8.6.1.5	(KN 8.214) Thag 6.5 Māluṅkyaputta
romn/s0508m.mul.xml	405	Th 405-410	KN	Th	8.6.1.6	(KN 8.215) Thag 6.6 Sappadāsa
romn/s0508m.mul.xml	411	Th 411-416	KN	Th	8.6.1.7	(KN 8.216) Thag 6.7 Kātiyāna
romn/s0508m.mul.xml	417	Th 417-422	KN	Th	8.6.1.8	(KN 8.217) Thag 6.8 Migajāla
romn/s0508m.mul.xml	423	Th 423-428	KN	Th	8.6.1.9	(KN 8.218) Thag 6.9 JentaPurohitaputta (Purohitaputtajenta)
romn/s0508m.mul.xml	429	Th 429-434	KN	Th	8.6.1.10	(KN 8.219) Thag 6.10 Sumana (2)
romn/s0508m.mul.xml	435	Th 435-440	KN	Th	8.6.1.11	(KN 8.220) Thag 6.11 Nhātakamuni
romn/s0508m.mul.xml	441	Th 441-446	KN	Th	8.6.1.12	(KN 8.221) Thag 6.12 Brahmadatta
romn/s0508m.mul.xml	447	Th 447-452	KN	Th	8.6.1.13	(KN 8.222) Thag 6.13 Sirimaṇḍa
romn/s0508m.mul.xml	453	Th 453-458	KN	Th	8.6.1.14	(KN 8.223) Thag 6.14 Sabbakāmi
romn/s0508m.mul.xml	459	Th 459-465	KN	Th	8.7.1.1	(KN 8.224) Thag 7.1 Sundarasamudda
romn/s0508m.mul.xml	466	Th 466-472	KN	Th	8.7.1.2	(KN 8.225) Thag 7.2 Lakuṇṭaka (Lakuṇḍakabhaddiya)
romn/s0508m.mul.xml	473	Th 473-479	KN	Th	8.7.1.3	(KN 8.226) Thag 7.3 Bhadda
romn/s0508m.mul.xml	480	Th 480-486	KN	Th	8.7.1.4	(KN 8.227) Thag 7.4 Sopāka (2)
romn/s0508m.mul.xml	487	Th 487-493	KN	Th	8.7.1.5	(KN 8.228) Thag 7.5 Sarabhaṅga
romn/s0508m.mul.xml	494	Th 494-501	KN	Th	8.8.1.1	(KN 8.229) Thag 8.1 Mahākaccāyana
romn/s0508m.mul.xml	502	Th 502-509	KN	Th	8.8.1.2	(KN 8.230) Thag 8.2 Sirimitta
romn/s0508m.mul.xml	510	Th 510-517	KN	Th	8.8.1.3	(KN 8.231) Thag 8.3 Mahāpanthaka
romn/s0508m.mul.xml	518	Th 518-526	KN	Th	8.9.1.1	(KN 8.232) Thag 9.1 Bhūta
romn/s0508m.mul.xml	527	Th 527-536	KN	Th	8.10.1.1	(KN 8.233) Thag 10.1 Kāḷudāyī
romn/s0508m.mul.xml	537	Th 537-546	KN	Th	8.10.1.2	(KN 8.234) Thag 10.2 Ekavihāriya
romn/s0508m.mul.xml	547	Th 547-556	KN	Th	8.10.1.3	(KN 8.235) Thag 10.3 MahāKappina
romn/s0508m.mul.xml	557	Th 557-566	KN	Th	8.10.1.4	(KN 8.236) Thag 10.4 Cūḷapanthaka
romn/s0508m.mul.xml	567	Th 567-576	KN	Th	8.10.1.5	(KN 8.237) Thag 10.5 Kappa
romn/s0508m.mul.xml	577	Th 577-586	KN	Th	8.10.1.6	(KN 8.238) Thag 10.6 UpasenaVaṅgantaputta (Vaṅgantaputtaupasena)
romn/s0508m.mul.xml	587	Th 587-596	KN	Th	8.10.1.7	(KN 8.239) Thag 10.7 Gotama (Apara Gotama )
romn/s0508m.mul.xml	597	Th 597-607	KN	Th	8.11.1.1	(KN 8.240) Thag 11.1 Saṃkicca (Saṅkicca)
romn/s0508m.mul.xml	608	Th 608-619	KN	Th	8.12.1.1	(KN 8.241) Thag 12.1 Sīlava
romn/s0508m.mul.xml	620	Th 620-631	KN	Th	8.12.1.2	(KN 8.242) Thag 12.2 Sunīta
romn/s0508m.mul.xml	632	Th 632-644	KN	Th	8.13.1.1	(KN 8.243) Thag 13.1 SoṇaKoḷivisa
romn/s0508m.mul.xml	645	Th 645-658	KN	Th	8.14.1.1	(KN 8.244) Thag 14.1 Revata (Khadiravaniyarevata)
romn/s0508m.mul.xml	659	Th 659-672	KN	Th	8.14.1.2	(KN 8.245) Thag 14.2 Godatta
romn/s0508m.mul.xml	673	Th 673-688	KN	Th	8.15.1.1	(KN 8.246) Thag 15.1 AññāKoṇḍañña (Aññāsikoṇḍañña)
romn/s0508m.mul.xml	689	Th 689-704	KN	Th	8.15.1.2	(KN 8.247) Thag 15.2 Udāyī
romn/s0508m.mul.xml	705	Th 705-725	KN	Th	8.16.1.1	(KN 8.248) Thag 16.1 Adhimutta (2)
romn/s0508m.mul.xml	726	Th 726-746	KN	Th	8.16.1.2	(KN 8.249) Thag 16.2 Pārāpariya (2)
romn/s0508m.mul.xml	747	Th 747-768	KN	Th	8.16.1.3	(KN 8.250) Thag 16.3 Telakāni
romn/s0508m.mul.xml	769	Th 769-793	KN	Th	8.16.1.4	(KN 8.251) Thag 16.4 Raṭṭhapāla
romn/s0508m.mul.xml	794	Th 794-817	KN	Th	8.16.1.5	(KN 8.252) Thag 16.5 Māluṅkyaputta (2)
romn/s0508m.mul.xml	818	Th 818-841	KN	Th	8.16.1.6	(KN 8.253) Thag 16.6 Sela
romn/s0508m.mul.xml	842	Th 842-865	KN	Th	8.16.1.7	(KN 8.254) Thag 16.7 BhaddiyaKāḷigodhāyaputta (Kāḷigodhāputtabhaddiya)
romn/s0508m.mul.xml	866	Th 866-891	KN	Th	8.16.1.8	(KN 8.255) Thag 16.8 Aṅgulimāla
romn/s0508m.mul.xml	892	Th 892-919	KN	Th	8.16.1.9	(KN 8.256) Thag 16.9 Anuruddha
romn/s0508m.mul.xml	920	Th 920-948	KN	Th	8.16.1.10	(KN 8.257) Thag 16.10 Pārāpariya (3)
romn/s0508m.mul.xml	949	Th 949-980	KN	Th	8.17.1.1	(KN 8.258) Thag 17.1 Phussa
romn/s0508m.mul.xml	981	Th 981-1017	KN	Th	8.17.1.2	(KN 8.259) Thag 17.2 Sāriputta
romn/s0508m.mul.xml	1017	Th 1018-1050	KN	Th	8.17.1.3	(KN 8.260) Thag 17.3 Ānanda
romn/s0508m.mul.xml	1054	Th 1051-1090	KN	Th	8.18.1.1	(KN 8.261) Thag 18.1 MahāKassapa
romn/s0508m.mul.xml	1094	Th 1091-1145	KN	Th	8.19.1.1	(KN 8.262) Thag 19.1 Tālapuṭa
romn/s0508m.mul.xml	1149	Th 1146-1208	KN	Th	8.20.1.1	(KN 8.263) Thag 20.1 MahāMoggallāna
romn/s0508m.mul.xml	1218	Th 1209-1279	KN	Th	8.21.1.1	(KN 8.264) Thag 21.1 Vaṅgīsa
romn/s0509m.mul.xml	1	Thī 1	KN	Thī	9.1.1	(KN 9.1) Thig 1.1 Aññatarā
romn/s0509m.mul.xml	2	Thī 2	KN	Thī	9.1.2	(KN 9.2) Thig 1.2 Muttā
romn/s0509m.mul.xml	3	Thī 3	KN	Thī	9.1.3	(KN 9.3) Thig 1.3 Puṇṇā
romn/s0509m.mul.xml	4	Thī 4	KN	Thī	9.1.4	(KN 9.4) Thig 1.4 Tissā
romn/s0509m.mul.xml	5	Thī 5	KN	Thī	9.1.5	(KN 9.5) Thig 1.5 Aññatarātissā
romn/s0509m.mul.xml	6	Thī 6	KN	Thī	9.1.6	(KN 9.6) Thig 1.6 Dhīrā
romn/s0509m.mul.xml	7	Thī 7	KN	Thī	9.1.7	(KN 9.7) Thig 1.7 Vīrā
romn/s0509m.mul.xml	8	Thī 8	KN	Thī	9.1.8	(KN 9.8) Thig 1.8 Mittā
romn/s0509m.mul.xml	9	Thī 9	KN	Thī	9.1.9	(KN 9.9) Thig 1.9 Bhadrā
romn/s0509m.mul.xml	10	Thī 10	KN	Thī	9.1.10	(KN 9.10) Thig 1.10 Upasamā
romn/s0509m.mul.xml	11	Thī 11	KN	Thī	9.1.11	(KN 9.11) Thig 1.11 Muttā (2)
romn/s0509m.mul.xml	12	Thī 12	KN	Thī	9.1.12	(KN 9.12) Thig 1.12 Dhammadinnā
romn/s0509m.mul.xml	13	Thī 13	KN	Thī	9.1.13	(KN 9.13) Thig 1.13 Visākhā
romn/s0509m.mul.xml	14	Thī 14	KN	Thī	9.1.14	(KN 9.14) Thig 1.14 Sumanā
romn/s0509m.mul.xml	15	Thī 15	KN	Thī	9.1.15	(KN 9.15) Thig 1.15 Uttarā
romn/s0509m.mul.xml	16	Thī 16	KN	Thī	9.1.16	(KN 9.16) Thig 1.16 Sumanāvuḍḍhapabbajitā (Vuḍḍhapabbajitasumanā )
romn/s0509m.mul.xml	17	Thī 17	KN	Thī	9.1.17	(KN 9.17) Thig 1.17 Dhammā
romn/s0509m.mul.xml	18	Thī 18	KN	Thī	9.1.18	(KN 9.18) Thig 1.18 Saṅghā
romn/s0509m.mul.xml	19	Thī 19-20	KN	Thī	9.2.1	(KN 9.19) Thig 2.1 Abhirūpanandā
romn/s0509m.mul.xml	21	Thī 21-22	KN	Thī	9.2.2	(KN 9.20) Thig 2.2 Jentā (Jentī)
romn/s0509m.mul.xml	23	Thī 23-24	KN	Thī	9.2.3	(KN 9.21) Thig 2.3 Sumaṅgalamātā
romn/s0509m.mul.xml	25	Thī 25-26	KN	Thī	9.2.4	(KN 9.22) Thig 2.4 Aḍḍhakāsi
romn/s0509m.mul.xml	27	Thī 27-28	KN	Thī	9.2.5	(KN 9.23) Thig 2.5 Cittā
romn/s0509m.mul.xml	29	Thī 29-30	KN	Thī	9.2.6	(KN 9.24) Thig 2.6 Mettikā
romn/s0509m.mul.xml	31	Thī 31-32	KN	Thī	9.2.7	(KN 9.25) Thig 2.7 Mittā (2)
romn/s0509m.mul.xml	33	Thī 33-34	KN	Thī	9.2.8	(KN 9.26) Thig 2.8 Abhayamātu
romn/s0509m.mul.xml	35	Thī 35-36	KN	Thī	9.2.9	(KN 9.27) Thig 2.9 Abhayā
romn/s0509m.mul.xml	37	Thī 37-38	KN	Thī	9.3.1	(KN 9.28) Thig 3.1 Sāmā
romn/s0509m.mul.xml	39	Thī 39-41	KN	Thī	9.3.2	(KN 9.29) Thig 3.2 Aparāsāmā
romn/s0509m.mul.xml	42	Thī 42-44	KN	Thī	9.3.3	(KN 9.30) Thig 3.3 Uttamā
romn/s0509m.mul.xml	45	Thī 45-47	KN	Thī	9.3.4	(KN 9.31) Thig 3.4 Aparāuttamā
romn/s0509m.mul.xml	48	Thī 48-50	KN	Thī	9.3.5	(KN 9.32) Thig 3.5 Dantikā
romn/s0509m.mul.xml	51	Thī 51-53	KN	Thī	9.3.6	(KN 9.33) Thig 3.6 Ubbirī
romn/s0509m.mul.xml	54	Thī 54-56	KN	Thī	9.3.7	(KN 9.34) Thig 3.7 Sukkā
romn/s0509m.mul.xml	57	Thī 57-59	KN	Thī	9.3.8	(KN 9.35) Thig 3.8 Selā
romn/s0509m.mul.xml	60	Thī 60-62	KN	Thī	9.3.9	(KN 9.36) Thig 3.9 Somā
romn/s0509m.mul.xml	63	Thī 63-66	KN	Thī	9.4.1	(KN 9.37) Thig 4.1 Bhaddākāpilānī
romn/s0509m.mul.xml	67	Thī 67-71	KN	Thī	9.5.1	(KN 9.38) Thig 5.1 Aññatara (2)
romn/s0509m.mul.xml	72	Thī 72-76	KN	Thī	9.5.2	(KN 9.39) Thig 5.2 Vimalā
romn/s0509m.mul.xml	77	Thī 77-81	KN	Thī	9.5.3	(KN 9.40) Thig 5.3 Sīhā
romn/s0509m.mul.xml	82	Thī 82-86	KN	Thī	9.5.4	(KN 9.41) Thig 5.4 Sundarīnandā
romn/s0509m.mul.xml	87	Thī 87-91	KN	Thī	9.5.5	(KN 9.42) Thig 5.5 Nanduttarā
romn/s0509m.mul.xml	92	Thī 92-96	KN	Thī	9.5.6	(KN 9.43) Thig 5.6 Mittakālī
romn/s0509m.mul.xml	97	Thī 97-101	KN	Thī	9.5.7	(KN 9.44) Thig 5.7 Sakulā (Pakulā)
romn/s0509m.mul.xml	102	Thī 102-106	KN	Thī	9.5.8	(KN 9.45) Thig 5.8 Soṇā
romn/s0509m.mul.xml	107	Thī 107-111	KN	Thī	9.5.9	(KN 9.46) Thig 5.9 Bhaddākuṇḍalakesā
romn/s0509m.mul.xml	112	Thī 112-116	KN	Thī	9.5.10	(KN 9.47) Thig 5.10 Paṭācārā
romn/s0509m.mul.xml	117	Thī 117-121	KN	Thī	9.5.11	(KN 9.48) Thig 5.11 Tiṁsamattā
romn/s0509m.mul.xml	122	Thī 122-126	KN	Thī	9.5.12	(KN 9.49) Thig 5.12 Candā
romn/s0509m.mul.xml	127	Thī 127-132	KN	Thī	9.6.1	(KN 9.50) Thig 6.1 Pañcasatamattā
romn/s0509m.mul.xml	133	Thī 133-138	KN	Thī	9.6.2	(KN 9.51) Thig 6.2 Vāsetthī (Vāsitthī)
romn/s0509m.mul.xml	139	Thī 139-144	KN	Thī	9.6.3	(KN 9.52) Thig 6.3 Khemā
romn/s0509m.mul.xml	145	Thī 145-150	KN	Thī	9.6.4	(KN 9.53) Thig 6.4 Sujātā
romn/s0509m.mul.xml	151	Thī 151-156	KN	Thī	9.6.5	(KN 9.54) Thig 6.5 Anopamā
romn/s0509m.mul.xml	157	Thī 157-162	KN	Thī	9.6.6	(KN 9.55) Thig 6.6 Mahāpajāpatigotamī
romn/s0509m.mul.xml	163	Thī 163-168	KN	Thī	9.6.7	(KN 9.56) Thig 6.7 Guttā
romn/s0509m.mul.xml	169	Thī 169-174	KN	Thī	9.6.8	(KN 9.57) Thig 6.8 Vijayā
romn/s0509m.mul.xml	175	Thī 175-181	KN	Thī	9.7.1	(KN 9.58) Thig 7.1 Uttarā (2)
romn/s0509m.mul.xml	182	Thī 182-188	KN	Thī	9.7.2	(KN 9.59) Thig 7.2 Cālā
romn/s0509m.mul.xml	189	Thī 189-195	KN	Thī	9.7.3	(KN 9.60) Thig 7.3 Upacālā
romn/s0509m.mul.xml	196	Thī 196-203	KN	Thī	9.8.1	(KN 9.61) Thig 8.1 Sīsupacālā
romn/s0509m.mul.xml	204	Thī 204-212	KN	Thī	9.9.1	(KN 9.62) Thig 9.1 Vaḍḍhamātu
romn/s0509m.mul.xml	213	Thī 213-223	KN	Thī	9.10.1	(KN 9.63) Thig 10.1 Kisāgotamī
romn/s0509m.mul.xml	224	Thī 224-235	KN	Thī	9.11.1	(KN 9.64) Thig 11.1 Uppalavaṇṇā
romn/s0509m.mul.xml	236	Thī 236-251	KN	Thī	9.12.1	(KN 9.65) Thig 12.1 Puṇṇikā (Puṇṇā)
romn/s0509m.mul.xml	252	Thī 252-270	KN	Thī	9.13.1	(KN 9.66) Thig 13.1 Ambapālī
romn/s0509m.mul.xml	271	Thī 271-290	KN	Thī	9.13.2	(KN 9.67) Thig 13.2 Rohiṇī
romn/s0509m.mul.xml	292	Thī 291-311	KN	Thī	9.13.3	(KN 9.68) Thig 13.3 Cāpā
romn/s0509m.mul.xml	313	Thī 312-337	KN	Thī	9.13.4	(KN 9.69) Thig 13.4 Sundarī
romn/s0509m.mul.xml	339	Thī 338-365	KN	Thī	9.13.5	(KN 9.70) Thig 13.5 Subhā
romn/s0509m.mul.xml	368	Thī 366-399	KN	Thī	9.14.1	(KN 9.71) Thig 14.1 Subhājīvakambavanikā (Subhā)
romn/s0509m.mul.xml	402	Thī 400-447	KN	Thī	9.15.1	(KN 9.72) Thig 15.1 Isidāsī
romn/s0509m.mul.xml	450	Thī 448-522	KN	Thī	9.16.1	(KN 9.73) Thig 16.1 Sumedhā
romn/s0515m.mul.xml	1	Nidd I 1	KN	Nidd I		(Mnd 1) Nd 1 1 Kāmasuttaniddesa
romn/s0515m.mul.xml	7	Nidd I 2	KN	Nidd I		(Mnd 2) Nd 1 2 Guhaṭṭhakasuttaniddesa
romn/s0515m.mul.xml	15	Nidd I 3	KN	Nidd I		(Mnd 3) Nd 1 3 Duṭṭhaṭṭhakasuttaniddesa
romn/s0515m.mul.xml	23	Nidd I 4	KN	Nidd I		(Mnd 4) Nd 1 4 Suddhaṭṭhakasuttaniddesa
romn/s0515m.mul.xml	31	Nidd I 5	KN	Nidd I		(Mnd 5) Nd 1 5 Paramaṭṭhakasuttaniddesa
romn/s0515m.mul.xml	39	Nidd I 6	KN	Nidd I		(Mnd 6) Nd 1 6 Jarāsuttaniddesa
romn/s0515m.mul.xml	49	Nidd I 7	KN	Nidd I		(Mnd 7) Nd 1 7 Tissametteyyasuttaniddesa
romn/s0515m.mul.xml	59	Nidd I 8	KN	Nidd I		(Mnd 8) Nd 1 8 Pasūrasuttaniddesa
romn/s0515m.mul.xml	70	Nidd I 9	KN	Nidd I		(Mnd 9) Nd 1 9 Māgaṇḍiyasuttaniddesa
romn/s0515m.mul.xml	83	Nidd I 10	KN	Nidd I		(Mnd 10) Nd 1 10 Purābhedasuttaniddesa
romn/s0515m.mul.xml	97	Nidd I 11	KN	Nidd I		(Mnd 11) Nd 1 11 Kalahavivādasuttaniddesa
romn/s0515m.mul.xml	113	Nidd I 12	KN	Nidd I		(Mnd 12) Nd 1 12 Cūḷabyūhasuttaniddesa
romn/s0515m.mul.xml	130	Nidd I 13	KN	Nidd I		(Mnd 13) Nd 1 13 Mahābyūhasuttaniddesa
romn/s0515m.mul.xml	150	Nidd I 14	KN	Nidd I		(Mnd 14) Nd 1 14 Tuvaṭakasuttaniddesa
romn/s0515m.mul.xml	170	Nidd I 15	KN	Nidd I		(Mnd 15) Nd 1 15 Attadaṇḍasuttaniddesa
romn/s0515m.mul.xml	190	Nidd I 16	KN	Nidd I		(Mnd 16) Nd 1 16 Sāriputtasuttaniddesa
